Protocollo;Gruppo;DataOraIncidente;Localizzazione1;STRADA1;Localizzazione2;STRADA2;Strada02;Chilometrica;DaSpecificare;NaturaIncidente;particolaritastrade;TipoStrada;FondoStradale;Pavimentazione;Segnaletica;CondizioneAtmosferica;Traffico;Visibilita;Illuminazione;NUM_FERITI;NUM_RISERVATA;NUM_MORTI;NUM_ILLESI;Longitudine;Latitudine;Confermato;Progressivo;TipoVeicolo;StatoVeicolo;TipoPersona;Sesso;Tipolesione;Deceduto;DecedutoDopo;CinturaCascoUtilizzato;Airbag
2884226;7;01/07/2016 21:15;Strada Urbana;VIA PIETRO FUMAROLI;all'intersezione con;VIA ARISTIDE STADERINI;VIA ARISTIDE STADERINI;;;Scontro frontale/laterale SX fra veicoli in marcia;Incrocio;Una carreggiata a senso unico di marcia;Asciutto;Asfaltata;Verticale;Sereno;Scarso;Sufficiente;Insufficiente;3;0;0;1;12.58722;41.8916;-1;2;Autovettura privata;In marcia / fermata / arresto;Passeggero;F;Rimandato;0;NON DECEDUTO;Non accertato;Inesploso
2884226;7;01/07/2016 21:15;Strada Urbana;VIA PIETRO FUMAROLI;all'intersezione con;VIA ARISTIDE STADERINI;VIA ARISTIDE STADERINI;;;Scontro frontale/laterale SX fra veicoli in marcia;Incrocio;Una carreggiata a senso unico di marcia;Asciutto;Asfaltata;Verticale;Sereno;Scarso;Sufficiente;Insufficiente;3;0;0;1;12.58722;41.8916;-1;2;Autovettura privata;In marcia / fermata / arresto;Passeggero;M;Illeso;0;;Non accertato;Inesploso
2884236;19;01/07/2016 18:20;Strada Urbana;VIA DELLA VALLE DEI FONTANILI;in prossimità;;del civico n.;47;;Tamponamento;Rettilineo;Una carreggiata a doppio senso;Asciutto;Asfaltata;Orizzontale;Sereno;Normale;Buona;Ore Diurne;1;0;0;3;12.40932;41.9235;-1;1;Autovettura privata;In marcia / fermata / arresto;Conducente;M;Illeso;0;;Non accertato;Inesploso
2884236;19;01/07/2016 18:20;Strada Urbana;VIA DELLA VALLE DEI FONTANILI;in prossimità;;del civico n.;47;;Tamponamento;Rettilineo;Una carreggiata a doppio senso;Asciutto;Asfaltata;Orizzontale;Sereno;Normale;Buona;Ore Diurne;1;0;0;3;12.40932;41.9235;-1;1;Autovettura privata;In marcia / fermata / arresto;Passeggero;F;Rimandato;0;NON DECEDUTO;Non accertato;Inesploso
2884236;19;01/07/2016 18:20;Strada Urbana;VIA DELLA VALLE DEI FONTANILI;in prossimità;;del civico n.;47;;Tamponamento;Rettilineo;Una carreggiata a doppio senso;Asciutto;Asfaltata;Orizzontale;Sereno;Normale;Buona;Ore Diurne;1;0;0;3;12.40932;41.9235;-1;2;Autocarro inferiore 35 q.;In marcia / fermata / arresto;Conducente;M;Illeso;0;;Non accertato;Esploso
2884236;19;01/07/2016 18:20;Strada Urbana;VIA DELLA VALLE DEI FONTANILI;in prossimità;;del civico n.;47;;Tamponamento;Rettilineo;Una carreggiata a doppio senso;Asciutto;Asfaltata;Orizzontale;Sereno;Normale;Buona;Ore Diurne;1;0;0;3;12.40932;41.9235;-1;2;Autocarro inferiore 35 q.;In marcia / fermata / arresto;Passeggero;M;Illeso;0;;Non accertato;Inesploso
2884244;19;02/07/2016 01:45;Strada Urbana;PIAZZALE DELLE BELLE ARTI;in prossimità;;del civico n.;1;;Tamponamento;Rettilineo;Una carreggiata a doppio senso;Asciutto;Asfaltata;Orizzontale;Sereno;Scarso;Buona;Sufficiente;1;0;0;1;12.47201;41.91865;-1;1;Motociclo a solo;In marcia / fermata / arresto;Conducente;M;Illeso;0;;;
2884244;19;02/07/2016 01:45;Strada Urbana;PIAZZALE DELLE BELLE ARTI;in prossimità;;del civico n.;1;;Tamponamento;Rettilineo;Una carreggiata a doppio senso;Asciutto;Asfaltata;Orizzontale;Sereno;Scarso;Buona;Sufficiente;1;0;0;1;12.47201;41.91865;-1;2;Motociclo a solo;In marcia / fermata / arresto;Conducente;M;Rimandato;0;NON DECEDUTO;;
2884266;12;01/07/2016 20:20;Provinciale entro l'abitato;VIA LAURENTINA;da specificare;;;;in corrispondenza della palina ACEA 281;Veicolo in marcia contro ostacolo accidentale;Rettilineo;Due carreggiate;Asciutto;Asfaltata;Verticale ed orizzontale;Sereno;Normale;Buona;Ore Diurne;0;0;0;2;12.48147;41.8018;-1;1;Autovettura privata;In marcia / fermata / arresto;Conducente;M;Illeso;0;;Utilizzato;Inesploso
2884266;12;01/07/2016 20:20;Provinciale entro l'abitato;VIA LAURENTINA;da specificare;;;;in corrispondenza della palina ACEA 281;Veicolo in marcia contro ostacolo accidentale;Rettilineo;Due carreggiate;Asciutto;Asfaltata;Verticale ed orizzontale;Sereno;Normale;Buona;Ore Diurne;0;0;0;2;12.48147;41.8018;-1;1;Autovettura privata;In marcia / fermata / arresto;Passeggero;F;Illeso;0;;Utilizzato;Inesploso
2884267;18;01/07/2016 13:20;Strada Urbana;VIA MATTIA BATTISTINI;in prossimità;;del civico n.;31;;Tamponamento Multiplo;Rettilineo;Una carreggiata a doppio senso;Asciutto;Asfaltata;Verticale ed orizzontale;Sereno;Normale;Sufficiente;Ore Diurne;0;0;0;6;12.41153;41.90584;-1;1;Autovettura privata;In marcia / fermata / arresto;Conducente;F;Illeso;0;;;
2884267;18;01/07/2016 13:20;Strada Urbana;VIA MATTIA BATTISTINI;in prossimità;;del civico n.;31;;Tamponamento Multiplo;Rettilineo;Una carreggiata a doppio senso;Asciutto;Asfaltata;Verticale ed orizzontale;Sereno;Normale;Sufficiente;Ore Diurne;0;0;0;6;12.41153;41.90584;-1;2;Autovettura privata;In marcia / fermata / arresto;Conducente;M;Illeso;0;;;
2884267;18;01/07/2016 13:20;Strada Urbana;VIA MATTIA BATTISTINI;in prossimità;;del civico n.;31;;Tamponamento Multiplo;Rettilineo;Una carreggiata a doppio senso;Asciutto;Asfaltata;Verticale ed orizzontale;Sereno;Normale;Sufficiente;Ore Diurne;0;0;0;6;12.41153;41.90584;-1;3;Autovettura privata;In marcia / fermata / arresto;Conducente;M;Illeso;0;;;
2884267;18;01/07/2016 13:20;Strada Urbana;VIA MATTIA BATTISTINI;in prossimità;;del civico n.;31;;Tamponamento Multiplo;Rettilineo;Una carreggiata a doppio senso;Asciutto;Asfaltata;Verticale ed orizzontale;Sereno;Normale;Sufficiente;Ore Diurne;0;0;0;6;12.41153;41.90584;-1;3;Autovettura privata;In marcia / fermata / arresto;Passeggero;F;Illeso;0;;;
2884267;18;01/07/2016 13:20;Strada Urbana;VIA MATTIA BATTISTINI;in prossimità;;del civico n.;31;;Tamponamento Multiplo;Rettilineo;Una carreggiata a doppio senso;Asciutto;Asfaltata;Verticale ed orizzontale;Sereno;Normale;Sufficiente;Ore Diurne;0;0;0;6;12.41153;41.90584;-1;3;Autovettura privata;In marcia / fermata / arresto;Passeggero;M;Illeso;0;;;
2884275;18;01/07/2016 14:20;Statale;VIA AURELIA;in prossimità;;della chilometrica;19.9;;Veicolo in marcia contro veicoli in sosta;Rettilineo;Due carreggiate;Asciutto;Asfaltata;Verticale ed orizzontale;Sereno;Intenso;Buona;Ore Diurne;1;0;0;0;12.29119;41.89485;-1;1;Motociclo a solo;In marcia / fermata / arresto;Conducente;M;Rimandato;0;NON DECEDUTO;;
2884277;18;01/07/2016 17:40;Strada Urbana;VIA DI CASAL DEL MARMO;in prossimità;;del civico n.;750;;Scontro frontale/laterale SX fra veicoli in marcia;Rettilineo;Una carreggiata a doppio senso;Asciutto;Asfaltata;Verticale ed orizzontale;Sereno;Normale;Buona;Ore Diurne;1;0;0;1;12.38375;41.91675;-1;1;Motociclo a solo;In marcia / fermata / arresto;Conducente;M;Rimandato;0;NON DECEDUTO;Non accertato;
2884277;18;01/07/2016 17:40;Strada Urbana;VIA DI CASAL DEL MARMO;in prossimità;;del civico n.;750;;Scontro frontale/laterale SX fra veicoli in marcia;Rettilineo;Una carreggiata a doppio senso;Asciutto;Asfaltata;Verticale ed orizzontale;Sereno;Normale;Buona;Ore Diurne;1;0;0;1;12.38375;41.91675;-1;2;Autovettura privata;In marcia / fermata / arresto;Conducente;F;Illeso;0;;Non accertato;Inesploso
2884282;7;02/07/2016 10:40;Strada Urbana;VIA DEL FOSSO DI CENTOCELLE;all'intersezione con;VIA DEI GIRASOLI;VIA DEI GIRASOLI;;;Scontro frontale/laterale SX fra veicoli in marcia;Intersezione stradale segnalata;Due carreggiate;Asciutto;Asfaltata;Verticale ed orizzontale;Sereno;Normale;Buona;Ore Diurne;1;0;0;1;12.57366;41.87955;-1;1;Autovettura privata;In marcia / fermata / arresto;Conducente;F;Rimandato;0;NON DECEDUTO;Non accertato;Inesploso
2884282;7;02/07/2016 10:40;Strada Urbana;VIA DEL FOSSO DI CENTOCELLE;all'intersezione con;VIA DEI GIRASOLI;VIA DEI GIRASOLI;;;Scontro frontale/laterale SX fra veicoli in marcia;Intersezione stradale segnalata;Due carreggiate;Asciutto;Asfaltata;Verticale ed orizzontale;Sereno;Normale;Buona;Ore Diurne;1;0;0;1;12.57366;41.87955;-1;2;Autovettura privata;In marcia / fermata / arresto;Conducente;M;Illeso;0;;Non accertato;Inesploso
2884287;7;03/07/2016 20:00;Strada Urbana;VIA CASILINA;da specificare;;;;in corrispondenza del palo luce n. 345;Tamponamento Multiplo;Rettilineo;Una carreggiata a doppio senso;Asciutto;Asfaltata;Orizzontale;Sereno;Normale;Buona;Ore Diurne;1;0;0;3;12.60933;41.86405;-1;1;Autovettura privata;In marcia / fermata / arresto;Conducente;M;Illeso;0;;Non accertato;Inesploso
2884287;7;03/07/2016 20:00;Strada Urbana;VIA CASILINA;da specificare;;;;in corrispondenza del palo luce n. 345;Tamponamento Multiplo;Rettilineo;Una carreggiata a doppio senso;Asciutto;Asfaltata;Orizzontale;Sereno;Normale;Buona;Ore Diurne;1;0;0;3;12.60933;41.86405;-1;1;Autovettura privata;In marcia / fermata / arresto;Passeggero;M;Illeso;0;;Non accertato;Inesploso
2884287;7;03/07/2016 20:00;Strada Urbana;VIA CASILINA;da specificare;;;;in corrispondenza del palo luce n. 345;Tamponamento Multiplo;Rettilineo;Una carreggiata a doppio senso;Asciutto;Asfaltata;Orizzontale;Sereno;Normale;Buona;Ore Diurne;1;0;0;3;12.60933;41.86405;-1;2;Autovettura privata;In marcia / fermata / arresto;Conducente;M;Rimandato;0;NON DECEDUTO;Non accertato;Inesploso
2884287;7;03/07/2016 20:00;Strada Urbana;VIA CASILINA;da specificare;;;;in corrispondenza del palo luce n. 345;Tamponamento Multiplo;Rettilineo;Una carreggiata a doppio senso;Asciutto;Asfaltata;Orizzontale;Sereno;Normale;Buona;Ore Diurne;1;0;0;3;12.60933;41.86405;-1;3;Autovettura privata;In marcia / fermata / arresto;Conducente;M;Illeso;0;;Non accertato;Esploso
2884301;17;01/07/2016 09:25;Strada Urbana;VIA LUIGI SETTEMBRINI;in prossimità;;del civico n.;27;;Investimento di pedone;Rettilineo;Due carreggiate;Asciutto;Asfaltata;Verticale ed orizzontale;Sereno;Intenso;Buona;Ore Diurne;1;0;0;1;12.46579;41.91508;-1;;;;Pedone;F;Rimandato;0;NON DECEDUTO;;
2884301;17;01/07/2016 09:25;Strada Urbana;VIA LUIGI SETTEMBRINI;in prossimità;;del civico n.;27;;Investimento di pedone;Rettilineo;Due carreggiate;Asciutto;Asfaltata;Verticale ed orizzontale;Sereno;Intenso;Buona;Ore Diurne;1;0;0;1;12.46579;41.91508;-1;1;Autovettura privata;In marcia / fermata / arresto;Conducente;M;Illeso;0;;;
2884311;4;02/07/2016 19:10;Strada Urbana;VIA NOMENTANA;in corrispondenza;;del civico n.;685/e;;Veicolo in marcia contro ostacolo fisso;Rettilineo;Una carreggiata a doppio senso;Asciutto;Asfaltata;Orizzontale;Sereno;Normale;Buona;Ore Diurne;0;0;0;1;12.53929;41.93725;-1;1;Autovettura privata;In marcia / fermata / arresto;Conducente;M;Illeso;0;;Non accertato;
2884323;12;02/07/2016 11:35;Strada Urbana;VIALE DELL'OCEANO INDIANO;in prossimità;;del civico n.;35;;Tamponamento;Rettilineo;Una carreggiata a doppio senso;Asciutto;Asfaltata;Verticale ed orizzontale;Sereno;Scarso;Buona;Ore Diurne;1;0;0;1;12.45037;41.82566;-1;1;Autovettura privata;In marcia / fermata / arresto;Conducente;F;Rimandato;0;NON DECEDUTO;Utilizzato;Inesploso
2884323;12;02/07/2016 11:35;Strada Urbana;VIALE DELL'OCEANO INDIANO;in prossimità;;del civico n.;35;;Tamponamento;Rettilineo;Una carreggiata a doppio senso;Asciutto;Asfaltata;Verticale ed orizzontale;Sereno;Scarso;Buona;Ore Diurne;1;0;0;1;12.45037;41.82566;-1;2;Autovettura privata;In marcia / fermata / arresto;Conducente;F;Illeso;0;;Utilizzato;Inesploso
2884333;19;02/07/2016 10:20;Strada Urbana;VIA MATTIA BATTISTINI;in prossimità;;del civico n.;252;;Scontro frontale/laterale SX fra veicoli in marcia;Rettilineo;Una carreggiata a doppio senso;Asciutto;Asfaltata;Orizzontale;Sereno;Normale;Buona;Ore Diurne;1;0;0;1;12.41843;41.91653;-1;1;Autovettura privata;In marcia / fermata / arresto;Conducente;F;Illeso;0;;;
2884333;19;02/07/2016 10:20;Strada Urbana;VIA MATTIA BATTISTINI;in prossimità;;del civico n.;252;;Scontro frontale/laterale SX fra veicoli in marcia;Rettilineo;Una carreggiata a doppio senso;Asciutto;Asfaltata;Orizzontale;Sereno;Normale;Buona;Ore Diurne;1;0;0;1;12.41843;41.91653;-1;2;Motociclo a solo;In marcia / fermata / arresto;Conducente;M;Rimandato;0;NON DECEDUTO;;
2884339;4;03/07/2016 18:10;Strada Urbana;VIA JACOPO SANNAZZARO;all'intersezione con;VIA PIZZO BERNINA;VIA PIZZO BERNINA;;;Tamponamento;Intersezione stradale segnalata;Due carreggiate;Asciutto;Asfaltata;Verticale;Sereno;Normale;Buona;Ore Diurne;0;0;0;3;12.54088;41.9391;-1;1;Autovettura privata;In marcia / fermata / arresto;Conducente;M;Illeso;0;;Non accertato;
2884339;4;03/07/2016 18:10;Strada Urbana;VIA JACOPO SANNAZZARO;all'intersezione con;VIA PIZZO BERNINA;VIA PIZZO BERNINA;;;Tamponamento;Intersezione stradale segnalata;Due carreggiate;Asciutto;Asfaltata;Verticale;Sereno;Normale;Buona;Ore Diurne;0;0;0;3;12.54088;41.9391;-1;1;Autovettura privata;In marcia / fermata / arresto;Passeggero;M;Illeso;0;;Non accertato;
2884339;4;03/07/2016 18:10;Strada Urbana;VIA JACOPO SANNAZZARO;all'intersezione con;VIA PIZZO BERNINA;VIA PIZZO BERNINA;;;Tamponamento;Intersezione stradale segnalata;Due carreggiate;Asciutto;Asfaltata;Verticale;Sereno;Normale;Buona;Ore Diurne;0;0;0;3;12.54088;41.9391;-1;2;Autovettura privata;In marcia / fermata / arresto;Conducente;M;Illeso;0;;Non accertato;
2884348;7;02/07/2016 10:30;Strada Urbana;VIA TOR DE' SCHIAVI;all'intersezione con;VIA DELLE ALBIZZIE;VIA DELLE ALBIZZIE;;;Investimento di pedone;Incrocio;Una carreggiata a doppio senso;Asciutto;Asfaltata;Orizzontale;Sereno;Normale;Buona;Ore Diurne;1;0;0;1;12.5629;41.88424;-1;;;;Pedone;F;Rimandato;0;NON DECEDUTO;;
2884348;7;02/07/2016 10:30;Strada Urbana;VIA TOR DE' SCHIAVI;all'intersezione con;VIA DELLE ALBIZZIE;VIA DELLE ALBIZZIE;;;Investimento di pedone;Incrocio;Una carreggiata a doppio senso;Asciutto;Asfaltata;Orizzontale;Sereno;Normale;Buona;Ore Diurne;1;0;0;1;12.5629;41.88424;-1;1;Autovettura privata;In marcia / fermata / arresto;Conducente;M;Illeso;0;;Non accertato;Inesploso
2884353;4;02/07/2016 06:30;Statale;VIA SALARIA;da specificare;;;;fronte accesso autostrada Roma -Firenze dir. Roma ;Scontro frontale/laterale SX fra veicoli in marcia;Rettilineo;Due carreggiate;Asciutto;Asfaltata;Verticale ed orizzontale;Sereno;Scarso;Buona;Ore Diurne;2;0;0;2;12.50624;41.96289;-1;1;Autovettura privata;In marcia / fermata / arresto;Conducente;M;Illeso;0;;;
2884353;4;02/07/2016 06:30;Statale;VIA SALARIA;da specificare;;;;fronte accesso autostrada Roma -Firenze dir. Roma ;Scontro frontale/laterale SX fra veicoli in marcia;Rettilineo;Due carreggiate;Asciutto;Asfaltata;Verticale ed orizzontale;Sereno;Scarso;Buona;Ore Diurne;2;0;0;2;12.50624;41.96289;-1;1;Autovettura privata;In marcia / fermata / arresto;Passeggero;F;Illeso;0;;;
2884353;4;02/07/2016 06:30;Statale;VIA SALARIA;da specificare;;;;fronte accesso autostrada Roma -Firenze dir. Roma ;Scontro frontale/laterale SX fra veicoli in marcia;Rettilineo;Due carreggiate;Asciutto;Asfaltata;Verticale ed orizzontale;Sereno;Scarso;Buona;Ore Diurne;2;0;0;2;12.50624;41.96289;-1;2;Motociclo con passeggero;In marcia / fermata / arresto;Conducente;M;Rimandato;0;NON DECEDUTO;;
2884353;4;02/07/2016 06:30;Statale;VIA SALARIA;da specificare;;;;fronte accesso autostrada Roma -Firenze dir. Roma ;Scontro frontale/laterale SX fra veicoli in marcia;Rettilineo;Due carreggiate;Asciutto;Asfaltata;Verticale ed orizzontale;Sereno;Scarso;Buona;Ore Diurne;2;0;0;2;12.50624;41.96289;-1;2;Motociclo con passeggero;In marcia / fermata / arresto;Passeggero;F;Ricoverato;0;NON DECEDUTO;;
2884355;19;02/07/2016 18:40;Strada Urbana;VIA DI CASAL DEL MARMO;all'intersezione con;VIA ANTONIO PANIZZI;VIA ANTONIO PANIZZI;;;Scontro laterale fra veicoli in marcia;Intersezione stradale segnalata;Una carreggiata a doppio senso;Asciutto;Asfaltata;Verticale ed orizzontale;Sereno;Intenso;Sufficiente;Ore Diurne;0;0;0;2;12.38894;41.9421;-1;1;Autovettura privata;In marcia / fermata / arresto;Conducente;M;Illeso;0;;;
2884355;19;02/07/2016 18:40;Strada Urbana;VIA DI CASAL DEL MARMO;all'intersezione con;VIA ANTONIO PANIZZI;VIA ANTONIO PANIZZI;;;Scontro laterale fra veicoli in marcia;Intersezione stradale segnalata;Una carreggiata a doppio senso;Asciutto;Asfaltata;Verticale ed orizzontale;Sereno;Intenso;Sufficiente;Ore Diurne;0;0;0;2;12.38894;41.9421;-1;1;Autovettura privata;In marcia / fermata / arresto;Passeggero;F;Illeso;0;;;
2884360;7;02/07/2016 10:10;Strada Urbana;VIALE PALMIRO TOGLIATTI;in corrispondenza;;del civico n.;874;;Tamponamento;Rettilineo;Due carreggiate;Asciutto;Asfaltata;Verticale ed orizzontale;Sereno;Normale;Buona;Ore Diurne;1;0;0;1;12.57396;41.88881;-1;1;Autovettura privata;In marcia / fermata / arresto;Conducente;F;Illeso;0;;Non accertato;Inesistente
2884360;7;02/07/2016 10:10;Strada Urbana;VIALE PALMIRO TOGLIATTI;in corrispondenza;;del civico n.;874;;Tamponamento;Rettilineo;Due carreggiate;Asciutto;Asfaltata;Verticale ed orizzontale;Sereno;Normale;Buona;Ore Diurne;1;0;0;1;12.57396;41.88881;-1;2;Autovettura privata;In marcia / fermata / arresto;Conducente;M;Rimandato;0;NON DECEDUTO;Non accertato;Inesistente
2884373;4;03/07/2016 10:15;Strada Urbana;VIA EZIO PINZA;in prossimità;;del civico n.;16;;Veicolo in marcia contro veicolo in sosta;Rettilineo;Una carreggiata a doppio senso;Asciutto;Asfaltata;Assente;Sereno;Scarso;Buona;Ore Diurne;0;0;0;1;12.51732;41.96754;-1;1;Autovettura privata;In marcia / fermata / arresto;Conducente;M;Illeso;0;;Non accertato;Inesploso
2884383;4;03/07/2016 16:00;Strada Urbana;PIAZZA CAPRI;all'intersezione con;VIA VALSESIA;VIA VALSESIA;;;Scontro frontale/laterale DX fra veicoli in marcia;Intersezione semaforizzata;Due carreggiate;Asciutto;Asfaltata;Verticale ed orizzontale;Sereno;Normale;Buona;Ore Diurne;0;0;0;3;12.52898;41.94382;-1;1;Autovettura privata;In marcia / fermata / arresto;Conducente;M;Illeso;0;;Non accertato;Inesploso
2884383;4;03/07/2016 16:00;Strada Urbana;PIAZZA CAPRI;all'intersezione con;VIA VALSESIA;VIA VALSESIA;;;Scontro frontale/laterale DX fra veicoli in marcia;Intersezione semaforizzata;Due carreggiate;Asciutto;Asfaltata;Verticale ed orizzontale;Sereno;Normale;Buona;Ore Diurne;0;0;0;3;12.52898;41.94382;-1;1;Autovettura privata;In marcia / fermata / arresto;Passeggero;M;Illeso;0;;Non accertato;
2884383;4;03/07/2016 16:00;Strada Urbana;PIAZZA CAPRI;all'intersezione con;VIA VALSESIA;VIA VALSESIA;;;Scontro frontale/laterale DX fra veicoli in marcia;Intersezione semaforizzata;Due carreggiate;Asciutto;Asfaltata;Verticale ed orizzontale;Sereno;Normale;Buona;Ore Diurne;0;0;0;3;12.52898;41.94382;-1;2;Motociclo a solo;In marcia / fermata / arresto;Conducente;F;Illeso;0;;Non accertato;
2884396;19;03/07/2016 00:30;Strada Urbana;VIA STRESA;da specificare;;;;alt. Via Molveno;Veicolo in marcia contro veicoli in sosta;Curva a visuale libera;Una carreggiata a senso unico di marcia;Asciutto;Asfaltata;Assente;Sereno;Scarso;Sufficiente;Sufficiente;0;0;0;1;12.43988;41.93809;-1;1;Autovettura privata;In marcia / fermata / arresto;Conducente;F;Illeso;0;;Non accertato;Inesploso
2884417;23;01/07/2016 08:30;Comunale extraurbana;VIA CRISTOFORO COLOMBO;da specificare;;;;in prossimità intersezione P.le Cristoforo Colombo;Scontro laterale fra veicoli in marcia;Rettilineo;Più di due carreggiate;Asciutto;Asfaltata;Verticale ed orizzontale;Sereno;Normale;Buona;Ore Diurne;2;0;0;1;12.31799;41.7149;-1;1;Autovettura privata;In marcia / fermata / arresto;Conducente;F;Illeso;0;;Utilizzato;Inesploso
2884417;23;01/07/2016 08:30;Comunale extraurbana;VIA CRISTOFORO COLOMBO;da specificare;;;;in prossimità intersezione P.le Cristoforo Colombo;Scontro laterale fra veicoli in marcia;Rettilineo;Più di due carreggiate;Asciutto;Asfaltata;Verticale ed orizzontale;Sereno;Normale;Buona;Ore Diurne;2;0;0;1;12.31799;41.7149;-1;2;Motociclo con passeggero;In marcia / fermata / arresto;Conducente;M;Ricoverato;0;NON DECEDUTO;Utilizzato;Inesistente
2884417;23;01/07/2016 08:30;Comunale extraurbana;VIA CRISTOFORO COLOMBO;da specificare;;;;in prossimità intersezione P.le Cristoforo Colombo;Scontro laterale fra veicoli in marcia;Rettilineo;Più di due carreggiate;Asciutto;Asfaltata;Verticale ed orizzontale;Sereno;Normale;Buona;Ore Diurne;2;0;0;1;12.31799;41.7149;-1;2;Motociclo con passeggero;In marcia / fermata / arresto;Passeggero;F;Rifiuta cure immediate;0;NON DECEDUTO;Utilizzato;Inesistente
2884423;23;01/07/2016 13:00;Comunale extraurbana;VIA CRISTOFORO COLOMBO;all'intersezione con;VIA DEL CANALE DELLA LINGUA;VIA DEL CANALE DELLA LINGUA;;;Scontro frontale/laterale SX fra veicoli in marcia;Intersezione semaforizzata;Più di due carreggiate;Asciutto;Asfaltata;Verticale ed orizzontale;Sereno;Normale;Buona;Ore Diurne;1;0;0;3;12.34578;41.73641;-1;1;Autovettura privata;In marcia / fermata / arresto;Conducente;F;Illeso;0;;Utilizzato;Inesploso
2884423;23;01/07/2016 13:00;Comunale extraurbana;VIA CRISTOFORO COLOMBO;all'intersezione con;VIA DEL CANALE DELLA LINGUA;VIA DEL CANALE DELLA LINGUA;;;Scontro frontale/laterale SX fra veicoli in marcia;Intersezione semaforizzata;Più di due carreggiate;Asciutto;Asfaltata;Verticale ed orizzontale;Sereno;Normale;Buona;Ore Diurne;1;0;0;3;12.34578;41.73641;-1;2;Motociclo a solo;In marcia / fermata / arresto;Conducente;M;Rifiuta cure immediate;0;NON DECEDUTO;Utilizzato;
2884423;23;01/07/2016 13:00;Comunale extraurbana;VIA CRISTOFORO COLOMBO;all'intersezione con;VIA DEL CANALE DELLA LINGUA;VIA DEL CANALE DELLA LINGUA;;;Scontro frontale/laterale SX fra veicoli in marcia;Intersezione semaforizzata;Più di due carreggiate;Asciutto;Asfaltata;Verticale ed orizzontale;Sereno;Normale;Buona;Ore Diurne;1;0;0;3;12.34578;41.73641;-1;3;Motociclo con passeggero;In marcia / fermata / arresto;Conducente;M;Illeso;0;;Utilizzato;
2884423;23;01/07/2016 13:00;Comunale extraurbana;VIA CRISTOFORO COLOMBO;all'intersezione con;VIA DEL CANALE DELLA LINGUA;VIA DEL CANALE DELLA LINGUA;;;Scontro frontale/laterale SX fra veicoli in marcia;Intersezione semaforizzata;Più di due carreggiate;Asciutto;Asfaltata;Verticale ed orizzontale;Sereno;Normale;Buona;Ore Diurne;1;0;0;3;12.34578;41.73641;-1;3;Motociclo con passeggero;In marcia / fermata / arresto;Passeggero;F;Illeso;0;;Utilizzato;
2884426;19;03/07/2016 11:00;Strada Urbana;VIA BENEDETTO BACCHINI;da specificare;;;;snc;Scontro frontale fra veicoli in marcia;Curva senza visuale libera;Una carreggiata a doppio senso;Asciutto;Asfaltata;Verticale ed orizzontale;Sereno;Normale;Buona;Ore Diurne;5;0;0;0;12.49637;41.90278;-1;1;Autovettura privata;In marcia / fermata / arresto;Conducente;F;Ricoverato;0;NON DECEDUTO;;
2884426;19;03/07/2016 11:00;Strada Urbana;VIA BENEDETTO BACCHINI;da specificare;;;;snc;Scontro frontale fra veicoli in marcia;Curva senza visuale libera;Una carreggiata a doppio senso;Asciutto;Asfaltata;Verticale ed orizzontale;Sereno;Normale;Buona;Ore Diurne;5;0;0;0;12.49637;41.90278;-1;2;Autovettura privata;In marcia / fermata / arresto;Conducente;M;Rimandato;0;NON DECEDUTO;;Esploso
2884426;19;03/07/2016 11:00;Strada Urbana;VIA BENEDETTO BACCHINI;da specificare;;;;snc;Scontro frontale fra veicoli in marcia;Curva senza visuale libera;Una carreggiata a doppio senso;Asciutto;Asfaltata;Verticale ed orizzontale;Sereno;Normale;Buona;Ore Diurne;5;0;0;0;12.49637;41.90278;-1;2;Autovettura privata;In marcia / fermata / arresto;Passeggero;F;Ricoverato;0;NON DECEDUTO;;Esploso
2884426;19;03/07/2016 11:00;Strada Urbana;VIA BENEDETTO BACCHINI;da specificare;;;;snc;Scontro frontale fra veicoli in marcia;Curva senza visuale libera;Una carreggiata a doppio senso;Asciutto;Asfaltata;Verticale ed orizzontale;Sereno;Normale;Buona;Ore Diurne;5;0;0;0;12.49637;41.90278;-1;2;Autovettura privata;In marcia / fermata / arresto;Passeggero;F;Rimandato;0;NON DECEDUTO;;
2884426;19;03/07/2016 11:00;Strada Urbana;VIA BENEDETTO BACCHINI;da specificare;;;;snc;Scontro frontale fra veicoli in marcia;Curva senza visuale libera;Una carreggiata a doppio senso;Asciutto;Asfaltata;Verticale ed orizzontale;Sereno;Normale;Buona;Ore Diurne;5;0;0;0;12.49637;41.90278;-1;2;Autovettura privata;In marcia / fermata / arresto;Passeggero;F;Rimandato;0;NON DECEDUTO;;
2884433;18;02/07/2016 17:30;Strada Urbana;VIA CARDINALE TRIPEPI;in corrispondenza;;del civico n.;6;;Scontro frontale/laterale DX fra veicoli in marcia;Rettilineo;Una carreggiata a doppio senso;Asciutto;Asfaltata;Verticale ed orizzontale;Sereno;Scarso;Buona;Ore Diurne;0;0;0;2;12.43967;41.89604;-1;1;Autovettura privata;In marcia / fermata / arresto;Conducente;M;Illeso;0;;;