Protocollo;Gruppo;DataOraIncidente;Localizzazione1;STRADA1;Localizzazione2;STRADA2;Strada02;Chilometrica;DaSpecificare;NaturaIncidente;particolaritastrade;TipoStrada;FondoStradale;Pavimentazione;Segnaletica;CondizioneAtmosferica;Traffico;Visibilita;Illuminazione;NUM_FERITI;NUM_RISERVATA;NUM_MORTI;NUM_ILLESI;Longitudine;Latitudine;Confermato;Progressivo;TipoVeicolo;StatoVeicolo;TipoPersona;Sesso;Tipolesione;Deceduto;DecedutoDopo;CinturaCascoUtilizzato;Airbag
2886627;9;05/07/2016 15:45;Strada Urbana;VIA TUSCOLANA;da specificare;;;;fronte Via dell'Acquedotto Felice;Scontro laterale fra veicoli in marcia;Curva a visuale libera;Due carreggiate;Asciutto;Asfaltata;Verticale ed orizzontale;Sereno;Intenso;Buona;Ore Diurne;0;0;0;2;12.54194;41.86669;-1;2;Autovettura privata;In marcia / fermata / arresto;Conducente;M;Illeso;0;;Utilizzato;Inesploso
2886639;9;05/07/2016 16:40;Strada Urbana;VIA DELL'ARCO DI TRAVERTINO;da specificare;;;;prossimità VIA DI TOR CALDARA;Tamponamento;Rettilineo;Due carreggiate;Asciutto;Asfaltata;Verticale ed orizzontale;Sereno;Normale;Buona;Ore Diurne;0;0;0;2;12.5342;41.86576;-1;1;Autovettura privata;In marcia / fermata / arresto;Conducente;M;Illeso;0;;;
2886639;9;05/07/2016 16:40;Strada Urbana;VIA DELL'ARCO DI TRAVERTINO;da specificare;;;;prossimità VIA DI TOR CALDARA;Tamponamento;Rettilineo;Due carreggiate;Asciutto;Asfaltata;Verticale ed orizzontale;Sereno;Normale;Buona;Ore Diurne;0;0;0;2;12.5342;41.86576;-1;2;Autovettura privata;In marcia / fermata / arresto;Conducente;M;Illeso;0;;Non accertato;Inesploso
2886658;12;05/07/2016 16:10;Provinciale;VIA ARDEATINA;da specificare;;;;all'incrocio con via F. Angelini (alt. Km. 21,000);Scontro laterale fra veicoli in marcia;Rettilineo;Una carreggiata a doppio senso;Asciutto;Asfaltata;Verticale ed orizzontale;Sereno;Normale;Buona;Ore Diurne;0;0;0;2;12.58034;41.70632;-1;1;Autovettura privata;In marcia / fermata / arresto;Conducente;F;Illeso;0;;Non accertato;Inesploso
2886658;12;05/07/2016 16:10;Provinciale;VIA ARDEATINA;da specificare;;;;all'incrocio con via F. Angelini (alt. Km. 21,000);Scontro laterale fra veicoli in marcia;Rettilineo;Una carreggiata a doppio senso;Asciutto;Asfaltata;Verticale ed orizzontale;Sereno;Normale;Buona;Ore Diurne;0;0;0;2;12.58034;41.70632;-1;2;Autocarro inferiore 35 q.;In marcia / fermata / arresto;Conducente;M;Illeso;0;;Non accertato;Inesploso
2886706;15;05/07/2016 13:30;Strada Urbana;VIA ARCIDOSSO;all'intersezione con;VIA DI S. RAFFAELE;VIA DI S. RAFFAELE;;;Scontro frontale/laterale SX fra veicoli in marcia;Incrocio;Una carreggiata a doppio senso;Asciutto;Asfaltata;Verticale ed orizzontale;Sereno;Scarso;Buona;Ore Diurne;0;0;0;3;12.43757;41.84479;-1;1;Autovettura privata;In marcia / fermata / arresto;Conducente;F;Illeso;0;;Non accertato;Inesploso
2886706;15;05/07/2016 13:30;Strada Urbana;VIA ARCIDOSSO;all'intersezione con;VIA DI S. RAFFAELE;VIA DI S. RAFFAELE;;;Scontro frontale/laterale SX fra veicoli in marcia;Incrocio;Una carreggiata a doppio senso;Asciutto;Asfaltata;Verticale ed orizzontale;Sereno;Scarso;Buona;Ore Diurne;0;0;0;3;12.43757;41.84479;-1;2;Autovettura privata;In marcia / fermata / arresto;Conducente;F;Illeso;0;;Non accertato;Inesploso
2886706;15;05/07/2016 13:30;Strada Urbana;VIA ARCIDOSSO;all'intersezione con;VIA DI S. RAFFAELE;VIA DI S. RAFFAELE;;;Scontro frontale/laterale SX fra veicoli in marcia;Incrocio;Una carreggiata a doppio senso;Asciutto;Asfaltata;Verticale ed orizzontale;Sereno;Scarso;Buona;Ore Diurne;0;0;0;3;12.43757;41.84479;-1;2;Autovettura privata;In marcia / fermata / arresto;Passeggero;M;Illeso;0;;Non accertato;Inesploso
2886708;15;05/07/2016 13:45;Strada Urbana;VIA DELL'IMPRUNETA;all'intersezione con;VIA PIEVE FOSCIANA;VIA PIEVE FOSCIANA;;;Scontro frontale/laterale DX fra veicoli in marcia;Incrocio;Una carreggiata a doppio senso;Asciutto;Asfaltata;Verticale ed orizzontale;Sereno;Normale;Buona;Ore Diurne;1;0;0;2;12.45997;41.84642;-1;1;Autovettura privata;In marcia / fermata / arresto;Conducente;M;Illeso;0;;;
2886708;15;05/07/2016 13:45;Strada Urbana;VIA DELL'IMPRUNETA;all'intersezione con;VIA PIEVE FOSCIANA;VIA PIEVE FOSCIANA;;;Scontro frontale/laterale DX fra veicoli in marcia;Incrocio;Una carreggiata a doppio senso;Asciutto;Asfaltata;Verticale ed orizzontale;Sereno;Normale;Buona;Ore Diurne;1;0;0;2;12.45997;41.84642;-1;1;Autovettura privata;In marcia / fermata / arresto;Passeggero;M;Rimandato;0;NON DECEDUTO;Utilizzato;Inesploso
2886708;15;05/07/2016 13:45;Strada Urbana;VIA DELL'IMPRUNETA;all'intersezione con;VIA PIEVE FOSCIANA;VIA PIEVE FOSCIANA;;;Scontro frontale/laterale DX fra veicoli in marcia;Incrocio;Una carreggiata a doppio senso;Asciutto;Asfaltata;Verticale ed orizzontale;Sereno;Normale;Buona;Ore Diurne;1;0;0;2;12.45997;41.84642;-1;2;Autovettura privata;In marcia / fermata / arresto;Conducente;M;Illeso;0;;Utilizzato;Inesploso
2886713;15;05/07/2016 15:15;Strada Urbana;VIA DELLA MAGLIANA;all'intersezione con;VIA DELL'IMBRECCIATO;VIA DELL'IMBRECCIATO;;;Scontro frontale fra veicoli in marcia;Intersezione non regolata/non segnalata;Due carreggiate;Asciutto;Asfaltata;Verticale ed orizzontale;Sereno;Normale;Buona;Ore Diurne;0;0;0;2;12.42401;41.83394;-1;1;Autovettura privata;In marcia / fermata / arresto;Conducente;M;Illeso;0;;;
2886713;15;05/07/2016 15:15;Strada Urbana;VIA DELLA MAGLIANA;all'intersezione con;VIA DELL'IMBRECCIATO;VIA DELL'IMBRECCIATO;;;Scontro frontale fra veicoli in marcia;Intersezione non regolata/non segnalata;Due carreggiate;Asciutto;Asfaltata;Verticale ed orizzontale;Sereno;Normale;Buona;Ore Diurne;0;0;0;2;12.42401;41.83394;-1;2;Autovettura privata;In marcia / fermata / arresto;Conducente;M;Illeso;0;;;
2886715;15;05/07/2016 16:05;Strada Urbana;VIA DELLA MAGLIANA;in corrispondenza;;del civico n.;1025;;Scontro frontale/laterale SX fra veicoli in marcia;Rettilineo;Una carreggiata a doppio senso;Asciutto;Asfaltata;Verticale ed orizzontale;Sereno;Normale;Buona;Ore Diurne;0;0;0;2;12.3908;41.82279;-1;1;Autovettura privata;In marcia / fermata / arresto;Conducente;M;Illeso;0;;;
2886715;15;05/07/2016 16:05;Strada Urbana;VIA DELLA MAGLIANA;in corrispondenza;;del civico n.;1025;;Scontro frontale/laterale SX fra veicoli in marcia;Rettilineo;Una carreggiata a doppio senso;Asciutto;Asfaltata;Verticale ed orizzontale;Sereno;Normale;Buona;Ore Diurne;0;0;0;2;12.3908;41.82279;-1;2;Autovettura privata;In marcia / fermata / arresto;Conducente;M;Illeso;0;;;
2886719;15;05/07/2016 17:50;Strada Urbana;VIA PORTUENSE;all'intersezione con;VIA GIUSEPPE TROIANI;VIA GIUSEPPE TROIANI;;;Veicolo in marcia contro ostacolo accidentale;Incrocio;Una carreggiata a doppio senso;Asciutto;Asfaltata;Verticale ed orizzontale;Sereno;Normale;Buona;Ore Diurne;0;0;0;3;12.40939;41.84342;-1;1;Autovettura privata;In marcia / fermata / arresto;Conducente;F;Illeso;0;;;
2886719;15;05/07/2016 17:50;Strada Urbana;VIA PORTUENSE;all'intersezione con;VIA GIUSEPPE TROIANI;VIA GIUSEPPE TROIANI;;;Veicolo in marcia contro ostacolo accidentale;Incrocio;Una carreggiata a doppio senso;Asciutto;Asfaltata;Verticale ed orizzontale;Sereno;Normale;Buona;Ore Diurne;0;0;0;3;12.40939;41.84342;-1;1;Autovettura privata;In marcia / fermata / arresto;Passeggero;M;Illeso;0;;;
2886719;15;05/07/2016 17:50;Strada Urbana;VIA PORTUENSE;all'intersezione con;VIA GIUSEPPE TROIANI;VIA GIUSEPPE TROIANI;;;Veicolo in marcia contro ostacolo accidentale;Incrocio;Una carreggiata a doppio senso;Asciutto;Asfaltata;Verticale ed orizzontale;Sereno;Normale;Buona;Ore Diurne;0;0;0;3;12.40939;41.84342;-1;2;Motociclo a solo;In marcia / fermata / arresto;Conducente;M;Illeso;0;;;
2886914;9;05/07/2016 17:20;Strada Urbana;PIAZZALE LABICANO;da specificare;;;;prox via scalo s.lorenzo;Scontro laterale fra veicoli in marcia;Curva a visuale libera;Una carreggiata a senso unico di marcia;Asciutto;Asfaltata;Verticale ed orizzontale;Sereno;Intenso;Buona;Ore Diurne;0;0;0;2;12.5154;41.89227;-1;1;Autobus turistico;In marcia / fermata / arresto;Conducente;M;Illeso;0;;;
2886914;9;05/07/2016 17:20;Strada Urbana;PIAZZALE LABICANO;da specificare;;;;prox via scalo s.lorenzo;Scontro laterale fra veicoli in marcia;Curva a visuale libera;Una carreggiata a senso unico di marcia;Asciutto;Asfaltata;Verticale ed orizzontale;Sereno;Intenso;Buona;Ore Diurne;0;0;0;2;12.5154;41.89227;-1;2;Autovettura privata;In marcia / fermata / arresto;Conducente;M;Illeso;0;;;
2886938;7;06/07/2016 02:50;Strada Urbana;VIA CASILINA;all'intersezione semaforizzata con;VIA WALTER TOBAGI;VIA WALTER TOBAGI;;;Tamponamento;Intersezione semaforizzata;Una carreggiata a doppio senso;Asciutto;Asfaltata;Verticale ed orizzontale;Sereno;Scarso;Buona;Sufficiente;0;0;0;2;12.59708;41.86648;-1;1;Autovettura privata;In marcia / fermata / arresto;Conducente;M;Illeso;0;;Non accertato;Inesploso
2886938;7;06/07/2016 02:50;Strada Urbana;VIA CASILINA;all'intersezione semaforizzata con;VIA WALTER TOBAGI;VIA WALTER TOBAGI;;;Tamponamento;Intersezione semaforizzata;Una carreggiata a doppio senso;Asciutto;Asfaltata;Verticale ed orizzontale;Sereno;Scarso;Buona;Sufficiente;0;0;0;2;12.59708;41.86648;-1;2;Autovettura privata;In marcia / fermata / arresto;Conducente;M;Illeso;0;;Non accertato;
2886943;6;05/07/2016 19:15;Strada Urbana;VIA CASILINA;in corrispondenza;;del civico n.;435;;Tamponamento;Rettilineo;Due carreggiate;Asciutto;Asfaltata;Assente;Sereno;Normale;Buona;Ore Diurne;0;0;0;2;12.54138;41.8807;-1;1;Autovettura privata;In marcia / fermata / arresto;Conducente;M;Illeso;0;;;
2886943;6;05/07/2016 19:15;Strada Urbana;VIA CASILINA;in corrispondenza;;del civico n.;435;;Tamponamento;Rettilineo;Due carreggiate;Asciutto;Asfaltata;Assente;Sereno;Normale;Buona;Ore Diurne;0;0;0;2;12.54138;41.8807;-1;2;Autovettura privata;In marcia / fermata / arresto;Conducente;M;Illeso;0;;;
2886948;5;05/07/2016 19:45;Strada Urbana;VIALE REGINA MARGHERITA;in prossimità;;del civico n.;302;;Scontro laterale fra veicoli in marcia;Rettilineo;Più di due carreggiate;Asciutto;Asfaltata;Verticale ed orizzontale;Sereno;Normale;Sufficiente;Sufficiente;1;0;0;1;12.51092;41.90929;-1;1;Autovettura privata;In marcia / fermata / arresto;Conducente;F;Illeso;0;;Non accertato;
2886948;5;05/07/2016 19:45;Strada Urbana;VIALE REGINA MARGHERITA;in prossimità;;del civico n.;302;;Scontro laterale fra veicoli in marcia;Rettilineo;Più di due carreggiate;Asciutto;Asfaltata;Verticale ed orizzontale;Sereno;Normale;Sufficiente;Sufficiente;1;0;0;1;12.51092;41.90929;-1;3;Motociclo a solo;In marcia / fermata / arresto;Conducente;M;Rimandato;0;NON DECEDUTO;Non accertato;
2886950;5;05/07/2016 16:30;Strada Urbana;VIA VIRGILIO MELANDRI;in prossimità;;del civico n.;202;;Scontro laterale fra veicoli in marcia;Rettilineo;Una carreggiata a doppio senso;Asciutto;Asfaltata;Assente;Sereno;Scarso;Buona;Ore Diurne;0;0;0;3;12.57233;41.91356;-1;1;Autovettura privata;In marcia / fermata / arresto;Conducente;F;Illeso;0;;Non accertato;Inesploso
2886950;5;05/07/2016 16:30;Strada Urbana;VIA VIRGILIO MELANDRI;in prossimità;;del civico n.;202;;Scontro laterale fra veicoli in marcia;Rettilineo;Una carreggiata a doppio senso;Asciutto;Asfaltata;Assente;Sereno;Scarso;Buona;Ore Diurne;0;0;0;3;12.57233;41.91356;-1;2;Autovettura privata;In marcia / fermata / arresto;Conducente;M;Illeso;0;;Non accertato;Inesploso
2886950;5;05/07/2016 16:30;Strada Urbana;VIA VIRGILIO MELANDRI;in prossimità;;del civico n.;202;;Scontro laterale fra veicoli in marcia;Rettilineo;Una carreggiata a doppio senso;Asciutto;Asfaltata;Assente;Sereno;Scarso;Buona;Ore Diurne;0;0;0;3;12.57233;41.91356;-1;2;Autovettura privata;In marcia / fermata / arresto;Passeggero;F;Illeso;0;;Non accertato;Inesploso
2886960;5;05/07/2016 18:10;Strada Urbana;VIALE PALMIRO TOGLIATTI;in prossimità;;del civico n.;1455;;Scontro laterale fra veicoli in marcia;Rettilineo;Due carreggiate;Asciutto;Asfaltata;Verticale ed orizzontale;Sereno;Normale;Buona;Ore Diurne;0;0;0;2;12.57164;41.91119;-1;1;Autovettura privata;In marcia / fermata / arresto;Conducente;M;Illeso;0;;Non accertato;Inesploso
2886960;5;05/07/2016 18:10;Strada Urbana;VIALE PALMIRO TOGLIATTI;in prossimità;;del civico n.;1455;;Scontro laterale fra veicoli in marcia;Rettilineo;Due carreggiate;Asciutto;Asfaltata;Verticale ed orizzontale;Sereno;Normale;Buona;Ore Diurne;0;0;0;2;12.57164;41.91119;-1;2;Autovettura privata;In marcia / fermata / arresto;Conducente;F;Illeso;0;;Non accertato;Inesploso
2886970;5;05/07/2016 11:30;Strada Urbana;VIA TIBURTINA;in prossimità;;del civico n.;1133;;Veicolo in marcia contro veicolo in sosta;Rettilineo;Più di due carreggiate;Asciutto;Asfaltata;Verticale ed orizzontale;Sereno;Normale;Buona;Ore Diurne;0;0;0;1;12.59344;41.93292;0;2;Autovettura privata;In marcia / fermata / arresto;Conducente;M;Illeso;0;;Non accertato;Inesploso
2886979;13;05/07/2016 19:50;Strada Urbana;VIA ERMANNO WOLF FERRARI;da specificare;;;;di fronte al civico 264;Scontro frontale/laterale DX fra veicoli in marcia;Rettilineo;Una carreggiata a doppio senso;Asciutto;Asfaltata;Orizzontale;Sereno;Normale;Buona;Ore Diurne;0;0;0;2;12.37794;41.74817;-1;1;Autovettura privata;In marcia / fermata / arresto;Conducente;F;Illeso;0;;Non accertato;Inesploso
2886979;13;05/07/2016 19:50;Strada Urbana;VIA ERMANNO WOLF FERRARI;da specificare;;;;di fronte al civico 264;Scontro frontale/laterale DX fra veicoli in marcia;Rettilineo;Una carreggiata a doppio senso;Asciutto;Asfaltata;Orizzontale;Sereno;Normale;Buona;Ore Diurne;0;0;0;2;12.37794;41.74817;-1;2;Autovettura privata;In marcia / fermata / arresto;Conducente;M;Illeso;0;;Non accertato;Inesploso
2886980;5;05/07/2016 19:10;Strada Urbana;VIA DI GROTTA DI GREGNA;all'intersezione semaforizzata con;VIA IGINO GIORDANI;VIA IGINO GIORDANI;;;Investimento di pedone;Intersezione semaforizzata;Una carreggiata a doppio senso;Asciutto;Asfaltata;Verticale ed orizzontale;Sereno;Normale;Buona;Ore Diurne;1;0;0;1;12.56508;41.90743;-1;;;;Pedone;M;Rimandato;0;NON DECEDUTO;;
2886980;5;05/07/2016 19:10;Strada Urbana;VIA DI GROTTA DI GREGNA;all'intersezione semaforizzata con;VIA IGINO GIORDANI;VIA IGINO GIORDANI;;;Investimento di pedone;Intersezione semaforizzata;Una carreggiata a doppio senso;Asciutto;Asfaltata;Verticale ed orizzontale;Sereno;Normale;Buona;Ore Diurne;1;0;0;1;12.56508;41.90743;-1;1;Autovettura privata;In marcia / fermata / arresto;Conducente;M;Illeso;0;;Non accertato;
2886982;8;05/07/2016 15:30;Strada Urbana;VIA DI VERMICINO;all'intersezione con;VIA ALTOFONTE;VIA ALTOFONTE;;;Scontro frontale/laterale SX fra veicoli in marcia;Incrocio;Una carreggiata a doppio senso;Asciutto;Asfaltata;Verticale ed orizzontale;Sereno;Normale;Buona;Ore Diurne;1;0;0;1;12.66982;41.86316;-1;1;Autovettura privata;In marcia / fermata / arresto;Conducente;M;Illeso;0;;Non accertato;Inesploso
2886982;8;05/07/2016 15:30;Strada Urbana;VIA DI VERMICINO;all'intersezione con;VIA ALTOFONTE;VIA ALTOFONTE;;;Scontro frontale/laterale SX fra veicoli in marcia;Incrocio;Una carreggiata a doppio senso;Asciutto;Asfaltata;Verticale ed orizzontale;Sereno;Normale;Buona;Ore Diurne;1;0;0;1;12.66982;41.86316;-1;2;Motociclo a solo;In marcia / fermata / arresto;Conducente;M;Rifiuta cure immediate;0;NON DECEDUTO;Non accertato;
2886989;10;05/07/2016 08:00;Statale entro l'abitato;VIA TUSCOLANA;da specificare;;;;salita del Quadraro direzione Roma centro;Tamponamento;Rettilineo;Due carreggiate;Asciutto;Asfaltata;Orizzontale;Sereno;Intenso;Buona;Ore Diurne;0;0;0;1;12.54888;41.86378;-1;1;Autovettura privata;In marcia / fermata / arresto;Conducente;F;Illeso;0;;Non accertato;Inesploso
2886993;8;05/07/2016 08:00;Statale entro l'abitato;VIA CASILINA;all'intersezione con;VIA ISNELLO;VIA ISNELLO;;;Scontro laterale fra veicoli in marcia;Incrocio;Una carreggiata a doppio senso;Asciutto;Asfaltata;Verticale ed orizzontale;Sereno;Intenso;Sufficiente;Ore Diurne;0;0;0;2;12.67607;41.86365;-1;1;Autovettura privata;In marcia / fermata / arresto;Conducente;M;Illeso;0;;Non accertato;Inesploso
2886993;8;05/07/2016 08:00;Statale entro l'abitato;VIA CASILINA;all'intersezione con;VIA ISNELLO;VIA ISNELLO;;;Scontro laterale fra veicoli in marcia;Incrocio;Una carreggiata a doppio senso;Asciutto;Asfaltata;Verticale ed orizzontale;Sereno;Intenso;Sufficiente;Ore Diurne;0;0;0;2;12.67607;41.86365;-1;2;Trattore stradale;In marcia / fermata / arresto;Conducente;M;Illeso;0;;Non accertato;Inesploso
2887005;8;05/07/2016 15:00;Strada Urbana;VIA RAOUL CHIODELLI;in corrispondenza;;del civico n.;24;;Scontro laterale fra veicoli in marcia;Rettilineo;Due carreggiate;Asciutto;Asfaltata;Verticale ed orizzontale;Sereno;Normale;Buona;Ore Diurne;0;0;0;3;12.66202;41.90414;-1;1;Autovettura privata;In marcia / fermata / arresto;Conducente;M;Illeso;0;;Non accertato;Inesploso
2887005;8;05/07/2016 15:00;Strada Urbana;VIA RAOUL CHIODELLI;in corrispondenza;;del civico n.;24;;Scontro laterale fra veicoli in marcia;Rettilineo;Due carreggiate;Asciutto;Asfaltata;Verticale ed orizzontale;Sereno;Normale;Buona;Ore Diurne;0;0;0;3;12.66202;41.90414;-1;2;Autovettura privata;In marcia / fermata / arresto;Conducente;M;Illeso;0;;Non accertato;Inesploso
2887005;8;05/07/2016 15:00;Strada Urbana;VIA RAOUL CHIODELLI;in corrispondenza;;del civico n.;24;;Scontro laterale fra veicoli in marcia;Rettilineo;Due carreggiate;Asciutto;Asfaltata;Verticale ed orizzontale;Sereno;Normale;Buona;Ore Diurne;0;0;0;3;12.66202;41.90414;-1;2;Autovettura privata;In marcia / fermata / arresto;Passeggero;M;Illeso;0;;Non accertato;Inesploso
2887013;8;05/07/2016 10:40;Strada Urbana;VIA DI TORRENOVA;in corrispondenza;;del civico n.;277;;Scontro laterale fra veicoli in marcia;Curva a visuale libera;Una carreggiata a doppio senso;Asciutto;Asfaltata;Verticale ed orizzontale;Sereno;Normale;Buona;Ore Diurne;0;0;0;1;12.61689;41.88169;-1;2;Autocarro inferiore 35 q.;In marcia / fermata / arresto;Conducente;M;Illeso;0;;Non accertato;Inesploso
2887019;8;05/07/2016 11:10;Statale entro l'abitato;VIA CASILINA;all'intersezione con;VIA DI GROTTE CELONI;VIA DI GROTTE CELONI;;;Scontro frontale/laterale DX fra veicoli in marcia;Intersezione stradale segnalata;Una carreggiata a senso unico di marcia;Asciutto;Asfaltata;Verticale;Sereno;Normale;Buona;Ore Diurne;0;0;0;3;12.64183;41.86253;-1;1;Autobus urbano;In marcia / fermata / arresto;Conducente;M;Illeso;0;;Non accertato;Inesploso
2887019;8;05/07/2016 11:10;Statale entro l'abitato;VIA CASILINA;all'intersezione con;VIA DI GROTTE CELONI;VIA DI GROTTE CELONI;;;Scontro frontale/laterale DX fra veicoli in marcia;Intersezione stradale segnalata;Una carreggiata a senso unico di marcia;Asciutto;Asfaltata;Verticale;Sereno;Normale;Buona;Ore Diurne;0;0;0;3;12.64183;41.86253;-1;2;Autovettura privata;In marcia / fermata / arresto;Conducente;M;Illeso;0;;Non accertato;Inesploso
2887019;8;05/07/2016 11:10;Statale entro l'abitato;VIA CASILINA;all'intersezione con;VIA DI GROTTE CELONI;VIA DI GROTTE CELONI;;;Scontro frontale/laterale DX fra veicoli in marcia;Intersezione stradale segnalata;Una carreggiata a senso unico di marcia;Asciutto;Asfaltata;Verticale;Sereno;Normale;Buona;Ore Diurne;0;0;0;3;12.64183;41.86253;-1;2;Autovettura privata;In marcia / fermata / arresto;Passeggero;F;Illeso;0;;Non accertato;Inesploso
2887022;10;05/07/2016 19:10;Strada Urbana;VIA DI TORRE SPACCATA;all'intersezione con;VIALE BRUNO RIZZIERI;VIALE BRUNO RIZZIERI;;;Scontro laterale fra veicoli in marcia;Rotatoria;Una carreggiata a senso unico di marcia;Asciutto;Asfaltata;Verticale ed orizzontale;Sereno;Normale;Buona;Ore Diurne;0;0;0;2;12.58306;41.85225;-1;1;Autovettura privata;In marcia / fermata / arresto;Conducente;M;Illeso;0;;Non accertato;Inesploso
2887022;10;05/07/2016 19:10;Strada Urbana;VIA DI TORRE SPACCATA;all'intersezione con;VIALE BRUNO RIZZIERI;VIALE BRUNO RIZZIERI;;;Scontro laterale fra veicoli in marcia;Rotatoria;Una carreggiata a senso unico di marcia;Asciutto;Asfaltata;Verticale ed orizzontale;Sereno;Normale;Buona;Ore Diurne;0;0;0;2;12.58306;41.85225;-1;2;Autovettura privata;In marcia / fermata / arresto;Conducente;F;Illeso;0;;Non accertato;Inesploso
2887025;13;05/07/2016 11:20;Strada Urbana;VIA GIAMBATTISTA CONTI;in corrispondenza;;del civico n.;15;;Scontro frontale/laterale DX fra veicoli in marcia;Rettilineo;Una carreggiata a senso unico di marcia;Asciutto;Asfaltata;Assente;Sereno;Scarso;Buona;Ore Diurne;0;0;0;2;12.3593;41.77858;-1;1;Autovettura privata;In marcia / fermata / arresto;Conducente;M;Illeso;0;;Non accertato;
2887025;13;05/07/2016 11:20;Strada Urbana;VIA GIAMBATTISTA CONTI;in corrispondenza;;del civico n.;15;;Scontro frontale/laterale DX fra veicoli in marcia;Rettilineo;Una carreggiata a senso unico di marcia;Asciutto;Asfaltata;Assente;Sereno;Scarso;Buona;Ore Diurne;0;0;0;2;12.3593;41.77858;-1;2;Autovettura privata;In marcia / fermata / arresto;Conducente;M;Illeso;0;;Non accertato;
2887046;20;05/07/2016 18:10;Regionale entro l'abitato;VIA CASSIA;in corrispondenza;;del civico n.;1778;;Scontro frontale/laterale DX fra veicoli in marcia;Rettilineo;Una carreggiata a doppio senso;Asciutto;Asfaltata;Verticale ed orizzontale;Sereno;Normale;Buona;Ore Diurne;0;0;0;3;12.37845;42.00993;-1;1;Autovettura privata;In marcia / fermata / arresto;Conducente;M;Illeso;0;;Non accertato;
2887046;20;05/07/2016 18:10;Regionale entro l'abitato;VIA CASSIA;in corrispondenza;;del civico n.;1778;;Scontro frontale/laterale DX fra veicoli in marcia;Rettilineo;Una carreggiata a doppio senso;Asciutto;Asfaltata;Verticale ed orizzontale;Sereno;Normale;Buona;Ore Diurne;0;0;0;3;12.37845;42.00993;-1;1;Autovettura privata;In marcia / fermata / arresto;Passeggero;F;Illeso;0;;Non accertato;Inesploso
2887046;20;05/07/2016 18:10;Regionale entro l'abitato;VIA CASSIA;in corrispondenza;;del civico n.;1778;;Scontro frontale/laterale DX fra veicoli in marcia;Rettilineo;Una carreggiata a doppio senso;Asciutto;Asfaltata;Verticale ed orizzontale;Sereno;Normale;Buona;Ore Diurne;0;0;0;3;12.37845;42.00993;-1;2;Motociclo a solo;In marcia / fermata / arresto;Conducente;M;Illeso;0;;Non accertato;
2887053;10;05/07/2016 11:25;Strada Urbana;VIA PAOLO ORSI;all'intersezione con;VIA LUCREZIA ROMANA;VIA LUCREZIA ROMANA;;;Veicolo in marcia contro ostacolo accidentale;Incrocio;Una carreggiata a senso unico di marcia;Asciutto;Asfaltata;Verticale ed orizzontale;Sereno;Scarso;Buona;Ore Diurne;0;0;0;1;12.58739;41.82293;-1;1;Autovettura privata;In marcia / fermata / arresto;Conducente;M;Illeso;0;;Non accertato;Inesploso
2887056;10;05/07/2016 17:10;Strada Urbana;VIA TUSCOLANA;in corrispondenza;;del civico n.;1820;;Tamponamento;Rettilineo;Una carreggiata a senso unico di marcia;Viscido da liquidi oleosi;Asfaltata;Verticale ed orizzontale;Sereno;Normale;Buona;Ore Diurne;0;0;0;3;12.58852;41.83952;-1;1;Autocarro inferiore 35 q.;In marcia / fermata / arresto;Conducente;M;Illeso;0;;Non accertato;Inesploso
2887056;10;05/07/2016 17:10;Strada Urbana;VIA TUSCOLANA;in corrispondenza;;del civico n.;1820;;Tamponamento;Rettilineo;Una carreggiata a senso unico di marcia;Viscido da liquidi oleosi;Asfaltata;Verticale ed orizzontale;Sereno;Normale;Buona;Ore Diurne;0;0;0;3;12.58852;41.83952;-1;1;Autocarro inferiore 35 q.;In marcia / fermata / arresto;Passeggero;M;Illeso;0;;Non accertato;Inesploso
2887056;10;05/07/2016 17:10;Strada Urbana;VIA TUSCOLANA;in corrispondenza;;del civico n.;1820;;Tamponamento;Rettilineo;Una carreggiata a senso unico di marcia;Viscido da liquidi oleosi;Asfaltata;Verticale ed orizzontale;Sereno;Normale;Buona;Ore Diurne;0;0;0;3;12.58852;41.83952;-1;2;Autocarro inferiore 35 q.;In marcia / fermata / arresto;Conducente;M;Illeso;0;;Non accertato;Inesploso
2887087;17;05/07/2016 11:30;Strada Urbana;PIAZZA DELLA LIBERTA';da specificare;;;;prox dell'attraver. pedonale prox PonteMargherita;Scontro laterale fra veicoli in marcia;Rettilineo;Una carreggiata a doppio senso;Asciutto;Asfaltata;Verticale ed orizzontale;Sereno;Normale;Buona;Ore Diurne;1;0;0;1;12.47168;41.90954;-1;1;Autovettura privata;In marcia / fermata / arresto;Conducente;F;Illeso;0;;;
2887087;17;05/07/2016 11:30;Strada Urbana;PIAZZA DELLA LIBERTA';da specificare;;;;prox dell'attraver. pedonale prox PonteMargherita;Scontro laterale fra veicoli in marcia;Rettilineo;Una carreggiata a doppio senso;Asciutto;Asfaltata;Verticale ed orizzontale;Sereno;Normale;Buona;Ore Diurne;1;0;0;1;12.47168;41.90954;-1;2;Velocipede;In marcia / fermata / arresto;Conducente;M;Rimandato;0;NON DECEDUTO;Esente;
2887091;20;05/07/2016 19:50;Strada Urbana;VIA VITORCHIANO;in corrispondenza;;del civico n.;48;;Scontro frontale fra veicoli in marcia;Curva senza visuale libera;Una carreggiata a doppio senso;Asciutto;Asfaltata;Verticale;Sereno;Scarso;Buona;Ore Diurne;0;0;0;2;12.48749;41.95765;-1;1;Autovettura privata;In marcia / fermata / arresto;Conducente;F;Illeso;0;;Non accertato;