Protocollo;Gruppo;DataOraIncidente;Localizzazione1;STRADA1;Localizzazione2;STRADA2;Strada02;Chilometrica;DaSpecificare;NaturaIncidente;particolaritastrade;TipoStrada;FondoStradale;Pavimentazione;Segnaletica;CondizioneAtmosferica;Traffico;Visibilita;Illuminazione;NUM_FERITI;NUM_RISERVATA;NUM_MORTI;NUM_ILLESI;Longitudine;Latitudine;Confermato;Progressivo;TipoVeicolo;StatoVeicolo;TipoPersona;Sesso;Tipolesione;Deceduto;DecedutoDopo;CinturaCascoUtilizzato;Airbag
2887091;20;05/07/2016 19:50;Strada Urbana;VIA VITORCHIANO;in corrispondenza;;del civico n.;48;;Scontro frontale fra veicoli in marcia;Curva senza visuale libera;Una carreggiata a doppio senso;Asciutto;Asfaltata;Verticale;Sereno;Scarso;Buona;Ore Diurne;0;0;0;2;12.48749;41.95765;-1;2;Velocipede;In marcia / fermata / arresto;Conducente;M;Illeso;0;;Esente;
2887105;17;05/07/2016 20:20;Strada Urbana;VIA ANDREA DORIA;all'intersezione con;VIA TOLEMAIDE;VIA TOLEMAIDE;;;Scontro frontale/laterale SX fra veicoli in marcia;Incrocio;Una carreggiata a doppio senso;Asciutto;Asfaltata;Verticale;Sereno;Normale;Sufficiente;Ore Diurne;0;0;0;6;12.45384;41.91014;-1;1;Autovettura privata;In marcia / fermata / arresto;Conducente;F;Illeso;0;;;
2887105;17;05/07/2016 20:20;Strada Urbana;VIA ANDREA DORIA;all'intersezione con;VIA TOLEMAIDE;VIA TOLEMAIDE;;;Scontro frontale/laterale SX fra veicoli in marcia;Incrocio;Una carreggiata a doppio senso;Asciutto;Asfaltata;Verticale;Sereno;Normale;Sufficiente;Ore Diurne;0;0;0;6;12.45384;41.91014;-1;1;Autovettura privata;In marcia / fermata / arresto;Passeggero;M;Illeso;0;;;
2887105;17;05/07/2016 20:20;Strada Urbana;VIA ANDREA DORIA;all'intersezione con;VIA TOLEMAIDE;VIA TOLEMAIDE;;;Scontro frontale/laterale SX fra veicoli in marcia;Incrocio;Una carreggiata a doppio senso;Asciutto;Asfaltata;Verticale;Sereno;Normale;Sufficiente;Ore Diurne;0;0;0;6;12.45384;41.91014;-1;1;Autovettura privata;In marcia / fermata / arresto;Passeggero;M;Illeso;0;;;
2887105;17;05/07/2016 20:20;Strada Urbana;VIA ANDREA DORIA;all'intersezione con;VIA TOLEMAIDE;VIA TOLEMAIDE;;;Scontro frontale/laterale SX fra veicoli in marcia;Incrocio;Una carreggiata a doppio senso;Asciutto;Asfaltata;Verticale;Sereno;Normale;Sufficiente;Ore Diurne;0;0;0;6;12.45384;41.91014;-1;1;Autovettura privata;In marcia / fermata / arresto;Passeggero;F;Illeso;0;;;
2887105;17;05/07/2016 20:20;Strada Urbana;VIA ANDREA DORIA;all'intersezione con;VIA TOLEMAIDE;VIA TOLEMAIDE;;;Scontro frontale/laterale SX fra veicoli in marcia;Incrocio;Una carreggiata a doppio senso;Asciutto;Asfaltata;Verticale;Sereno;Normale;Sufficiente;Ore Diurne;0;0;0;6;12.45384;41.91014;-1;2;Motociclo a solo;In marcia / fermata / arresto;Conducente;M;Illeso;0;;;
2887105;17;05/07/2016 20:20;Strada Urbana;VIA ANDREA DORIA;all'intersezione con;VIA TOLEMAIDE;VIA TOLEMAIDE;;;Scontro frontale/laterale SX fra veicoli in marcia;Incrocio;Una carreggiata a doppio senso;Asciutto;Asfaltata;Verticale;Sereno;Normale;Sufficiente;Ore Diurne;0;0;0;6;12.45384;41.91014;-1;2;Motociclo a solo;In marcia / fermata / arresto;Passeggero;F;Illeso;0;;Utilizzato;
2887127;4;05/07/2016 22:00;Strada Urbana;VIA NOMENTANA;in prossimità;;del civico n.;1141a;;Scontro frontale fra veicoli in marcia;Rettilineo;Una carreggiata a doppio senso;Asciutto;Asfaltata;Orizzontale;Sereno;Normale;Buona;Sufficiente;2;0;0;2;12.57749;41.95675;-1;1;Autovettura privata;In marcia / fermata / arresto;Conducente;M;Illeso;0;;Non accertato;Inesploso
2887127;4;05/07/2016 22:00;Strada Urbana;VIA NOMENTANA;in prossimità;;del civico n.;1141a;;Scontro frontale fra veicoli in marcia;Rettilineo;Una carreggiata a doppio senso;Asciutto;Asfaltata;Orizzontale;Sereno;Normale;Buona;Sufficiente;2;0;0;2;12.57749;41.95675;-1;2;Autovettura privata;In marcia / fermata / arresto;Conducente;F;Rimandato;0;NON DECEDUTO;Non accertato;Inesploso
2887127;4;05/07/2016 22:00;Strada Urbana;VIA NOMENTANA;in prossimità;;del civico n.;1141a;;Scontro frontale fra veicoli in marcia;Rettilineo;Una carreggiata a doppio senso;Asciutto;Asfaltata;Orizzontale;Sereno;Normale;Buona;Sufficiente;2;0;0;2;12.57749;41.95675;-1;2;Autovettura privata;In marcia / fermata / arresto;Passeggero;F;Rimandato;0;NON DECEDUTO;Non accertato;Inesploso
2887127;4;05/07/2016 22:00;Strada Urbana;VIA NOMENTANA;in prossimità;;del civico n.;1141a;;Scontro frontale fra veicoli in marcia;Rettilineo;Una carreggiata a doppio senso;Asciutto;Asfaltata;Orizzontale;Sereno;Normale;Buona;Sufficiente;2;0;0;2;12.57749;41.95675;-1;3;Autovettura privata;In marcia / fermata / arresto;Conducente;M;Illeso;0;;Non accertato;Inesploso
2887137;13;05/07/2016 12:30;Strada Urbana;VIA COSTANZO CASANA;in prossimità;;del civico n.;313;;Veicolo in marcia contro ostacolo fisso;Rettilineo;Una carreggiata a senso unico di marcia;Asciutto;Asfaltata;Verticale;Sereno;Scarso;Buona;Ore Diurne;0;0;0;2;12.26367;41.73756;-1;1;Autovettura privata;In marcia / fermata / arresto;Conducente;F;Illeso;0;;Non accertato;
2887137;13;05/07/2016 12:30;Strada Urbana;VIA COSTANZO CASANA;in prossimità;;del civico n.;313;;Veicolo in marcia contro ostacolo fisso;Rettilineo;Una carreggiata a senso unico di marcia;Asciutto;Asfaltata;Verticale;Sereno;Scarso;Buona;Ore Diurne;0;0;0;2;12.26367;41.73756;-1;1;Autovettura privata;In marcia / fermata / arresto;Passeggero;F;Illeso;0;;Non accertato;
2887161;13;06/07/2016 00:15;Strada Urbana;CORSO DUCA DI GENOVA;all'intersezione con;VIA DELLE TRIREMI;VIA DELLE TRIREMI;;;Scontro frontale/laterale SX fra veicoli in marcia;Incrocio;Una carreggiata a doppio senso;Asciutto;Asfaltata;Verticale ed orizzontale;Sereno;Scarso;Sufficiente;Sufficiente;2;0;0;4;12.2654;41.73586;-1;1;Autovettura privata;In marcia / fermata / arresto;Conducente;F;Illeso;0;;Non accertato;Inesistente
2887161;13;06/07/2016 00:15;Strada Urbana;CORSO DUCA DI GENOVA;all'intersezione con;VIA DELLE TRIREMI;VIA DELLE TRIREMI;;;Scontro frontale/laterale SX fra veicoli in marcia;Incrocio;Una carreggiata a doppio senso;Asciutto;Asfaltata;Verticale ed orizzontale;Sereno;Scarso;Sufficiente;Sufficiente;2;0;0;4;12.2654;41.73586;-1;1;Autovettura privata;In marcia / fermata / arresto;Passeggero;M;Rimandato;0;NON DECEDUTO;Non accertato;Inesistente
2887161;13;06/07/2016 00:15;Strada Urbana;CORSO DUCA DI GENOVA;all'intersezione con;VIA DELLE TRIREMI;VIA DELLE TRIREMI;;;Scontro frontale/laterale SX fra veicoli in marcia;Incrocio;Una carreggiata a doppio senso;Asciutto;Asfaltata;Verticale ed orizzontale;Sereno;Scarso;Sufficiente;Sufficiente;2;0;0;4;12.2654;41.73586;-1;1;Autovettura privata;In marcia / fermata / arresto;Passeggero;M;Rimandato;0;NON DECEDUTO;Non accertato;Inesistente
2887161;13;06/07/2016 00:15;Strada Urbana;CORSO DUCA DI GENOVA;all'intersezione con;VIA DELLE TRIREMI;VIA DELLE TRIREMI;;;Scontro frontale/laterale SX fra veicoli in marcia;Incrocio;Una carreggiata a doppio senso;Asciutto;Asfaltata;Verticale ed orizzontale;Sereno;Scarso;Sufficiente;Sufficiente;2;0;0;4;12.2654;41.73586;-1;2;Autovettura privata;In marcia / fermata / arresto;Conducente;M;Illeso;0;;Non accertato;
2887161;13;06/07/2016 00:15;Strada Urbana;CORSO DUCA DI GENOVA;all'intersezione con;VIA DELLE TRIREMI;VIA DELLE TRIREMI;;;Scontro frontale/laterale SX fra veicoli in marcia;Incrocio;Una carreggiata a doppio senso;Asciutto;Asfaltata;Verticale ed orizzontale;Sereno;Scarso;Sufficiente;Sufficiente;2;0;0;4;12.2654;41.73586;-1;2;Autovettura privata;In marcia / fermata / arresto;Passeggero;F;Illeso;0;;Non accertato;
2887185;20;06/07/2016 09:05;Strada Urbana;CORSO DI FRANCIA;da specificare;;;;PROSSIMITA' VIA DI VIGNA STELLUTI;Scontro laterale fra veicoli in marcia;Rettilineo;Due carreggiate;Asciutto;Asfaltata;Verticale ed orizzontale;Sereno;Normale;Buona;Ore Diurne;0;0;0;3;12.47154;41.93683;-1;1;Autovettura privata;In marcia / fermata / arresto;Conducente;M;Illeso;0;;Non accertato;Inesploso
2887185;20;06/07/2016 09:05;Strada Urbana;CORSO DI FRANCIA;da specificare;;;;PROSSIMITA' VIA DI VIGNA STELLUTI;Scontro laterale fra veicoli in marcia;Rettilineo;Due carreggiate;Asciutto;Asfaltata;Verticale ed orizzontale;Sereno;Normale;Buona;Ore Diurne;0;0;0;3;12.47154;41.93683;-1;1;Autovettura privata;In marcia / fermata / arresto;Passeggero;F;Illeso;0;;Non accertato;Inesploso
2887185;20;06/07/2016 09:05;Strada Urbana;CORSO DI FRANCIA;da specificare;;;;PROSSIMITA' VIA DI VIGNA STELLUTI;Scontro laterale fra veicoli in marcia;Rettilineo;Due carreggiate;Asciutto;Asfaltata;Verticale ed orizzontale;Sereno;Normale;Buona;Ore Diurne;0;0;0;3;12.47154;41.93683;-1;2;Autovettura privata;In marcia / fermata / arresto;Conducente;M;Illeso;0;;Non accertato;Inesploso
2887188;7;05/07/2016 13:55;Strada Urbana;VIALE DELLA BELLA VILLA;da specificare;;;;via tor tre teste;Scontro laterale fra veicoli in marcia;Rettilineo;Una carreggiata a doppio senso;Asciutto;Asfaltata;Verticale ed orizzontale;Sereno;Normale;Buona;Ore Diurne;0;0;0;2;12.58214;41.87369;-1;1;Autovettura privata;In marcia / fermata / arresto;Conducente;M;Illeso;0;;Non accertato;Inesploso
2887188;7;05/07/2016 13:55;Strada Urbana;VIALE DELLA BELLA VILLA;da specificare;;;;via tor tre teste;Scontro laterale fra veicoli in marcia;Rettilineo;Una carreggiata a doppio senso;Asciutto;Asfaltata;Verticale ed orizzontale;Sereno;Normale;Buona;Ore Diurne;0;0;0;2;12.58214;41.87369;-1;2;Autovettura di polizia;In marcia / fermata / arresto;Conducente;M;Illeso;0;;Non accertato;Inesploso
2887211;17;05/07/2016 12:40;Strada Urbana;VIA TIMAVO;da specificare;;;;fronte civico 30;Investimento di pedone;Rettilineo;Due carreggiate;Asciutto;Asfaltata;Verticale ed orizzontale;Sereno;Scarso;Sufficiente;Ore Diurne;1;0;0;2;12.46197;41.92112;-1;;;;Pedone;M;Rifiuta cure immediate;0;NON DECEDUTO;;
2887211;17;05/07/2016 12:40;Strada Urbana;VIA TIMAVO;da specificare;;;;fronte civico 30;Investimento di pedone;Rettilineo;Due carreggiate;Asciutto;Asfaltata;Verticale ed orizzontale;Sereno;Scarso;Sufficiente;Ore Diurne;1;0;0;2;12.46197;41.92112;-1;1;Autovettura privata;In marcia / fermata / arresto;Conducente;M;Illeso;0;;;
2887211;17;05/07/2016 12:40;Strada Urbana;VIA TIMAVO;da specificare;;;;fronte civico 30;Investimento di pedone;Rettilineo;Due carreggiate;Asciutto;Asfaltata;Verticale ed orizzontale;Sereno;Scarso;Sufficiente;Ore Diurne;1;0;0;2;12.46197;41.92112;-1;1;Autovettura privata;In marcia / fermata / arresto;Passeggero;F;Illeso;0;;;
2887214;19;05/07/2016 08:20;Strada Urbana;VIA DI CASAL DEL MARMO;all'intersezione con;VIA ANTONIO PANIZZI;VIA ANTONIO PANIZZI;;;Scontro laterale fra veicoli in marcia;Incrocio;Una carreggiata a doppio senso;Asciutto;Asfaltata;Verticale ed orizzontale;Sereno;Normale;Buona;Ore Diurne;1;0;0;1;12.40296;41.95559;-1;1;Autocarro inferiore 35 q.;In marcia / fermata / arresto;Conducente;M;Illeso;0;;Non accertato;Inesploso
2887214;19;05/07/2016 08:20;Strada Urbana;VIA DI CASAL DEL MARMO;all'intersezione con;VIA ANTONIO PANIZZI;VIA ANTONIO PANIZZI;;;Scontro laterale fra veicoli in marcia;Incrocio;Una carreggiata a doppio senso;Asciutto;Asfaltata;Verticale ed orizzontale;Sereno;Normale;Buona;Ore Diurne;1;0;0;1;12.40296;41.95559;-1;2;Motociclo a solo;In marcia / fermata / arresto;Conducente;M;Ricoverato;0;NON DECEDUTO;Non accertato;
2887216;16;05/07/2016 13:05;Strada Urbana;VIA DI BRAVETTA;in corrispondenza;;del civico n.;636;;Scontro laterale fra veicoli in marcia;Rettilineo;Una carreggiata a doppio senso;Asciutto;Asfaltata;Verticale ed orizzontale;Sereno;Normale;Buona;Ore Diurne;2;0;0;4;12.42233;41.87033;-1;1;Motociclo con passeggero;In marcia / fermata / arresto;Conducente;M;Rimandato;0;NON DECEDUTO;;
2887216;16;05/07/2016 13:05;Strada Urbana;VIA DI BRAVETTA;in corrispondenza;;del civico n.;636;;Scontro laterale fra veicoli in marcia;Rettilineo;Una carreggiata a doppio senso;Asciutto;Asfaltata;Verticale ed orizzontale;Sereno;Normale;Buona;Ore Diurne;2;0;0;4;12.42233;41.87033;-1;1;Motociclo con passeggero;In marcia / fermata / arresto;Passeggero;F;Rimandato;0;NON DECEDUTO;;
2887216;16;05/07/2016 13:05;Strada Urbana;VIA DI BRAVETTA;in corrispondenza;;del civico n.;636;;Scontro laterale fra veicoli in marcia;Rettilineo;Una carreggiata a doppio senso;Asciutto;Asfaltata;Verticale ed orizzontale;Sereno;Normale;Buona;Ore Diurne;2;0;0;4;12.42233;41.87033;-1;2;Autovettura privata;In marcia / fermata / arresto;Conducente;M;Illeso;0;;;
2887216;16;05/07/2016 13:05;Strada Urbana;VIA DI BRAVETTA;in corrispondenza;;del civico n.;636;;Scontro laterale fra veicoli in marcia;Rettilineo;Una carreggiata a doppio senso;Asciutto;Asfaltata;Verticale ed orizzontale;Sereno;Normale;Buona;Ore Diurne;2;0;0;4;12.42233;41.87033;-1;3;Autovettura privata;In marcia / fermata / arresto;Conducente;F;Illeso;0;;Non accertato;Inesploso
2887216;16;05/07/2016 13:05;Strada Urbana;VIA DI BRAVETTA;in corrispondenza;;del civico n.;636;;Scontro laterale fra veicoli in marcia;Rettilineo;Una carreggiata a doppio senso;Asciutto;Asfaltata;Verticale ed orizzontale;Sereno;Normale;Buona;Ore Diurne;2;0;0;4;12.42233;41.87033;-1;3;Autovettura privata;In marcia / fermata / arresto;Passeggero;M;Illeso;0;;;
2887216;16;05/07/2016 13:05;Strada Urbana;VIA DI BRAVETTA;in corrispondenza;;del civico n.;636;;Scontro laterale fra veicoli in marcia;Rettilineo;Una carreggiata a doppio senso;Asciutto;Asfaltata;Verticale ed orizzontale;Sereno;Normale;Buona;Ore Diurne;2;0;0;4;12.42233;41.87033;-1;3;Autovettura privata;In marcia / fermata / arresto;Passeggero;F;Illeso;0;;;
2887229;4;05/07/2016 10:15;Provinciale entro l'abitato;VIA NOMENTANA;in prossimità;;del civico n.;859/f;;Tamponamento Multiplo;Curva a visuale libera;Una carreggiata a doppio senso;Asciutto;Asfaltata;Verticale ed orizzontale;Sereno;Normale;Buona;Ore Diurne;3;0;0;1;12.55074;41.9405;-1;1;Autovettura privata;In marcia / fermata / arresto;Conducente;M;Rimandato;0;NON DECEDUTO;Non accertato;Inesploso
2887229;4;05/07/2016 10:15;Provinciale entro l'abitato;VIA NOMENTANA;in prossimità;;del civico n.;859/f;;Tamponamento Multiplo;Curva a visuale libera;Una carreggiata a doppio senso;Asciutto;Asfaltata;Verticale ed orizzontale;Sereno;Normale;Buona;Ore Diurne;3;0;0;1;12.55074;41.9405;-1;2;Autovettura privata;In marcia / fermata / arresto;Conducente;F;Rimandato;0;NON DECEDUTO;Non accertato;Inesploso
2887229;4;05/07/2016 10:15;Provinciale entro l'abitato;VIA NOMENTANA;in prossimità;;del civico n.;859/f;;Tamponamento Multiplo;Curva a visuale libera;Una carreggiata a doppio senso;Asciutto;Asfaltata;Verticale ed orizzontale;Sereno;Normale;Buona;Ore Diurne;3;0;0;1;12.55074;41.9405;-1;2;Autovettura privata;In marcia / fermata / arresto;Passeggero;F;Rimandato;0;NON DECEDUTO;Non accertato;Inesploso
2887229;4;05/07/2016 10:15;Provinciale entro l'abitato;VIA NOMENTANA;in prossimità;;del civico n.;859/f;;Tamponamento Multiplo;Curva a visuale libera;Una carreggiata a doppio senso;Asciutto;Asfaltata;Verticale ed orizzontale;Sereno;Normale;Buona;Ore Diurne;3;0;0;1;12.55074;41.9405;-1;3;Autovettura privata;In marcia / fermata / arresto;Conducente;F;Illeso;0;;Non accertato;Inesploso
2887235;16;05/07/2016 15:00;Strada Urbana;VIA DI BRAVETTA;all'intersezione con;VIA DELLA PISANA;VIA DELLA PISANA;;;Scontro laterale fra veicoli in marcia;Incrocio;Una carreggiata a doppio senso;Asciutto;Asfaltata;Verticale ed orizzontale;Sereno;Normale;Buona;Ore Diurne;0;0;0;3;12.42599;41.87664;-1;1;Autovettura privata;In marcia / fermata / arresto;Conducente;M;Illeso;0;;Utilizzato;Inesploso
2887235;16;05/07/2016 15:00;Strada Urbana;VIA DI BRAVETTA;all'intersezione con;VIA DELLA PISANA;VIA DELLA PISANA;;;Scontro laterale fra veicoli in marcia;Incrocio;Una carreggiata a doppio senso;Asciutto;Asfaltata;Verticale ed orizzontale;Sereno;Normale;Buona;Ore Diurne;0;0;0;3;12.42599;41.87664;-1;1;Autovettura privata;In marcia / fermata / arresto;Passeggero;F;Illeso;0;;Non accertato;Inesploso
2887235;16;05/07/2016 15:00;Strada Urbana;VIA DI BRAVETTA;all'intersezione con;VIA DELLA PISANA;VIA DELLA PISANA;;;Scontro laterale fra veicoli in marcia;Incrocio;Una carreggiata a doppio senso;Asciutto;Asfaltata;Verticale ed orizzontale;Sereno;Normale;Buona;Ore Diurne;0;0;0;3;12.42599;41.87664;-1;2;Autovettura privata;In marcia / fermata / arresto;Conducente;M;Illeso;0;;Non accertato;Inesploso
2887238;19;05/07/2016 13:40;Strada Urbana;VIA DI CASAL DEL MARMO;in prossimità;;del civico n.;181;;Veicolo in marcia contro veicolo in sosta;Rettilineo;Una carreggiata a doppio senso;Asciutto;Asfaltata;Assente;Sereno;Normale;Buona;Ore Diurne;0;0;0;2;12.40547;41.95888;-1;1;Autovettura privata;In marcia / fermata / arresto;Conducente;M;Illeso;0;;Non accertato;
2887238;19;05/07/2016 13:40;Strada Urbana;VIA DI CASAL DEL MARMO;in prossimità;;del civico n.;181;;Veicolo in marcia contro veicolo in sosta;Rettilineo;Una carreggiata a doppio senso;Asciutto;Asfaltata;Assente;Sereno;Normale;Buona;Ore Diurne;0;0;0;2;12.40547;41.95888;-1;2;Autovettura privata;In marcia / fermata / arresto;Conducente;F;Illeso;0;;Non accertato;
2887263;12;06/07/2016 08:25;Strada Urbana;VIA ALVARO DEL PORTILLO;da specificare;;;;altezza palo Acea n. 81;Tamponamento;Rettilineo;Una carreggiata a doppio senso;Asciutto;Asfaltata;Verticale ed orizzontale;Sereno;Normale;Buona;Ore Diurne;1;0;0;2;12.4708;41.77736;-1;1;Autovettura privata;In marcia / fermata / arresto;Conducente;M;Illeso;0;;Non accertato;Inesploso
2887263;12;06/07/2016 08:25;Strada Urbana;VIA ALVARO DEL PORTILLO;da specificare;;;;altezza palo Acea n. 81;Tamponamento;Rettilineo;Una carreggiata a doppio senso;Asciutto;Asfaltata;Verticale ed orizzontale;Sereno;Normale;Buona;Ore Diurne;1;0;0;2;12.4708;41.77736;-1;1;Autovettura privata;In marcia / fermata / arresto;Passeggero;F;Illeso;0;;Non accertato;Inesploso
2887263;12;06/07/2016 08:25;Strada Urbana;VIA ALVARO DEL PORTILLO;da specificare;;;;altezza palo Acea n. 81;Tamponamento;Rettilineo;Una carreggiata a doppio senso;Asciutto;Asfaltata;Verticale ed orizzontale;Sereno;Normale;Buona;Ore Diurne;1;0;0;2;12.4708;41.77736;-1;2;Motociclo a solo;In marcia / fermata / arresto;Conducente;M;Ricoverato;0;NON DECEDUTO;Utilizzato;
2887278;19;05/07/2016 17:00;Strada Urbana;VIA MATTIA BATTISTINI;all'intersezione con;VIA CARDINALE MERCATI;VIA CARDINALE MERCATI;;;Scontro frontale/laterale SX fra veicoli in marcia;Incrocio;Una carreggiata a doppio senso;Asciutto;Asfaltata;Verticale ed orizzontale;Sereno;Normale;Buona;Ore Diurne;0;0;0;2;12.41843;41.91385;-1;1;Autocarro inferiore 35 q.;In marcia / fermata / arresto;Conducente;M;Illeso;0;;Non accertato;
2887278;19;05/07/2016 17:00;Strada Urbana;VIA MATTIA BATTISTINI;all'intersezione con;VIA CARDINALE MERCATI;VIA CARDINALE MERCATI;;;Scontro frontale/laterale SX fra veicoli in marcia;Incrocio;Una carreggiata a doppio senso;Asciutto;Asfaltata;Verticale ed orizzontale;Sereno;Normale;Buona;Ore Diurne;0;0;0;2;12.41843;41.91385;-1;2;Autovettura privata;In marcia / fermata / arresto;Conducente;F;Illeso;0;;Non accertato;
2887299;19;05/07/2016 18:30;Strada Urbana;VIA ANDREA ANGIULLI;in prossimità;;del civico n.;5;;Veicolo in marcia contro veicolo in sosta;Rettilineo;Una carreggiata a senso unico di marcia;Asciutto;Asfaltata;Assente;Sereno;Normale;Buona;Ore Diurne;1;0;0;0;12.42525;41.94617;-1;2;Motociclo a solo;In marcia / fermata / arresto;Conducente;M;Rimandato;0;NON DECEDUTO;;
2887327;13;06/07/2016 09:45;Strada Urbana;VIA DI CASTEL FUSANO;da specificare;;;;altezza Via di Pianabella;Tamponamento;Rettilineo;Una carreggiata a doppio senso;Asciutto;Asfaltata;Orizzontale;Sereno;Intenso;Buona;Ore Diurne;0;0;0;2;12.3069;41.75609;-1;1;Autovettura privata;In marcia / fermata / arresto;Conducente;M;Illeso;0;;Non accertato;Inesploso
2887327;13;06/07/2016 09:45;Strada Urbana;VIA DI CASTEL FUSANO;da specificare;;;;altezza Via di Pianabella;Tamponamento;Rettilineo;Una carreggiata a doppio senso;Asciutto;Asfaltata;Orizzontale;Sereno;Intenso;Buona;Ore Diurne;0;0;0;2;12.3069;41.75609;-1;2;Autovettura privata;In marcia / fermata / arresto;Conducente;F;Illeso;0;;Non accertato;
2887338;18;05/07/2016 17:10;Strada Urbana;VIA CORNELIA;in prossimità;;del civico n.;16;;Ribaltamento senza urto contro ostacolo fisso;Rettilineo;Una carreggiata a doppio senso;Asciutto;Asfaltata;Orizzontale;Sereno;Normale;Buona;Ore Diurne;1;0;0;0;12.39837;41.91017;-1;1;Motociclo a solo;In marcia / fermata / arresto;Conducente;M;Rimandato;0;NON DECEDUTO;Non accertato;
2887356;18;05/07/2016 18:00;Strada Urbana;VIA DI BOCCEA;in prossimità;;del civico n.;299;;Scontro laterale fra veicoli in marcia;Rettilineo;Una carreggiata a doppio senso;Asciutto;Asfaltata;Verticale ed orizzontale;Sereno;Intenso;Buona;Ore Diurne;0;0;0;3;12.41435;41.90302;-1;1;Autovettura privata;In marcia / fermata / arresto;Conducente;M;Illeso;0;;;
2887356;18;05/07/2016 18:00;Strada Urbana;VIA DI BOCCEA;in prossimità;;del civico n.;299;;Scontro laterale fra veicoli in marcia;Rettilineo;Una carreggiata a doppio senso;Asciutto;Asfaltata;Verticale ed orizzontale;Sereno;Intenso;Buona;Ore Diurne;0;0;0;3;12.41435;41.90302;-1;2;Autovettura privata;In marcia / fermata / arresto;Conducente;M;Illeso;0;;;
2887356;18;05/07/2016 18:00;Strada Urbana;VIA DI BOCCEA;in prossimità;;del civico n.;299;;Scontro laterale fra veicoli in marcia;Rettilineo;Una carreggiata a doppio senso;Asciutto;Asfaltata;Verticale ed orizzontale;Sereno;Intenso;Buona;Ore Diurne;0;0;0;3;12.41435;41.90302;-1;2;Autovettura privata;In marcia / fermata / arresto;Passeggero;M;Illeso;0;;;
2887361;18;05/07/2016 12:30;Strada Urbana;VIA MICHELE PIRONTI;all'intersezione con;VIA NICOLA COVIELLO;VIA NICOLA COVIELLO;;;Investimento di pedone;Intersezione stradale segnalata;Più di due carreggiate;Asciutto;Asfaltata;Verticale ed orizzontale;Sereno;Normale;Sufficiente;Ore Diurne;1;0;0;1;12.41174;41.89305;-1;;;;Pedone;M;Rifiuta cure immediate;0;NON DECEDUTO;;
2887361;18;05/07/2016 12:30;Strada Urbana;VIA MICHELE PIRONTI;all'intersezione con;VIA NICOLA COVIELLO;VIA NICOLA COVIELLO;;;Investimento di pedone;Intersezione stradale segnalata;Più di due carreggiate;Asciutto;Asfaltata;Verticale ed orizzontale;Sereno;Normale;Sufficiente;Ore Diurne;1;0;0;1;12.41174;41.89305;-1;1;Autovettura privata;In marcia / fermata / arresto;Conducente;M;Illeso;0;;Non accertato;Inesploso
2887364;18;05/07/2016 11:50;Strada Urbana;VIA DI BOCCEA;all'intersezione con;VIA GIUSEPPE MARELLO;VIA GIUSEPPE MARELLO;;;Scontro frontale/laterale SX fra veicoli in marcia;Intersezione semaforizzata;Una carreggiata a doppio senso;Asciutto;Asfaltata;Verticale ed orizzontale;Sereno;Normale;Buona;Ore Diurne;1;0;0;2;12.39188;41.91186;-1;1;Autovettura privata;In marcia / fermata / arresto;Conducente;F;Illeso;0;;;Inesploso
2887364;18;05/07/2016 11:50;Strada Urbana;VIA DI BOCCEA;all'intersezione con;VIA GIUSEPPE MARELLO;VIA GIUSEPPE MARELLO;;;Scontro frontale/laterale SX fra veicoli in marcia;Intersezione semaforizzata;Una carreggiata a doppio senso;Asciutto;Asfaltata;Verticale ed orizzontale;Sereno;Normale;Buona;Ore Diurne;1;0;0;2;12.39188;41.91186;-1;1;Autovettura privata;In marcia / fermata / arresto;Passeggero;F;Illeso;0;;Non accertato;Inesploso
2887364;18;05/07/2016 11:50;Strada Urbana;VIA DI BOCCEA;all'intersezione con;VIA GIUSEPPE MARELLO;VIA GIUSEPPE MARELLO;;;Scontro frontale/laterale SX fra veicoli in marcia;Intersezione semaforizzata;Una carreggiata a doppio senso;Asciutto;Asfaltata;Verticale ed orizzontale;Sereno;Normale;Buona;Ore Diurne;1;0;0;2;12.39188;41.91186;-1;2;Motociclo a solo;In marcia / fermata / arresto;Conducente;M;Rimandato;0;NON DECEDUTO;Non accertato;
2887369;18;05/07/2016 10:30;Strada Urbana;VIA AURELIA;in prossimità;;del civico n.;677;;Scontro frontale/laterale SX fra veicoli in marcia;Rettilineo;Una carreggiata a doppio senso;Asciutto;Asfaltata;Verticale ed orizzontale;Sereno;Normale;Buona;Ore Diurne;1;0;0;1;12.41539;41.89343;-1;1;Motociclo a solo;In marcia / fermata / arresto;Conducente;M;Rimandato;0;NON DECEDUTO;Non accertato;
2887369;18;05/07/2016 10:30;Strada Urbana;VIA AURELIA;in prossimità;;del civico n.;677;;Scontro frontale/laterale SX fra veicoli in marcia;Rettilineo;Una carreggiata a doppio senso;Asciutto;Asfaltata;Verticale ed orizzontale;Sereno;Normale;Buona;Ore Diurne;1;0;0;1;12.41539;41.89343;-1;2;Autovettura privata;In marcia / fermata / arresto;Conducente;M;Illeso;0;;Non accertato;Inesploso