Protocollo;Gruppo;DataOraIncidente;Localizzazione1;STRADA1;Localizzazione2;STRADA2;Strada02;Chilometrica;DaSpecificare;NaturaIncidente;particolaritastrade;TipoStrada;FondoStradale;Pavimentazione;Segnaletica;CondizioneAtmosferica;Traffico;Visibilita;Illuminazione;NUM_FERITI;NUM_RISERVATA;NUM_MORTI;NUM_ILLESI;Longitudine;Latitudine;Confermato;Progressivo;TipoVeicolo;StatoVeicolo;TipoPersona;Sesso;Tipolesione;Deceduto;DecedutoDopo;CinturaCascoUtilizzato;Airbag
2887759;1;05/07/2016 18:45;Strada Urbana;VIA STATILIA;in prossimità;;del civico n.;18;;Tamponamento;Rettilineo;Una carreggiata a senso unico di marcia;Asciutto;Asfaltata;Verticale ed orizzontale;Sereno;Normale;Buona;Ore Diurne;1;0;0;1;12.50823;41.88911;-1;2;Autovettura privata;In marcia / fermata / arresto;Conducente;M;Illeso;0;;Non accertato;
2887767;15;06/07/2016 12:15;Strada Urbana;VIA DEI BUONVISI;all'intersezione con;VIA DEI BADOER;VIA DEI BADOER;;;Tamponamento;Intersezione stradale segnalata;Una carreggiata a senso unico di marcia;Asciutto;Asfaltata;Verticale;Sereno;Normale;Buona;Ore Diurne;0;0;0;2;12.42741;41.85344;-1;1;Autovettura privata;In marcia / fermata / arresto;Conducente;M;Illeso;0;;;
2887767;15;06/07/2016 12:15;Strada Urbana;VIA DEI BUONVISI;all'intersezione con;VIA DEI BADOER;VIA DEI BADOER;;;Tamponamento;Intersezione stradale segnalata;Una carreggiata a senso unico di marcia;Asciutto;Asfaltata;Verticale;Sereno;Normale;Buona;Ore Diurne;0;0;0;2;12.42741;41.85344;-1;2;Autovettura privata;In marcia / fermata / arresto;Conducente;F;Illeso;0;;;
2887778;16;05/07/2016 17:30;Strada Urbana;VIALE GUGLIELMO MARCONI;in prossimità;;del civico n.;57;;Veicolo in marcia contro veicolo in sosta;Rettilineo;Due carreggiate;Asciutto;Asfaltata;Orizzontale;Sereno;Normale;Buona;Ore Diurne;0;0;0;1;12.46841;41.86831;-1;2;Autobus di linea;In marcia / fermata / arresto;Conducente;M;Illeso;0;;Esente;Inesploso
2887809;1;06/07/2016 09:30;Strada Urbana;LUNGOTEVERE GIANICOLENSE;all'intersezione semaforizzata con;PONTE GIUSEPPE MAZZINI;PONTE GIUSEPPE MAZZINI;;;Scontro laterale fra veicoli in marcia;Intersezione semaforizzata;Una carreggiata a senso unico di marcia;Asciutto;Asfaltata;Verticale ed orizzontale;Sereno;Normale;Buona;Ore Diurne;0;0;0;2;12.46541;41.89569;-1;1;Autovettura privata;In marcia / fermata / arresto;Conducente;F;Illeso;0;;Non accertato;Inesploso
2887809;1;06/07/2016 09:30;Strada Urbana;LUNGOTEVERE GIANICOLENSE;all'intersezione semaforizzata con;PONTE GIUSEPPE MAZZINI;PONTE GIUSEPPE MAZZINI;;;Scontro laterale fra veicoli in marcia;Intersezione semaforizzata;Una carreggiata a senso unico di marcia;Asciutto;Asfaltata;Verticale ed orizzontale;Sereno;Normale;Buona;Ore Diurne;0;0;0;2;12.46541;41.89569;-1;2;Motociclo a solo;In marcia / fermata / arresto;Conducente;M;Illeso;0;;;
2887835;1;02/07/2016 18:15;Strada Urbana;VIA TOMACELLI;in corrispondenza;;del civico n.;160;;Investimento di pedone;Rettilineo;Una carreggiata a doppio senso;Asciutto;Asfaltata;Verticale ed orizzontale;Sereno;Intenso;Buona;Ore Diurne;1;0;0;2;12.4785;41.90471;-1;;;;Pedone;M;Illeso;0;;;
2887835;1;02/07/2016 18:15;Strada Urbana;VIA TOMACELLI;in corrispondenza;;del civico n.;160;;Investimento di pedone;Rettilineo;Una carreggiata a doppio senso;Asciutto;Asfaltata;Verticale ed orizzontale;Sereno;Intenso;Buona;Ore Diurne;1;0;0;2;12.4785;41.90471;-1;;;;Pedone;F;Rimandato;0;NON DECEDUTO;;
2887835;1;02/07/2016 18:15;Strada Urbana;VIA TOMACELLI;in corrispondenza;;del civico n.;160;;Investimento di pedone;Rettilineo;Una carreggiata a doppio senso;Asciutto;Asfaltata;Verticale ed orizzontale;Sereno;Intenso;Buona;Ore Diurne;1;0;0;2;12.4785;41.90471;-1;1;Autovettura pubblica;In marcia / fermata / arresto;Conducente;M;Illeso;0;;Non accertato;Inesploso
2887840;19;06/07/2016 13:00;Strada Urbana;VIA DEI MONTI DI PRIMAVALLE;all'intersezione con;VIA FRANCESCO TAMAGNO;VIA FRANCESCO TAMAGNO;;;Scontro frontale/laterale SX fra veicoli in marcia;Incrocio;Una carreggiata a doppio senso;Asciutto;Asfaltata;Orizzontale;Sereno;Scarso;Buona;Ore Diurne;1;0;0;1;12.41393;41.90704;-1;1;Autovettura privata;In marcia / fermata / arresto;Conducente;F;Illeso;0;;Non accertato;Inesploso
2887840;19;06/07/2016 13:00;Strada Urbana;VIA DEI MONTI DI PRIMAVALLE;all'intersezione con;VIA FRANCESCO TAMAGNO;VIA FRANCESCO TAMAGNO;;;Scontro frontale/laterale SX fra veicoli in marcia;Incrocio;Una carreggiata a doppio senso;Asciutto;Asfaltata;Orizzontale;Sereno;Scarso;Buona;Ore Diurne;1;0;0;1;12.41393;41.90704;-1;2;Motociclo a solo;In marcia / fermata / arresto;Conducente;M;Rimandato;0;NON DECEDUTO;Non accertato;
2887853;10;06/07/2016 14:30;Strada Urbana;VIA CARTAGINE;in corrispondenza;;del civico n.;91;;Veicolo in marcia contro veicoli in sosta;Rettilineo;Due carreggiate;Asciutto;Asfaltata;Verticale;Sereno;Normale;Buona;Ore Diurne;0;0;0;1;12.55073;41.85971;-1;1;Autovettura privata;In marcia / fermata / arresto;Conducente;F;Illeso;0;;Non accertato;Inesploso
2887963;2;06/07/2016 12:50;Strada Urbana;VIALE DELLA MOSCHEA;all'intersezione con;LARGO SERGIO LEONE;LARGO SERGIO LEONE;;;Scontro frontale/laterale DX fra veicoli in marcia;Incrocio;Una carreggiata a doppio senso;Asciutto;Asfaltata;Verticale ed orizzontale;Sereno;Normale;Buona;Ore Diurne;1;0;0;1;12.4931;41.93385;-1;1;Autovettura privata;In marcia / fermata / arresto;Conducente;M;Illeso;0;;Non accertato;Inesploso
2887963;2;06/07/2016 12:50;Strada Urbana;VIALE DELLA MOSCHEA;all'intersezione con;LARGO SERGIO LEONE;LARGO SERGIO LEONE;;;Scontro frontale/laterale DX fra veicoli in marcia;Incrocio;Una carreggiata a doppio senso;Asciutto;Asfaltata;Verticale ed orizzontale;Sereno;Normale;Buona;Ore Diurne;1;0;0;1;12.4931;41.93385;-1;2;Motociclo a solo;In marcia / fermata / arresto;Conducente;M;Rimandato;0;NON DECEDUTO;Non accertato;
2887971;2;06/07/2016 14:30;Strada Urbana;VIA AJACCIO;in prossimità;;del civico n.;43;;Veicolo in marcia contro veicoli in sosta;Rettilineo;Una carreggiata a senso unico di marcia;Asciutto;Asfaltata;Verticale ed orizzontale;Sereno;Scarso;Buona;Ore Diurne;0;0;0;1;12.50967;41.91928;-1;1;Autovettura privata;In marcia / fermata / arresto;Conducente;M;Illeso;0;;Non accertato;Inesploso
2887985;10;06/07/2016 17:00;Strada Urbana;PIAZZA S. GIOVANNI BOSCO;all'intersezione con;VIALE MARCO FULVIO NOBILIORE;VIALE MARCO FULVIO NOBILIORE;;;Scontro frontale/laterale SX fra veicoli in marcia;Incrocio;Una carreggiata a senso unico di marcia;Asciutto;Asfaltata;Verticale ed orizzontale;Sereno;Intenso;Sufficiente;Ore Diurne;2;0;0;2;12.5644;41.85876;-1;1;Autovettura privata;In marcia / fermata / arresto;Conducente;F;Rimandato;0;NON DECEDUTO;Non accertato;Esploso
2887985;10;06/07/2016 17:00;Strada Urbana;PIAZZA S. GIOVANNI BOSCO;all'intersezione con;VIALE MARCO FULVIO NOBILIORE;VIALE MARCO FULVIO NOBILIORE;;;Scontro frontale/laterale SX fra veicoli in marcia;Incrocio;Una carreggiata a senso unico di marcia;Asciutto;Asfaltata;Verticale ed orizzontale;Sereno;Intenso;Sufficiente;Ore Diurne;2;0;0;2;12.5644;41.85876;-1;1;Autovettura privata;In marcia / fermata / arresto;Passeggero;M;Rimandato;0;NON DECEDUTO;Non accertato;
2887985;10;06/07/2016 17:00;Strada Urbana;PIAZZA S. GIOVANNI BOSCO;all'intersezione con;VIALE MARCO FULVIO NOBILIORE;VIALE MARCO FULVIO NOBILIORE;;;Scontro frontale/laterale SX fra veicoli in marcia;Incrocio;Una carreggiata a senso unico di marcia;Asciutto;Asfaltata;Verticale ed orizzontale;Sereno;Intenso;Sufficiente;Ore Diurne;2;0;0;2;12.5644;41.85876;-1;2;Autovettura privata;In marcia / fermata / arresto;Conducente;M;Illeso;0;;Non accertato;Inesploso
2887985;10;06/07/2016 17:00;Strada Urbana;PIAZZA S. GIOVANNI BOSCO;all'intersezione con;VIALE MARCO FULVIO NOBILIORE;VIALE MARCO FULVIO NOBILIORE;;;Scontro frontale/laterale SX fra veicoli in marcia;Incrocio;Una carreggiata a senso unico di marcia;Asciutto;Asfaltata;Verticale ed orizzontale;Sereno;Intenso;Sufficiente;Ore Diurne;2;0;0;2;12.5644;41.85876;-1;2;Autovettura privata;In marcia / fermata / arresto;Passeggero;F;Illeso;0;;Non accertato;Inesploso
2887993;10;06/07/2016 00:53;Strada Urbana;VIALE BRUNO PELIZZI;da specificare;;;;rotatoria con VIA WALTER PROCACCINI;Scontro frontale/laterale SX fra veicoli in marcia;Rotatoria;Una carreggiata a senso unico di marcia;Asciutto;Asfaltata;Verticale ed orizzontale;Sereno;Normale;Buona;Ore Diurne;0;0;0;2;12.58271;41.85191;-1;1;Autovettura privata;In marcia / fermata / arresto;Conducente;M;Illeso;0;;Non accertato;Inesploso
2887993;10;06/07/2016 00:53;Strada Urbana;VIALE BRUNO PELIZZI;da specificare;;;;rotatoria con VIA WALTER PROCACCINI;Scontro frontale/laterale SX fra veicoli in marcia;Rotatoria;Una carreggiata a senso unico di marcia;Asciutto;Asfaltata;Verticale ed orizzontale;Sereno;Normale;Buona;Ore Diurne;0;0;0;2;12.58271;41.85191;-1;2;Autovettura privata;In marcia / fermata / arresto;Conducente;M;Illeso;0;;Non accertato;Inesploso
2887998;10;06/07/2016 09:15;Strada Urbana;VIALE PALMIRO TOGLIATTI;in corrispondenza;;del civico n.;61;;Tamponamento;Rettilineo;Una carreggiata a senso unico di marcia;Asciutto;Asfaltata;Verticale ed orizzontale;Sereno;Normale;Buona;Ore Diurne;1;0;0;1;12.57087;41.85631;-1;1;Autovettura privata;In marcia / fermata / arresto;Conducente;M;Illeso;0;;Non accertato;Inesploso
2887998;10;06/07/2016 09:15;Strada Urbana;VIALE PALMIRO TOGLIATTI;in corrispondenza;;del civico n.;61;;Tamponamento;Rettilineo;Una carreggiata a senso unico di marcia;Asciutto;Asfaltata;Verticale ed orizzontale;Sereno;Normale;Buona;Ore Diurne;1;0;0;1;12.57087;41.85631;-1;2;Motociclo con passeggero;In marcia / fermata / arresto;Conducente;M;Rimandato;0;NON DECEDUTO;Non accertato;
2888030;6;06/07/2016 11:50;Strada Urbana;VIA PRENESTINA;all'intersezione con;VIA OLEVANO ROMANO;VIA OLEVANO ROMANO;;;Scontro laterale fra veicoli in marcia;Intersezione semaforizzata;Due carreggiate;Asciutto;Asfaltata;Verticale ed orizzontale;Sereno;Normale;Buona;Ore Diurne;0;0;0;4;12.55494;41.89423;-1;1;Autovettura privata;In marcia / fermata / arresto;Conducente;M;Illeso;0;;;
2888030;6;06/07/2016 11:50;Strada Urbana;VIA PRENESTINA;all'intersezione con;VIA OLEVANO ROMANO;VIA OLEVANO ROMANO;;;Scontro laterale fra veicoli in marcia;Intersezione semaforizzata;Due carreggiate;Asciutto;Asfaltata;Verticale ed orizzontale;Sereno;Normale;Buona;Ore Diurne;0;0;0;4;12.55494;41.89423;-1;2;Autoambulanza;In marcia / fermata / arresto;Conducente;M;Illeso;0;;;
2888030;6;06/07/2016 11:50;Strada Urbana;VIA PRENESTINA;all'intersezione con;VIA OLEVANO ROMANO;VIA OLEVANO ROMANO;;;Scontro laterale fra veicoli in marcia;Intersezione semaforizzata;Due carreggiate;Asciutto;Asfaltata;Verticale ed orizzontale;Sereno;Normale;Buona;Ore Diurne;0;0;0;4;12.55494;41.89423;-1;2;Autoambulanza;In marcia / fermata / arresto;Passeggero;F;Illeso;0;;;
2888030;6;06/07/2016 11:50;Strada Urbana;VIA PRENESTINA;all'intersezione con;VIA OLEVANO ROMANO;VIA OLEVANO ROMANO;;;Scontro laterale fra veicoli in marcia;Intersezione semaforizzata;Due carreggiate;Asciutto;Asfaltata;Verticale ed orizzontale;Sereno;Normale;Buona;Ore Diurne;0;0;0;4;12.55494;41.89423;-1;2;Autoambulanza;In marcia / fermata / arresto;Passeggero;F;Illeso;0;;;
2888038;6;06/07/2016 14:10;Strada Urbana;VIA DI PORTONACCIO;da specificare;;;;prossimità palo ACEA 131;Tamponamento;Rettilineo;Due carreggiate;Asciutto;Asfaltata;Orizzontale;Sereno;Normale;Buona;Ore Diurne;3;0;0;0;12.54167;41.89428;-1;1;Autovettura privata;In marcia / fermata / arresto;Conducente;M;Rifiuta cure immediate;0;NON DECEDUTO;;
2888038;6;06/07/2016 14:10;Strada Urbana;VIA DI PORTONACCIO;da specificare;;;;prossimità palo ACEA 131;Tamponamento;Rettilineo;Due carreggiate;Asciutto;Asfaltata;Orizzontale;Sereno;Normale;Buona;Ore Diurne;3;0;0;0;12.54167;41.89428;-1;1;Autovettura privata;In marcia / fermata / arresto;Passeggero;F;Rifiuta cure immediate;0;NON DECEDUTO;;
2888038;6;06/07/2016 14:10;Strada Urbana;VIA DI PORTONACCIO;da specificare;;;;prossimità palo ACEA 131;Tamponamento;Rettilineo;Due carreggiate;Asciutto;Asfaltata;Orizzontale;Sereno;Normale;Buona;Ore Diurne;3;0;0;0;12.54167;41.89428;-1;2;Motociclo a solo;In marcia / fermata / arresto;Conducente;M;Rimandato;0;NON DECEDUTO;;
2888049;19;06/07/2016 13:45;Strada Urbana;VIA DELLA PINETA SACCHETTI;all'intersezione con;VIA DI VILLA MAGGIORANI;VIA DI VILLA MAGGIORANI;;;Scontro laterale fra veicoli in marcia;Intersezione non regolata/non segnalata;Una carreggiata a senso unico di marcia;Asciutto;Asfaltata;Orizzontale;Sereno;Normale;Buona;Ore Diurne;1;0;0;2;12.42741;41.93025;-1;1;Autovettura privata;In marcia / fermata / arresto;Conducente;F;Rimandato;0;NON DECEDUTO;Non accertato;Inesploso
2888049;19;06/07/2016 13:45;Strada Urbana;VIA DELLA PINETA SACCHETTI;all'intersezione con;VIA DI VILLA MAGGIORANI;VIA DI VILLA MAGGIORANI;;;Scontro laterale fra veicoli in marcia;Intersezione non regolata/non segnalata;Una carreggiata a senso unico di marcia;Asciutto;Asfaltata;Orizzontale;Sereno;Normale;Buona;Ore Diurne;1;0;0;2;12.42741;41.93025;-1;1;Autovettura privata;In marcia / fermata / arresto;Passeggero;M;Illeso;0;;Non accertato;Inesploso
2888049;19;06/07/2016 13:45;Strada Urbana;VIA DELLA PINETA SACCHETTI;all'intersezione con;VIA DI VILLA MAGGIORANI;VIA DI VILLA MAGGIORANI;;;Scontro laterale fra veicoli in marcia;Intersezione non regolata/non segnalata;Una carreggiata a senso unico di marcia;Asciutto;Asfaltata;Orizzontale;Sereno;Normale;Buona;Ore Diurne;1;0;0;2;12.42741;41.93025;-1;2;Autovettura privata;In marcia / fermata / arresto;Conducente;F;Illeso;0;;Non accertato;Inesploso
2888051;9;06/07/2016 17:50;Strada Urbana;PIAZZA CAMERINO;da specificare;;;;fr. civ. 2;Scontro laterale fra veicoli in marcia;Rettilineo;Una carreggiata a senso unico di marcia;Asciutto;Asfaltata;Verticale ed orizzontale;Sereno;Intenso;Buona;Ore Diurne;0;0;0;3;12.51904;41.88714;-1;1;Autovettura privata;In marcia / fermata / arresto;Conducente;M;Illeso;0;;;
2888051;9;06/07/2016 17:50;Strada Urbana;PIAZZA CAMERINO;da specificare;;;;fr. civ. 2;Scontro laterale fra veicoli in marcia;Rettilineo;Una carreggiata a senso unico di marcia;Asciutto;Asfaltata;Verticale ed orizzontale;Sereno;Intenso;Buona;Ore Diurne;0;0;0;3;12.51904;41.88714;-1;2;Autovettura privata;In marcia / fermata / arresto;Conducente;M;Illeso;0;;;
2888051;9;06/07/2016 17:50;Strada Urbana;PIAZZA CAMERINO;da specificare;;;;fr. civ. 2;Scontro laterale fra veicoli in marcia;Rettilineo;Una carreggiata a senso unico di marcia;Asciutto;Asfaltata;Verticale ed orizzontale;Sereno;Intenso;Buona;Ore Diurne;0;0;0;3;12.51904;41.88714;-1;2;Autovettura privata;In marcia / fermata / arresto;Passeggero;M;Illeso;0;;;
2888054;11;06/07/2016 18:00;Strada Urbana;VIA GIROLAMO BENZONI;da specificare;;;;altezza ingresso parcheggio metropolitana;Scontro frontale/laterale DX fra veicoli in marcia;Rettilineo;Una carreggiata a doppio senso;Asciutto;Asfaltata;Verticale ed orizzontale;Sereno;Normale;Buona;Ore Diurne;1;0;0;4;12.48433;41.86909;-1;1;Autovettura privata;In marcia / fermata / arresto;Conducente;M;Illeso;0;;Non accertato;Inesploso
2888054;11;06/07/2016 18:00;Strada Urbana;VIA GIROLAMO BENZONI;da specificare;;;;altezza ingresso parcheggio metropolitana;Scontro frontale/laterale DX fra veicoli in marcia;Rettilineo;Una carreggiata a doppio senso;Asciutto;Asfaltata;Verticale ed orizzontale;Sereno;Normale;Buona;Ore Diurne;1;0;0;4;12.48433;41.86909;-1;1;Autovettura privata;In marcia / fermata / arresto;Passeggero;M;Illeso;0;;Non accertato;Inesploso
2888054;11;06/07/2016 18:00;Strada Urbana;VIA GIROLAMO BENZONI;da specificare;;;;altezza ingresso parcheggio metropolitana;Scontro frontale/laterale DX fra veicoli in marcia;Rettilineo;Una carreggiata a doppio senso;Asciutto;Asfaltata;Verticale ed orizzontale;Sereno;Normale;Buona;Ore Diurne;1;0;0;4;12.48433;41.86909;-1;1;Autovettura privata;In marcia / fermata / arresto;Passeggero;F;Illeso;0;;Non accertato;Inesploso
2888054;11;06/07/2016 18:00;Strada Urbana;VIA GIROLAMO BENZONI;da specificare;;;;altezza ingresso parcheggio metropolitana;Scontro frontale/laterale DX fra veicoli in marcia;Rettilineo;Una carreggiata a doppio senso;Asciutto;Asfaltata;Verticale ed orizzontale;Sereno;Normale;Buona;Ore Diurne;1;0;0;4;12.48433;41.86909;-1;1;Autovettura privata;In marcia / fermata / arresto;Passeggero;F;Rimandato;0;NON DECEDUTO;Utilizzato;Inesploso
2888054;11;06/07/2016 18:00;Strada Urbana;VIA GIROLAMO BENZONI;da specificare;;;;altezza ingresso parcheggio metropolitana;Scontro frontale/laterale DX fra veicoli in marcia;Rettilineo;Una carreggiata a doppio senso;Asciutto;Asfaltata;Verticale ed orizzontale;Sereno;Normale;Buona;Ore Diurne;1;0;0;4;12.48433;41.86909;-1;2;Autovettura privata;In marcia / fermata / arresto;Conducente;M;Illeso;0;;Non accertato;Inesploso
2888098;19;06/07/2016 16:15;Strada Urbana;VIA DI SELVA CANDIDA;all'intersezione con;VIA CREMOLINO;VIA CREMOLINO;;;Scontro laterale fra veicoli in marcia;Incrocio;Una carreggiata a doppio senso;Asciutto;Asfaltata;Orizzontale;Sereno;Normale;Buona;Ore Diurne;1;0;0;1;12.37738;41.93482;-1;1;Autovettura privata;In marcia / fermata / arresto;Conducente;F;Illeso;0;;Non accertato;Inesploso
2888098;19;06/07/2016 16:15;Strada Urbana;VIA DI SELVA CANDIDA;all'intersezione con;VIA CREMOLINO;VIA CREMOLINO;;;Scontro laterale fra veicoli in marcia;Incrocio;Una carreggiata a doppio senso;Asciutto;Asfaltata;Orizzontale;Sereno;Normale;Buona;Ore Diurne;1;0;0;1;12.37738;41.93482;-1;2;Motociclo a solo;In marcia / fermata / arresto;Conducente;M;Rimandato;0;NON DECEDUTO;Non accertato;
2888378;9;06/07/2016 20:45;Strada Urbana;VIA ROCCA IMPERIALE;all'intersezione con;VIA BELLICO CALPURNIO;VIA BELLICO CALPURNIO;;;Scontro frontale/laterale DX fra veicoli in marcia;Incrocio;Una carreggiata a doppio senso;Asciutto;Asfaltata;Verticale ed orizzontale;Sereno;Scarso;Sufficiente;Sufficiente;2;0;0;4;12.609;41.82455;-1;1;Autovettura privata;In marcia / fermata / arresto;Conducente;F;Illeso;0;;Non accertato;Inesploso
2888378;9;06/07/2016 20:45;Strada Urbana;VIA ROCCA IMPERIALE;all'intersezione con;VIA BELLICO CALPURNIO;VIA BELLICO CALPURNIO;;;Scontro frontale/laterale DX fra veicoli in marcia;Incrocio;Una carreggiata a doppio senso;Asciutto;Asfaltata;Verticale ed orizzontale;Sereno;Scarso;Sufficiente;Sufficiente;2;0;0;4;12.609;41.82455;-1;1;Autovettura privata;In marcia / fermata / arresto;Passeggero;F;Rimandato;0;NON DECEDUTO;Non accertato;Inesploso
2888378;9;06/07/2016 20:45;Strada Urbana;VIA ROCCA IMPERIALE;all'intersezione con;VIA BELLICO CALPURNIO;VIA BELLICO CALPURNIO;;;Scontro frontale/laterale DX fra veicoli in marcia;Incrocio;Una carreggiata a doppio senso;Asciutto;Asfaltata;Verticale ed orizzontale;Sereno;Scarso;Sufficiente;Sufficiente;2;0;0;4;12.609;41.82455;-1;2;Autovettura privata;In marcia / fermata / arresto;Conducente;M;Rimandato;0;NON DECEDUTO;Non accertato;Inesploso
2888378;9;06/07/2016 20:45;Strada Urbana;VIA ROCCA IMPERIALE;all'intersezione con;VIA BELLICO CALPURNIO;VIA BELLICO CALPURNIO;;;Scontro frontale/laterale DX fra veicoli in marcia;Incrocio;Una carreggiata a doppio senso;Asciutto;Asfaltata;Verticale ed orizzontale;Sereno;Scarso;Sufficiente;Sufficiente;2;0;0;4;12.609;41.82455;-1;2;Autovettura privata;In marcia / fermata / arresto;Passeggero;M;Illeso;0;;Non accertato;Inesploso
2888378;9;06/07/2016 20:45;Strada Urbana;VIA ROCCA IMPERIALE;all'intersezione con;VIA BELLICO CALPURNIO;VIA BELLICO CALPURNIO;;;Scontro frontale/laterale DX fra veicoli in marcia;Incrocio;Una carreggiata a doppio senso;Asciutto;Asfaltata;Verticale ed orizzontale;Sereno;Scarso;Sufficiente;Sufficiente;2;0;0;4;12.609;41.82455;-1;2;Autovettura privata;In marcia / fermata / arresto;Passeggero;F;Illeso;0;;Non accertato;Inesploso
2888378;9;06/07/2016 20:45;Strada Urbana;VIA ROCCA IMPERIALE;all'intersezione con;VIA BELLICO CALPURNIO;VIA BELLICO CALPURNIO;;;Scontro frontale/laterale DX fra veicoli in marcia;Incrocio;Una carreggiata a doppio senso;Asciutto;Asfaltata;Verticale ed orizzontale;Sereno;Scarso;Sufficiente;Sufficiente;2;0;0;4;12.609;41.82455;-1;2;Autovettura privata;In marcia / fermata / arresto;Passeggero;F;Illeso;0;;Non accertato;Inesploso
2888391;9;06/07/2016 20:50;Strada Urbana;VIA SESTIO MENAS;in prossimità;;del civico n.;40;;Scontro laterale fra veicoli in marcia;Rettilineo;Una carreggiata a doppio senso;Asciutto;Asfaltata;Verticale;Sereno;Scarso;Buona;Sufficiente;1;0;0;1;12.5525;41.86607;-1;1;Autovettura privata;In marcia / fermata / arresto;Conducente;M;Illeso;0;;Non accertato;Inesploso
2888391;9;06/07/2016 20:50;Strada Urbana;VIA SESTIO MENAS;in prossimità;;del civico n.;40;;Scontro laterale fra veicoli in marcia;Rettilineo;Una carreggiata a doppio senso;Asciutto;Asfaltata;Verticale;Sereno;Scarso;Buona;Sufficiente;1;0;0;1;12.5525;41.86607;-1;2;Motociclo a solo;In marcia / fermata / arresto;Conducente;M;Ricoverato;0;NON DECEDUTO;Non accertato;
2888398;11;06/07/2016 08:40;Strada Urbana;VIALE GIUSTINIANO IMPERATORE;da specificare;;;;fronte civico 80;Scontro laterale fra veicoli in marcia;Rettilineo;Due carreggiate;Asciutto;Asfaltata;Orizzontale;Sereno;Scarso;Buona;Ore Diurne;0;0;0;3;12.48146;41.85631;-1;1;Autovettura privata;In marcia / fermata / arresto;Conducente;M;Illeso;0;;Non accertato;Inesploso
2888398;11;06/07/2016 08:40;Strada Urbana;VIALE GIUSTINIANO IMPERATORE;da specificare;;;;fronte civico 80;Scontro laterale fra veicoli in marcia;Rettilineo;Due carreggiate;Asciutto;Asfaltata;Orizzontale;Sereno;Scarso;Buona;Ore Diurne;0;0;0;3;12.48146;41.85631;-1;2;Autovettura privata;In marcia / fermata / arresto;Conducente;M;Illeso;0;;Non accertato;Inesploso
2888398;11;06/07/2016 08:40;Strada Urbana;VIALE GIUSTINIANO IMPERATORE;da specificare;;;;fronte civico 80;Scontro laterale fra veicoli in marcia;Rettilineo;Due carreggiate;Asciutto;Asfaltata;Orizzontale;Sereno;Scarso;Buona;Ore Diurne;0;0;0;3;12.48146;41.85631;-1;2;Autovettura privata;In marcia / fermata / arresto;Passeggero;F;Illeso;0;;;
2888425;11;06/07/2016 11:25;Strada Urbana;LARGO BENEDETTO BOMPIANI;all'intersezione con;VIALE CARLO TOMMASO ODESCALCHI;VIALE CARLO TOMMASO ODESCALCHI;;;Scontro laterale fra veicoli in marcia;Incrocio;Una carreggiata a senso unico di marcia;Asciutto;Asfaltata;Verticale ed orizzontale;Sereno;Normale;Buona;Ore Diurne;0;0;0;3;12.50192;41.8591;-1;1;Autovettura privata;In marcia / fermata / arresto;Conducente;M;Illeso;0;;;
2888425;11;06/07/2016 11:25;Strada Urbana;LARGO BENEDETTO BOMPIANI;all'intersezione con;VIALE CARLO TOMMASO ODESCALCHI;VIALE CARLO TOMMASO ODESCALCHI;;;Scontro laterale fra veicoli in marcia;Incrocio;Una carreggiata a senso unico di marcia;Asciutto;Asfaltata;Verticale ed orizzontale;Sereno;Normale;Buona;Ore Diurne;0;0;0;3;12.50192;41.8591;-1;1;Autovettura privata;In marcia / fermata / arresto;Passeggero;F;Illeso;0;;;
2888425;11;06/07/2016 11:25;Strada Urbana;LARGO BENEDETTO BOMPIANI;all'intersezione con;VIALE CARLO TOMMASO ODESCALCHI;VIALE CARLO TOMMASO ODESCALCHI;;;Scontro laterale fra veicoli in marcia;Incrocio;Una carreggiata a senso unico di marcia;Asciutto;Asfaltata;Verticale ed orizzontale;Sereno;Normale;Buona;Ore Diurne;0;0;0;3;12.50192;41.8591;-1;2;Autovettura privata;In marcia / fermata / arresto;Conducente;F;Illeso;0;;;
2888437;5;06/07/2016 08:30;Strada Urbana;VIA TIBURTINA;da specificare;;;;altezza uscita G.R.A direzione Tivoli;Scontro laterale fra veicoli in marcia;Rettilineo;Una carreggiata a doppio senso;Asciutto;Asfaltata;Verticale ed orizzontale;Sereno;Normale;Buona;Ore Diurne;0;0;0;2;12.60246;41.93354;-1;1;Autoarticolato;In marcia / fermata / arresto;Conducente;M;Illeso;0;;Non accertato;Inesploso
2888437;5;06/07/2016 08:30;Strada Urbana;VIA TIBURTINA;da specificare;;;;altezza uscita G.R.A direzione Tivoli;Scontro laterale fra veicoli in marcia;Rettilineo;Una carreggiata a doppio senso;Asciutto;Asfaltata;Verticale ed orizzontale;Sereno;Normale;Buona;Ore Diurne;0;0;0;2;12.60246;41.93354;-1;2;Autovettura privata;In marcia / fermata / arresto;Conducente;M;Illeso;0;;Non accertato;Inesploso
2888441;12;06/07/2016 21:30;Provinciale;VIA OSTIENSE;da specificare;;;;direzione Roma prossimità civico 813;Scontro laterale fra veicoli in marcia;Rettilineo;Una carreggiata a doppio senso;Asciutto;Asfaltata;Verticale ed orizzontale;Sereno;Normale;Buona;Insufficiente;1;0;0;1;12.45996;41.83743;-1;1;Motociclo con passeggero;In marcia / fermata / arresto;Conducente;M;Rimandato;0;NON DECEDUTO;Utilizzato;
2888441;12;06/07/2016 21:30;Provinciale;VIA OSTIENSE;da specificare;;;;direzione Roma prossimità civico 813;Scontro laterale fra veicoli in marcia;Rettilineo;Una carreggiata a doppio senso;Asciutto;Asfaltata;Verticale ed orizzontale;Sereno;Normale;Buona;Insufficiente;1;0;0;1;12.45996;41.83743;-1;2;Autovettura privata;In marcia / fermata / arresto;Conducente;M;Illeso;0;;Utilizzato;Inesistente