Protocollo;Gruppo;DataOraIncidente;Localizzazione1;STRADA1;Localizzazione2;STRADA2;Strada02;Chilometrica;DaSpecificare;NaturaIncidente;particolaritastrade;TipoStrada;FondoStradale;Pavimentazione;Segnaletica;CondizioneAtmosferica;Traffico;Visibilita;Illuminazione;NUM_FERITI;NUM_RISERVATA;NUM_MORTI;NUM_ILLESI;Longitudine;Latitudine;Confermato;Progressivo;TipoVeicolo;StatoVeicolo;TipoPersona;Sesso;Tipolesione;Deceduto;DecedutoDopo;CinturaCascoUtilizzato;Airbag
2888899;13;06/07/2016 22:15;Strada Urbana;VIALE DEI PROMONTORI;all'intersezione con;VIA DIEGO SIMONETTI;VIA DIEGO SIMONETTI;;;Scontro frontale/laterale DX fra veicoli in marcia;Incrocio;Due carreggiate;Asciutto;Asfaltata;Orizzontale;Sereno;Scarso;Buona;Sufficiente;2;0;0;0;12.29343;41.73694;-1;1;Autovettura privata;In marcia / fermata / arresto;Conducente;F;Rimandato;0;NON DECEDUTO;Non accertato;Inesploso
2888899;13;06/07/2016 22:15;Strada Urbana;VIALE DEI PROMONTORI;all'intersezione con;VIA DIEGO SIMONETTI;VIA DIEGO SIMONETTI;;;Scontro frontale/laterale DX fra veicoli in marcia;Incrocio;Due carreggiate;Asciutto;Asfaltata;Orizzontale;Sereno;Scarso;Buona;Sufficiente;2;0;0;0;12.29343;41.73694;-1;2;Autovettura privata;In marcia / fermata / arresto;Conducente;M;Rimandato;0;NON DECEDUTO;Non accertato;Inesploso
2888904;2;06/07/2016 19:00;Strada Urbana;VIA NIZZA;all'intersezione con;VIA MANTOVA;VIA MANTOVA;;;Scontro frontale/laterale SX fra veicoli in marcia;Intersezione stradale segnalata;Una carreggiata a doppio senso;Asciutto;Asfaltata;Verticale ed orizzontale;Sereno;Scarso;Buona;Ore Diurne;1;0;0;1;12.5013;41.91292;-1;1;Autovettura pubblica;In marcia / fermata / arresto;Conducente;M;Illeso;0;;;
2888904;2;06/07/2016 19:00;Strada Urbana;VIA NIZZA;all'intersezione con;VIA MANTOVA;VIA MANTOVA;;;Scontro frontale/laterale SX fra veicoli in marcia;Intersezione stradale segnalata;Una carreggiata a doppio senso;Asciutto;Asfaltata;Verticale ed orizzontale;Sereno;Scarso;Buona;Ore Diurne;1;0;0;1;12.5013;41.91292;-1;2;Ciclomotore;In marcia / fermata / arresto;Conducente;M;Rifiuta cure immediate;0;NON DECEDUTO;;
2888905;10;07/07/2016 10:20;Strada Urbana;VIA CALPURNIO FIAMMA;in prossimità;;del civico n.;165;;Veicolo in marcia contro veicolo arresto;Rettilineo;Due carreggiate;Asciutto;Asfaltata;Assente;Sereno;Scarso;Buona;Ore Diurne;0;0;0;2;12.56205;41.86301;-1;1;Autocarro inferiore 35 q.;In marcia / fermata / arresto;Conducente;M;Illeso;0;;Non accertato;Inesploso
2888905;10;07/07/2016 10:20;Strada Urbana;VIA CALPURNIO FIAMMA;in prossimità;;del civico n.;165;;Veicolo in marcia contro veicolo arresto;Rettilineo;Due carreggiate;Asciutto;Asfaltata;Assente;Sereno;Scarso;Buona;Ore Diurne;0;0;0;2;12.56205;41.86301;-1;2;Autovettura privata;In marcia / fermata / arresto;Conducente;M;Illeso;0;;Non accertato;Inesploso
2888910;18;07/07/2016 08:20;Strada Urbana;VIA DI BOCCEA;in prossimità;;del civico n.;453;;Tamponamento Multiplo;Rettilineo;Una carreggiata a doppio senso;Asciutto;Asfaltata;Verticale ed orizzontale;Sereno;Normale;Buona;Ore Diurne;1;0;0;4;12.39395;41.91062;-1;1;Autovettura privata;In marcia / fermata / arresto;Conducente;F;Illeso;0;;Non accertato;Inesploso
2888910;18;07/07/2016 08:20;Strada Urbana;VIA DI BOCCEA;in prossimità;;del civico n.;453;;Tamponamento Multiplo;Rettilineo;Una carreggiata a doppio senso;Asciutto;Asfaltata;Verticale ed orizzontale;Sereno;Normale;Buona;Ore Diurne;1;0;0;4;12.39395;41.91062;-1;2;Autovettura privata;In marcia / fermata / arresto;Conducente;F;Rimandato;0;NON DECEDUTO;Non accertato;Inesploso
2888910;18;07/07/2016 08:20;Strada Urbana;VIA DI BOCCEA;in prossimità;;del civico n.;453;;Tamponamento Multiplo;Rettilineo;Una carreggiata a doppio senso;Asciutto;Asfaltata;Verticale ed orizzontale;Sereno;Normale;Buona;Ore Diurne;1;0;0;4;12.39395;41.91062;-1;3;Autovettura privata;In marcia / fermata / arresto;Conducente;M;Illeso;0;;Non accertato;Inesploso
2888910;18;07/07/2016 08:20;Strada Urbana;VIA DI BOCCEA;in prossimità;;del civico n.;453;;Tamponamento Multiplo;Rettilineo;Una carreggiata a doppio senso;Asciutto;Asfaltata;Verticale ed orizzontale;Sereno;Normale;Buona;Ore Diurne;1;0;0;4;12.39395;41.91062;-1;3;Autovettura privata;In marcia / fermata / arresto;Passeggero;M;Illeso;0;;Non accertato;Inesploso
2888910;18;07/07/2016 08:20;Strada Urbana;VIA DI BOCCEA;in prossimità;;del civico n.;453;;Tamponamento Multiplo;Rettilineo;Una carreggiata a doppio senso;Asciutto;Asfaltata;Verticale ed orizzontale;Sereno;Normale;Buona;Ore Diurne;1;0;0;4;12.39395;41.91062;-1;3;Autovettura privata;In marcia / fermata / arresto;Passeggero;M;Illeso;0;;Non accertato;Inesistente
2888922;12;06/07/2016 19:50;Strada Urbana;PIAZZALE DELL'AGRICOLTURA;da specificare;;;;SNC;Scontro frontale/laterale DX fra veicoli in marcia;Rettilineo;Una carreggiata a senso unico di marcia;Asciutto;Asfaltata;Verticale ed orizzontale;Sereno;Scarso;Buona;Ore Diurne;0;0;0;2;12.47092;41.83709;-1;1;Autobus urbano;In marcia / fermata / arresto;Conducente;M;Illeso;0;;Utilizzato;Inesploso
2888922;12;06/07/2016 19:50;Strada Urbana;PIAZZALE DELL'AGRICOLTURA;da specificare;;;;SNC;Scontro frontale/laterale DX fra veicoli in marcia;Rettilineo;Una carreggiata a senso unico di marcia;Asciutto;Asfaltata;Verticale ed orizzontale;Sereno;Scarso;Buona;Ore Diurne;0;0;0;2;12.47092;41.83709;-1;2;Motociclo a solo;In marcia / fermata / arresto;Conducente;M;Illeso;0;;Non accertato;
2888947;12;06/07/2016 17:40;Provinciale entro l'abitato;VIA OSTIENSE;da specificare;;;;ALL'INTERSEZIONE CON VIA FOSSO DEL TORRINO;Scontro laterale fra veicoli in marcia;Rettilineo;Una carreggiata a doppio senso;Asciutto;Asfaltata;Verticale ed orizzontale;Sereno;Normale;Buona;Ore Diurne;1;0;0;3;12.42161;41.80982;-1;1;Autovettura privata;In marcia / fermata / arresto;Conducente;F;Illeso;0;;Non accertato;Inesistente
2888947;12;06/07/2016 17:40;Provinciale entro l'abitato;VIA OSTIENSE;da specificare;;;;ALL'INTERSEZIONE CON VIA FOSSO DEL TORRINO;Scontro laterale fra veicoli in marcia;Rettilineo;Una carreggiata a doppio senso;Asciutto;Asfaltata;Verticale ed orizzontale;Sereno;Normale;Buona;Ore Diurne;1;0;0;3;12.42161;41.80982;-1;2;Autovettura privata;In marcia / fermata / arresto;Conducente;F;Illeso;0;;Non accertato;Inesistente
2888947;12;06/07/2016 17:40;Provinciale entro l'abitato;VIA OSTIENSE;da specificare;;;;ALL'INTERSEZIONE CON VIA FOSSO DEL TORRINO;Scontro laterale fra veicoli in marcia;Rettilineo;Una carreggiata a doppio senso;Asciutto;Asfaltata;Verticale ed orizzontale;Sereno;Normale;Buona;Ore Diurne;1;0;0;3;12.42161;41.80982;-1;2;Autovettura privata;In marcia / fermata / arresto;Passeggero;F;Rimandato;0;NON DECEDUTO;Utilizzato;Inesploso
2888947;12;06/07/2016 17:40;Provinciale entro l'abitato;VIA OSTIENSE;da specificare;;;;ALL'INTERSEZIONE CON VIA FOSSO DEL TORRINO;Scontro laterale fra veicoli in marcia;Rettilineo;Una carreggiata a doppio senso;Asciutto;Asfaltata;Verticale ed orizzontale;Sereno;Normale;Buona;Ore Diurne;1;0;0;3;12.42161;41.80982;-1;3;Autovettura privata;In marcia / fermata / arresto;Conducente;F;Illeso;0;;Non accertato;Inesistente
2889004;13;06/07/2016 18:00;Strada Urbana;VIA GIANCARLO PASSERONI;in prossimità;;del civico n.;20;;Veicolo in marcia contro ostacolo fisso;Rettilineo;Una carreggiata a doppio senso;Asciutto;Asfaltata;Orizzontale;Sereno;Normale;Buona;Ore Diurne;0;0;0;1;12.29775;41.72942;-1;1;Autovettura privata;In marcia / fermata / arresto;Conducente;M;Illeso;0;;Non accertato;Inesploso
2889006;16;06/07/2016 13:30;Strada Urbana;VIA DEI GONZAGA;in prossimità;;del civico n.;71;;Scontro frontale fra veicoli in marcia;Rettilineo;Una carreggiata a doppio senso;Asciutto;Asfaltata;Assente;Sereno;Normale;Sufficiente;Ore Diurne;1;0;0;1;12.42139;41.88321;-1;1;Autovettura privata;In marcia / fermata / arresto;Conducente;M;Illeso;0;;Non accertato;Inesploso
2889006;16;06/07/2016 13:30;Strada Urbana;VIA DEI GONZAGA;in prossimità;;del civico n.;71;;Scontro frontale fra veicoli in marcia;Rettilineo;Una carreggiata a doppio senso;Asciutto;Asfaltata;Assente;Sereno;Normale;Sufficiente;Ore Diurne;1;0;0;1;12.42139;41.88321;-1;2;Motociclo a solo;In marcia / fermata / arresto;Conducente;M;Rimandato;0;NON DECEDUTO;Non accertato;
2889026;16;06/07/2016 17:30;Strada Urbana;VIA DEL PESCACCIO;da specificare;;;;altezza svincolo GRA direzione V. AURELIA;Scontro frontale/laterale DX fra veicoli in marcia;Pendenza;Una carreggiata a doppio senso;Asciutto;Asfaltata;Verticale ed orizzontale;Sereno;Normale;Buona;Ore Diurne;0;0;0;6;12.37797;41.86919;-1;1;Autovettura privata;In marcia / fermata / arresto;Conducente;M;Illeso;0;;Non accertato;Inesploso
2889026;16;06/07/2016 17:30;Strada Urbana;VIA DEL PESCACCIO;da specificare;;;;altezza svincolo GRA direzione V. AURELIA;Scontro frontale/laterale DX fra veicoli in marcia;Pendenza;Una carreggiata a doppio senso;Asciutto;Asfaltata;Verticale ed orizzontale;Sereno;Normale;Buona;Ore Diurne;0;0;0;6;12.37797;41.86919;-1;2;Autovettura privata;In marcia / fermata / arresto;Conducente;M;Illeso;0;;Non accertato;Inesploso
2889026;16;06/07/2016 17:30;Strada Urbana;VIA DEL PESCACCIO;da specificare;;;;altezza svincolo GRA direzione V. AURELIA;Scontro frontale/laterale DX fra veicoli in marcia;Pendenza;Una carreggiata a doppio senso;Asciutto;Asfaltata;Verticale ed orizzontale;Sereno;Normale;Buona;Ore Diurne;0;0;0;6;12.37797;41.86919;-1;2;Autovettura privata;In marcia / fermata / arresto;Passeggero;M;Illeso;0;;Non accertato;Inesploso
2889026;16;06/07/2016 17:30;Strada Urbana;VIA DEL PESCACCIO;da specificare;;;;altezza svincolo GRA direzione V. AURELIA;Scontro frontale/laterale DX fra veicoli in marcia;Pendenza;Una carreggiata a doppio senso;Asciutto;Asfaltata;Verticale ed orizzontale;Sereno;Normale;Buona;Ore Diurne;0;0;0;6;12.37797;41.86919;-1;2;Autovettura privata;In marcia / fermata / arresto;Passeggero;M;Illeso;0;;Non accertato;Inesploso
2889026;16;06/07/2016 17:30;Strada Urbana;VIA DEL PESCACCIO;da specificare;;;;altezza svincolo GRA direzione V. AURELIA;Scontro frontale/laterale DX fra veicoli in marcia;Pendenza;Una carreggiata a doppio senso;Asciutto;Asfaltata;Verticale ed orizzontale;Sereno;Normale;Buona;Ore Diurne;0;0;0;6;12.37797;41.86919;-1;2;Autovettura privata;In marcia / fermata / arresto;Passeggero;F;Illeso;0;;;
2889026;16;06/07/2016 17:30;Strada Urbana;VIA DEL PESCACCIO;da specificare;;;;altezza svincolo GRA direzione V. AURELIA;Scontro frontale/laterale DX fra veicoli in marcia;Pendenza;Una carreggiata a doppio senso;Asciutto;Asfaltata;Verticale ed orizzontale;Sereno;Normale;Buona;Ore Diurne;0;0;0;6;12.37797;41.86919;-1;2;Autovettura privata;In marcia / fermata / arresto;Passeggero;M;Illeso;0;;Non accertato;Inesploso
2889029;12;07/07/2016 09:30;Provinciale;VIA LAURENTINA;in prossimità;;del civico n.;1734;;Veicolo in marcia contro ostacolo accidentale;Rettilineo;Una carreggiata a doppio senso;Asciutto;Asfaltata;Temporanea di cantiere;Sereno;Normale;Buona;Ore Diurne;1;0;0;0;12.50467;41.73747;-1;1;Motociclo con passeggero;In marcia / fermata / arresto;Conducente;F;Rimandato;0;NON DECEDUTO;Utilizzato;
2889039;23;06/07/2016 12:20;Strada Urbana;LUNGOTEVERE RAFFAELLO SANZIO;da specificare;;;;all'altezza di piazza Trilussa;Tamponamento;Rettilineo;Una carreggiata a senso unico di marcia;Asciutto;Asfaltata;Verticale ed orizzontale;Sereno;Normale;Buona;Ore Diurne;0;0;0;2;12.47032;41.89185;-1;1;Autovettura pubblica;In marcia / fermata / arresto;Conducente;M;Illeso;0;;Utilizzato;Inesploso
2889039;23;06/07/2016 12:20;Strada Urbana;LUNGOTEVERE RAFFAELLO SANZIO;da specificare;;;;all'altezza di piazza Trilussa;Tamponamento;Rettilineo;Una carreggiata a senso unico di marcia;Asciutto;Asfaltata;Verticale ed orizzontale;Sereno;Normale;Buona;Ore Diurne;0;0;0;2;12.47032;41.89185;-1;2;Autovettura privata;In marcia / fermata / arresto;Conducente;M;Illeso;0;;Utilizzato;Inesploso
2889083;16;06/07/2016 18:35;Strada Urbana;VIA VINCENZO USSANI;in prossimità;;del civico n.;87;;Investimento di pedone;Rettilineo;Una carreggiata a doppio senso;Asciutto;Asfaltata;Verticale ed orizzontale;Sereno;Normale;Buona;Ore Diurne;1;0;0;1;12.4414;41.85843;-1;;;;Pedone;M;Rimandato;0;NON DECEDUTO;;
2889083;16;06/07/2016 18:35;Strada Urbana;VIA VINCENZO USSANI;in prossimità;;del civico n.;87;;Investimento di pedone;Rettilineo;Una carreggiata a doppio senso;Asciutto;Asfaltata;Verticale ed orizzontale;Sereno;Normale;Buona;Ore Diurne;1;0;0;1;12.4414;41.85843;-1;1;Autovettura privata;In marcia / fermata / arresto;Conducente;F;Illeso;0;;Non accertato;Inesploso
2889085;23;06/07/2016 05:20;Strada Urbana;VIA CRISTOFORO COLOMBO;in prossimità;;della chilometrica;21.1;;Veicolo in marcia contro ostacolo fisso;Rettilineo;Più di due carreggiate;Asciutto;Asfaltata;Verticale ed orizzontale;Sereno;Scarso;Sufficiente;Ore Diurne;0;0;0;2;12.42449;41.78815;-1;1;Autovettura privata;In marcia / fermata / arresto;Conducente;M;Illeso;0;;Utilizzato;Esploso
2889085;23;06/07/2016 05:20;Strada Urbana;VIA CRISTOFORO COLOMBO;in prossimità;;della chilometrica;21.1;;Veicolo in marcia contro ostacolo fisso;Rettilineo;Più di due carreggiate;Asciutto;Asfaltata;Verticale ed orizzontale;Sereno;Scarso;Sufficiente;Ore Diurne;0;0;0;2;12.42449;41.78815;-1;1;Autovettura privata;In marcia / fermata / arresto;Passeggero;M;Illeso;0;;Utilizzato;Esploso
2889086;6;07/07/2016 12:45;Strada Urbana;VIA DI ACQUA BULLICANTE;in corrispondenza;;del civico n.;33;;Veicolo in marcia contro veicolo in sosta;Rettilineo;Una carreggiata a doppio senso;Asciutto;Asfaltata;Assente;Sereno;Normale;Buona;Ore Diurne;0;0;0;1;12.54298;41.88122;-1;1;Autovettura privata;In marcia / fermata / arresto;Conducente;M;Illeso;0;;Non accertato;Inesploso
2889093;9;06/07/2016 15:20;Strada Urbana;VIA GINO CAPPONI;in corrispondenza;;del civico n.;7;;Infortunio per caduta del veicolo;Curva a visuale libera;Una carreggiata a senso unico di marcia;Viscido da liquidi oleosi;Asfaltata;Verticale ed orizzontale;Sereno;Normale;Sufficiente;Sufficiente;0;0;0;1;12.52114;41.87568;-1;1;Motociclo a solo;In marcia / fermata / arresto;Conducente;M;Illeso;0;;;
2889179;3;06/07/2016 17:40;Strada Urbana;VIA NOMENTANA;in corrispondenza;;del civico n.;116;;Tamponamento Multiplo;Cunetta;Più di due carreggiate;Asciutto;Asfaltata;Verticale ed orizzontale;Sereno;Scarso;Buona;Ore Diurne;3;0;0;3;12.51546;41.91869;-1;1;Autovettura privata;In marcia / fermata / arresto;Conducente;F;Illeso;0;;Non accertato;Inesploso
2889179;3;06/07/2016 17:40;Strada Urbana;VIA NOMENTANA;in corrispondenza;;del civico n.;116;;Tamponamento Multiplo;Cunetta;Più di due carreggiate;Asciutto;Asfaltata;Verticale ed orizzontale;Sereno;Scarso;Buona;Ore Diurne;3;0;0;3;12.51546;41.91869;-1;1;Autovettura privata;In marcia / fermata / arresto;Passeggero;M;Illeso;0;;Non accertato;Inesploso
2889179;3;06/07/2016 17:40;Strada Urbana;VIA NOMENTANA;in corrispondenza;;del civico n.;116;;Tamponamento Multiplo;Cunetta;Più di due carreggiate;Asciutto;Asfaltata;Verticale ed orizzontale;Sereno;Scarso;Buona;Ore Diurne;3;0;0;3;12.51546;41.91869;-1;2;Autovettura privata;In marcia / fermata / arresto;Conducente;M;Illeso;0;;Non accertato;Esploso
2889179;3;06/07/2016 17:40;Strada Urbana;VIA NOMENTANA;in corrispondenza;;del civico n.;116;;Tamponamento Multiplo;Cunetta;Più di due carreggiate;Asciutto;Asfaltata;Verticale ed orizzontale;Sereno;Scarso;Buona;Ore Diurne;3;0;0;3;12.51546;41.91869;-1;3;Autovettura privata;In marcia / fermata / arresto;Conducente;M;Rifiuta cure immediate;0;NON DECEDUTO;Non accertato;Esploso
2889179;3;06/07/2016 17:40;Strada Urbana;VIA NOMENTANA;in corrispondenza;;del civico n.;116;;Tamponamento Multiplo;Cunetta;Più di due carreggiate;Asciutto;Asfaltata;Verticale ed orizzontale;Sereno;Scarso;Buona;Ore Diurne;3;0;0;3;12.51546;41.91869;-1;3;Autovettura privata;In marcia / fermata / arresto;Passeggero;M;Rimandato;0;NON DECEDUTO;Non accertato;Inesploso
2889179;3;06/07/2016 17:40;Strada Urbana;VIA NOMENTANA;in corrispondenza;;del civico n.;116;;Tamponamento Multiplo;Cunetta;Più di due carreggiate;Asciutto;Asfaltata;Verticale ed orizzontale;Sereno;Scarso;Buona;Ore Diurne;3;0;0;3;12.51546;41.91869;-1;4;Autovettura pubblica;In marcia / fermata / arresto;Conducente;M;Rimandato;0;NON DECEDUTO;Non accertato;Inesploso
2889315;7;03/07/2016 01:00;Strada Urbana;VIA ARISTIDE STADERINI;all'intersezione con;VIA CARLO BUTTARELLI;VIA CARLO BUTTARELLI;;;Veicolo in marcia contro veicolo fermo;Incrocio;Una carreggiata a senso unico di marcia;Asciutto;Asfaltata;Verticale;Sereno;Scarso;Sufficiente;Sufficiente;0;0;0;2;12.5872;41.89207;-1;1;Autovettura privata;In marcia / fermata / arresto;Conducente;M;Illeso;0;;Non accertato;Inesploso
2889315;7;03/07/2016 01:00;Strada Urbana;VIA ARISTIDE STADERINI;all'intersezione con;VIA CARLO BUTTARELLI;VIA CARLO BUTTARELLI;;;Veicolo in marcia contro veicolo fermo;Incrocio;Una carreggiata a senso unico di marcia;Asciutto;Asfaltata;Verticale;Sereno;Scarso;Sufficiente;Sufficiente;0;0;0;2;12.5872;41.89207;-1;2;Motociclo a solo;In marcia / fermata / arresto;Conducente;M;Illeso;0;;;
2889355;10;07/07/2016 14:30;Strada Urbana;VIA TUSCOLANA;in corrispondenza;;del civico n.;971;;Investimento di pedone;Rettilineo;Una carreggiata a senso unico di marcia;Asciutto;Asfaltata;Orizzontale;Sereno;Scarso;Buona;Ore Diurne;2;0;0;1;12.56524;41.85534;-1;;;;Pedone;F;Ricoverato;0;NON DECEDUTO;;
2889355;10;07/07/2016 14:30;Strada Urbana;VIA TUSCOLANA;in corrispondenza;;del civico n.;971;;Investimento di pedone;Rettilineo;Una carreggiata a senso unico di marcia;Asciutto;Asfaltata;Orizzontale;Sereno;Scarso;Buona;Ore Diurne;2;0;0;1;12.56524;41.85534;-1;;;;Pedone;F;Rimandato;0;NON DECEDUTO;;
2889355;10;07/07/2016 14:30;Strada Urbana;VIA TUSCOLANA;in corrispondenza;;del civico n.;971;;Investimento di pedone;Rettilineo;Una carreggiata a senso unico di marcia;Asciutto;Asfaltata;Orizzontale;Sereno;Scarso;Buona;Ore Diurne;2;0;0;1;12.56524;41.85534;-1;1;Autovettura privata;In marcia / fermata / arresto;Conducente;M;Illeso;0;;Non accertato;Inesploso
2889375;1;05/07/2016 11:15;Strada Urbana;VIA MARSALA;da specificare;;;;ALTEZZA INGRESSO ACI;Scontro laterale fra veicoli in marcia;Rettilineo;Una carreggiata a senso unico di marcia;Asciutto;Asfaltata;Verticale ed orizzontale;Sereno;Normale;Buona;Ore Diurne;0;0;0;3;12.50464;41.90092;-1;1;Autovettura di polizia;In marcia / fermata / arresto;Conducente;M;Illeso;0;;Non accertato;
2889375;1;05/07/2016 11:15;Strada Urbana;VIA MARSALA;da specificare;;;;ALTEZZA INGRESSO ACI;Scontro laterale fra veicoli in marcia;Rettilineo;Una carreggiata a senso unico di marcia;Asciutto;Asfaltata;Verticale ed orizzontale;Sereno;Normale;Buona;Ore Diurne;0;0;0;3;12.50464;41.90092;-1;1;Autovettura di polizia;In marcia / fermata / arresto;Passeggero;M;Illeso;0;;Non accertato;
2889375;1;05/07/2016 11:15;Strada Urbana;VIA MARSALA;da specificare;;;;ALTEZZA INGRESSO ACI;Scontro laterale fra veicoli in marcia;Rettilineo;Una carreggiata a senso unico di marcia;Asciutto;Asfaltata;Verticale ed orizzontale;Sereno;Normale;Buona;Ore Diurne;0;0;0;3;12.50464;41.90092;-1;2;Autobus turistico;In marcia / fermata / arresto;Conducente;M;Illeso;0;;Non accertato;
2889385;16;06/07/2016 20:15;Strada Urbana;PASSEGGIATA DEL GIANICOLO;all'intersezione con;PIAZZALE AURELIO;PIAZZALE AURELIO;;;Veicolo in marcia contro ostacolo fisso;Incrocio;Una carreggiata a senso unico di marcia;Asciutto;Asfaltata;Verticale ed orizzontale;Sereno;Normale;Buona;Ore Diurne;0;0;0;1;12.46113;41.88837;-1;1;Autovettura privata;In marcia / fermata / arresto;Conducente;F;Illeso;0;;Non accertato;Inesploso
2889391;1;05/07/2016 08:40;Strada Urbana;PIAZZA DEL POPOLO;in prossimità;;del civico n.;16;;Veicolo in marcia contro ostacolo fisso;Rettilineo;Una carreggiata a senso unico di marcia;Asciutto;In cubetti di porfido;Verticale ed orizzontale;Sereno;Normale;Buona;Ore Diurne;0;0;0;1;12.4773;41.91097;-1;1;Autocarro inferiore 35 q.;In marcia / fermata / arresto;Conducente;M;Illeso;0;;Non accertato;Inesploso
2889402;17;07/07/2016 17:20;Strada Urbana;PIAZZA ADRIANA;all'intersezione con;VIA DELLE FOSSE DI CASTELLO;VIA DELLE FOSSE DI CASTELLO;;;Scontro laterale fra veicoli in marcia;Incrocio;Una carreggiata a senso unico di marcia;Asciutto;Asfaltata;Verticale ed orizzontale;Sereno;Intenso;Buona;Ore Diurne;0;0;0;2;12.46732;41.90468;-1;1;Autovettura privata;In marcia / fermata / arresto;Conducente;M;Illeso;0;;Non accertato;
2889402;17;07/07/2016 17:20;Strada Urbana;PIAZZA ADRIANA;all'intersezione con;VIA DELLE FOSSE DI CASTELLO;VIA DELLE FOSSE DI CASTELLO;;;Scontro laterale fra veicoli in marcia;Incrocio;Una carreggiata a senso unico di marcia;Asciutto;Asfaltata;Verticale ed orizzontale;Sereno;Intenso;Buona;Ore Diurne;0;0;0;2;12.46732;41.90468;-1;2;Autobus turistico;In marcia / fermata / arresto;Conducente;M;Illeso;0;;Non accertato;
2889416;13;07/07/2016 14:15;Strada Urbana;VIA ISOLE DEL CAPO VERDE;in prossimità;;del civico n.;113;;Scontro frontale/laterale DX fra veicoli in marcia;Rettilineo;Due carreggiate;Asciutto;Asfaltata;Orizzontale;Sereno;Scarso;Buona;Ore Diurne;2;0;0;1;12.27527;41.73801;-1;1;Autovettura privata;In marcia / fermata / arresto;Conducente;M;Illeso;0;;Non accertato;Inesploso
2889416;13;07/07/2016 14:15;Strada Urbana;VIA ISOLE DEL CAPO VERDE;in prossimità;;del civico n.;113;;Scontro frontale/laterale DX fra veicoli in marcia;Rettilineo;Due carreggiate;Asciutto;Asfaltata;Orizzontale;Sereno;Scarso;Buona;Ore Diurne;2;0;0;1;12.27527;41.73801;-1;2;Autovettura di polizia;In marcia / fermata / arresto;Conducente;M;Rimandato;0;NON DECEDUTO;Esente;Inesploso
2889416;13;07/07/2016 14:15;Strada Urbana;VIA ISOLE DEL CAPO VERDE;in prossimità;;del civico n.;113;;Scontro frontale/laterale DX fra veicoli in marcia;Rettilineo;Due carreggiate;Asciutto;Asfaltata;Orizzontale;Sereno;Scarso;Buona;Ore Diurne;2;0;0;1;12.27527;41.73801;-1;2;Autovettura di polizia;In marcia / fermata / arresto;Passeggero;M;Rimandato;0;NON DECEDUTO;Esente;Inesploso
2889539;6;07/07/2016 18:00;Strada Urbana;VIA CASILINA;da specificare;;;;fronte V.LE DELLA PRIMAVERA;Tamponamento;Rettilineo;Due carreggiate;Asciutto;Asfaltata;Verticale ed orizzontale;Sereno;Intenso;Buona;Ore Diurne;1;0;0;2;12.55657;41.87574;-1;1;Autovettura privata;In marcia / fermata / arresto;Conducente;M;Illeso;0;;Non accertato;
2889539;6;07/07/2016 18:00;Strada Urbana;VIA CASILINA;da specificare;;;;fronte V.LE DELLA PRIMAVERA;Tamponamento;Rettilineo;Due carreggiate;Asciutto;Asfaltata;Verticale ed orizzontale;Sereno;Intenso;Buona;Ore Diurne;1;0;0;2;12.55657;41.87574;-1;2;Autovettura privata;In marcia / fermata / arresto;Conducente;F;Illeso;0;;;
2889539;6;07/07/2016 18:00;Strada Urbana;VIA CASILINA;da specificare;;;;fronte V.LE DELLA PRIMAVERA;Tamponamento;Rettilineo;Due carreggiate;Asciutto;Asfaltata;Verticale ed orizzontale;Sereno;Intenso;Buona;Ore Diurne;1;0;0;2;12.55657;41.87574;-1;2;Autovettura privata;In marcia / fermata / arresto;Passeggero;M;Rimandato;0;NON DECEDUTO;Non accertato;
2889839;5;07/07/2016 17:30;Strada Urbana;VIA DEI DURANTINI;in corrispondenza;;del civico n.;408;;Investimento di pedone;Rettilineo;Una carreggiata a doppio senso;Asciutto;Asfaltata;Orizzontale;Sereno;Normale;Buona;Ore Diurne;1;0;0;2;12.5465;41.92031;-1;;;;Pedone;M;Rimandato;0;NON DECEDUTO;;
2889839;5;07/07/2016 17:30;Strada Urbana;VIA DEI DURANTINI;in corrispondenza;;del civico n.;408;;Investimento di pedone;Rettilineo;Una carreggiata a doppio senso;Asciutto;Asfaltata;Orizzontale;Sereno;Normale;Buona;Ore Diurne;1;0;0;2;12.5465;41.92031;-1;1;Motociclo con passeggero;In marcia / fermata / arresto;Conducente;M;Illeso;0;;Non accertato;
2889839;5;07/07/2016 17:30;Strada Urbana;VIA DEI DURANTINI;in corrispondenza;;del civico n.;408;;Investimento di pedone;Rettilineo;Una carreggiata a doppio senso;Asciutto;Asfaltata;Orizzontale;Sereno;Normale;Buona;Ore Diurne;1;0;0;2;12.5465;41.92031;-1;1;Motociclo con passeggero;In marcia / fermata / arresto;Passeggero;F;Illeso;0;;Non accertato;
2889844;5;07/07/2016 08:20;Strada Urbana;VIA YAMBO;in corrispondenza;;del civico n.;16;;Scontro frontale/laterale SX fra veicoli in marcia;Rettilineo;Una carreggiata a senso unico di marcia;Asciutto;Asfaltata;Verticale;Sereno;Scarso;Buona;Ore Diurne;0;0;0;2;12.54919;41.9089;-1;1;Autovettura privata;In marcia / fermata / arresto;Conducente;F;Illeso;0;;Non accertato;Inesploso
2889844;5;07/07/2016 08:20;Strada Urbana;VIA YAMBO;in corrispondenza;;del civico n.;16;;Scontro frontale/laterale SX fra veicoli in marcia;Rettilineo;Una carreggiata a senso unico di marcia;Asciutto;Asfaltata;Verticale;Sereno;Scarso;Buona;Ore Diurne;0;0;0;2;12.54919;41.9089;-1;2;Autovettura privata;In marcia / fermata / arresto;Conducente;M;Illeso;0;;Non accertato;Inesploso