Protocollo;Gruppo;DataOraIncidente;Localizzazione1;STRADA1;Localizzazione2;STRADA2;Strada02;Chilometrica;DaSpecificare;NaturaIncidente;particolaritastrade;TipoStrada;FondoStradale;Pavimentazione;Segnaletica;CondizioneAtmosferica;Traffico;Visibilita;Illuminazione;NUM_FERITI;NUM_RISERVATA;NUM_MORTI;NUM_ILLESI;Longitudine;Latitudine;Confermato;Progressivo;TipoVeicolo;StatoVeicolo;TipoPersona;Sesso;Tipolesione;Deceduto;DecedutoDopo;CinturaCascoUtilizzato;Airbag
2893014;18;10/07/2016 19:45;Strada Urbana;VIA LEONE XIII;in prossimità;;del civico n.;327;;Veicolo in marcia contro ostacolo accidentale;Pendenza;Due carreggiate;Viscido da liquidi oleosi;Asfaltata;Assente;Sereno;Scarso;Buona;Ore Diurne;2;0;0;0;12.4384;41.89086;-1;1;Motociclo a solo;In marcia / fermata / arresto;Passeggero;F;Rimandato;0;NON DECEDUTO;;
2893015;7;10/07/2016 18:25;Strada Urbana;VIA DELIA;all'intersezione con;VIA GORIANO SICOLI;VIA GORIANO SICOLI;;;Scontro frontale/laterale SX fra veicoli in marcia;Incrocio;Una carreggiata a doppio senso;Asciutto;Asfaltata;Orizzontale;Sereno;Scarso;Sufficiente;Ore Diurne;0;0;0;7;12.61051;41.91554;-1;1;Autovettura privata;In marcia / fermata / arresto;Conducente;M;Illeso;0;;Non accertato;Inesploso
2893015;7;10/07/2016 18:25;Strada Urbana;VIA DELIA;all'intersezione con;VIA GORIANO SICOLI;VIA GORIANO SICOLI;;;Scontro frontale/laterale SX fra veicoli in marcia;Incrocio;Una carreggiata a doppio senso;Asciutto;Asfaltata;Orizzontale;Sereno;Scarso;Sufficiente;Ore Diurne;0;0;0;7;12.61051;41.91554;-1;1;Autovettura privata;In marcia / fermata / arresto;Passeggero;F;Illeso;0;;Non accertato;Inesploso
2893015;7;10/07/2016 18:25;Strada Urbana;VIA DELIA;all'intersezione con;VIA GORIANO SICOLI;VIA GORIANO SICOLI;;;Scontro frontale/laterale SX fra veicoli in marcia;Incrocio;Una carreggiata a doppio senso;Asciutto;Asfaltata;Orizzontale;Sereno;Scarso;Sufficiente;Ore Diurne;0;0;0;7;12.61051;41.91554;-1;1;Autovettura privata;In marcia / fermata / arresto;Passeggero;M;Illeso;0;;Non accertato;Inesploso
2893015;7;10/07/2016 18:25;Strada Urbana;VIA DELIA;all'intersezione con;VIA GORIANO SICOLI;VIA GORIANO SICOLI;;;Scontro frontale/laterale SX fra veicoli in marcia;Incrocio;Una carreggiata a doppio senso;Asciutto;Asfaltata;Orizzontale;Sereno;Scarso;Sufficiente;Ore Diurne;0;0;0;7;12.61051;41.91554;-1;1;Autovettura privata;In marcia / fermata / arresto;Passeggero;M;Illeso;0;;Non accertato;Inesploso
2893015;7;10/07/2016 18:25;Strada Urbana;VIA DELIA;all'intersezione con;VIA GORIANO SICOLI;VIA GORIANO SICOLI;;;Scontro frontale/laterale SX fra veicoli in marcia;Incrocio;Una carreggiata a doppio senso;Asciutto;Asfaltata;Orizzontale;Sereno;Scarso;Sufficiente;Ore Diurne;0;0;0;7;12.61051;41.91554;-1;1;Autovettura privata;In marcia / fermata / arresto;Passeggero;F;Illeso;0;;Non accertato;Inesploso
2893015;7;10/07/2016 18:25;Strada Urbana;VIA DELIA;all'intersezione con;VIA GORIANO SICOLI;VIA GORIANO SICOLI;;;Scontro frontale/laterale SX fra veicoli in marcia;Incrocio;Una carreggiata a doppio senso;Asciutto;Asfaltata;Orizzontale;Sereno;Scarso;Sufficiente;Ore Diurne;0;0;0;7;12.61051;41.91554;-1;2;Autovettura privata;In marcia / fermata / arresto;Conducente;M;Illeso;0;;Non accertato;Inesploso
2893015;7;10/07/2016 18:25;Strada Urbana;VIA DELIA;all'intersezione con;VIA GORIANO SICOLI;VIA GORIANO SICOLI;;;Scontro frontale/laterale SX fra veicoli in marcia;Incrocio;Una carreggiata a doppio senso;Asciutto;Asfaltata;Orizzontale;Sereno;Scarso;Sufficiente;Ore Diurne;0;0;0;7;12.61051;41.91554;-1;2;Autovettura privata;In marcia / fermata / arresto;Passeggero;F;Illeso;0;;Non accertato;Inesploso
2893020;4;08/07/2016 14:20;Strada Urbana;VIA DELLE VIGNE NUOVE;all'intersezione con;VIA VILLA DI FAONTE;VIA VILLA DI FAONTE;;;Scontro laterale fra veicoli in marcia;Intersezione stradale segnalata;Una carreggiata a doppio senso;Asciutto;Asfaltata;Verticale ed orizzontale;Sereno;Normale;Buona;Ore Diurne;0;0;0;2;12.53689;41.95004;-1;1;Autovettura privata;In marcia / fermata / arresto;Conducente;F;Illeso;0;;Non accertato;Esploso
2893020;4;08/07/2016 14:20;Strada Urbana;VIA DELLE VIGNE NUOVE;all'intersezione con;VIA VILLA DI FAONTE;VIA VILLA DI FAONTE;;;Scontro laterale fra veicoli in marcia;Intersezione stradale segnalata;Una carreggiata a doppio senso;Asciutto;Asfaltata;Verticale ed orizzontale;Sereno;Normale;Buona;Ore Diurne;0;0;0;2;12.53689;41.95004;-1;2;Autovettura privata;In marcia / fermata / arresto;Conducente;F;Illeso;0;;Non accertato;Inesploso
2893023;4;09/07/2016 09:20;Strada Urbana;VIA UGO DELLA SETA;all'intersezione con;VIA RODOLFO MORANDI;VIA RODOLFO MORANDI;;;Scontro laterale fra veicoli in marcia;Incrocio;Una carreggiata a doppio senso;Asciutto;Asfaltata;Verticale ed orizzontale;Sereno;Normale;Buona;Ore Diurne;0;0;0;3;12.52485;41.95976;-1;1;Autovettura privata;In marcia / fermata / arresto;Conducente;M;Illeso;0;;Non accertato;Inesploso
2893023;4;09/07/2016 09:20;Strada Urbana;VIA UGO DELLA SETA;all'intersezione con;VIA RODOLFO MORANDI;VIA RODOLFO MORANDI;;;Scontro laterale fra veicoli in marcia;Incrocio;Una carreggiata a doppio senso;Asciutto;Asfaltata;Verticale ed orizzontale;Sereno;Normale;Buona;Ore Diurne;0;0;0;3;12.52485;41.95976;-1;1;Autovettura privata;In marcia / fermata / arresto;Passeggero;F;Illeso;0;;Non accertato;Inesploso
2893023;4;09/07/2016 09:20;Strada Urbana;VIA UGO DELLA SETA;all'intersezione con;VIA RODOLFO MORANDI;VIA RODOLFO MORANDI;;;Scontro laterale fra veicoli in marcia;Incrocio;Una carreggiata a doppio senso;Asciutto;Asfaltata;Verticale ed orizzontale;Sereno;Normale;Buona;Ore Diurne;0;0;0;3;12.52485;41.95976;-1;2;Autovettura privata;In marcia / fermata / arresto;Conducente;M;Illeso;0;;Non accertato;Inesploso
2893026;8;09/07/2016 12:30;Strada Urbana;VIA BERNARDO MINOZZI;all'intersezione con;VIA ROCCO POZZI;VIA ROCCO POZZI;;;Scontro laterale fra veicoli in marcia;Incrocio;Una carreggiata a senso unico di marcia;Asciutto;Asfaltata;Verticale;Sereno;Scarso;Buona;Ore Diurne;1;0;0;1;12.62782;41.86979;-1;1;Autovettura privata;In marcia / fermata / arresto;Conducente;F;Rifiuta cure immediate;0;NON DECEDUTO;Non accertato;Inesploso
2893026;8;09/07/2016 12:30;Strada Urbana;VIA BERNARDO MINOZZI;all'intersezione con;VIA ROCCO POZZI;VIA ROCCO POZZI;;;Scontro laterale fra veicoli in marcia;Incrocio;Una carreggiata a senso unico di marcia;Asciutto;Asfaltata;Verticale;Sereno;Scarso;Buona;Ore Diurne;1;0;0;1;12.62782;41.86979;-1;2;Autovettura privata;In marcia / fermata / arresto;Conducente;M;Illeso;0;;Non accertato;Inesploso
2893033;8;09/07/2016 17:45;Strada Urbana;VIA DELLA TENUTA DEL CAVALIERE;da specificare;;;;altezza ponte Aniene;Tamponamento;Rettilineo;Una carreggiata a doppio senso;Asciutto;Asfaltata;Verticale ed orizzontale;Sereno;Normale;Buona;Ore Diurne;2;0;0;2;12.65441;41.93634;-1;1;Autovettura privata;In marcia / fermata / arresto;Conducente;M;Ricoverato;0;NON DECEDUTO;Non accertato;Inesploso
2893033;8;09/07/2016 17:45;Strada Urbana;VIA DELLA TENUTA DEL CAVALIERE;da specificare;;;;altezza ponte Aniene;Tamponamento;Rettilineo;Una carreggiata a doppio senso;Asciutto;Asfaltata;Verticale ed orizzontale;Sereno;Normale;Buona;Ore Diurne;2;0;0;2;12.65441;41.93634;-1;1;Autovettura privata;In marcia / fermata / arresto;Passeggero;F;Ricoverato;0;NON DECEDUTO;Non accertato;Inesploso
2893033;8;09/07/2016 17:45;Strada Urbana;VIA DELLA TENUTA DEL CAVALIERE;da specificare;;;;altezza ponte Aniene;Tamponamento;Rettilineo;Una carreggiata a doppio senso;Asciutto;Asfaltata;Verticale ed orizzontale;Sereno;Normale;Buona;Ore Diurne;2;0;0;2;12.65441;41.93634;-1;2;Autovettura privata;In marcia / fermata / arresto;Conducente;M;Illeso;0;;Non accertato;Esploso
2893033;8;09/07/2016 17:45;Strada Urbana;VIA DELLA TENUTA DEL CAVALIERE;da specificare;;;;altezza ponte Aniene;Tamponamento;Rettilineo;Una carreggiata a doppio senso;Asciutto;Asfaltata;Verticale ed orizzontale;Sereno;Normale;Buona;Ore Diurne;2;0;0;2;12.65441;41.93634;-1;2;Autovettura privata;In marcia / fermata / arresto;Passeggero;F;Illeso;0;;Non accertato;Esploso
2893036;8;09/07/2016 14:30;Strada Urbana;VIA DI TORRENOVA;in corrispondenza;;del civico n.;599;;Veicolo in marcia contro ostacolo accidentale;Rettilineo;Una carreggiata a doppio senso;Asciutto;Asfaltata;Orizzontale;Sereno;Normale;Buona;Ore Diurne;0;0;0;2;12.62125;41.88889;-1;1;Autovettura privata;In marcia / fermata / arresto;Conducente;M;Illeso;0;;Non accertato;Inesploso
2893036;8;09/07/2016 14:30;Strada Urbana;VIA DI TORRENOVA;in corrispondenza;;del civico n.;599;;Veicolo in marcia contro ostacolo accidentale;Rettilineo;Una carreggiata a doppio senso;Asciutto;Asfaltata;Orizzontale;Sereno;Normale;Buona;Ore Diurne;0;0;0;2;12.62125;41.88889;-1;1;Autovettura privata;In marcia / fermata / arresto;Passeggero;F;Illeso;0;;Non accertato;Inesploso
2893038;1;10/07/2016 01:00;Strada Urbana;PIAZZA GRAZIOLI;in prossimità;;del civico n.;18;;Veicolo in marcia contro veicolo arresto;Rettilineo;Una carreggiata a senso unico di marcia;Asciutto;In cubetti di porfido;Verticale ed orizzontale;Sereno;Normale;Buona;Sufficiente;0;0;0;2;12.48012;41.89707;-1;1;Autovettura privata;In marcia / fermata / arresto;Conducente;M;Illeso;0;;Non accertato;
2893038;1;10/07/2016 01:00;Strada Urbana;PIAZZA GRAZIOLI;in prossimità;;del civico n.;18;;Veicolo in marcia contro veicolo arresto;Rettilineo;Una carreggiata a senso unico di marcia;Asciutto;In cubetti di porfido;Verticale ed orizzontale;Sereno;Normale;Buona;Sufficiente;0;0;0;2;12.48012;41.89707;-1;1;Autovettura privata;In marcia / fermata / arresto;Passeggero;M;Illeso;0;;Non accertato;
2893040;8;09/07/2016 14:00;Strada Urbana;VIA COLLATINA;da specificare;;;;alt.za ferrovia RM/PE;Tamponamento;Cavalcavia;Una carreggiata a doppio senso;Asciutto;Asfaltata;Verticale ed orizzontale;Sereno;Normale;Buona;Ore Diurne;2;0;0;0;12.61053;41.90604;-1;1;Autovettura privata;In marcia / fermata / arresto;Conducente;F;Rimandato;0;NON DECEDUTO;Non accertato;Esploso
2893040;8;09/07/2016 14:00;Strada Urbana;VIA COLLATINA;da specificare;;;;alt.za ferrovia RM/PE;Tamponamento;Cavalcavia;Una carreggiata a doppio senso;Asciutto;Asfaltata;Verticale ed orizzontale;Sereno;Normale;Buona;Ore Diurne;2;0;0;0;12.61053;41.90604;-1;2;Autovettura privata;In marcia / fermata / arresto;Conducente;M;Rimandato;0;NON DECEDUTO;Non accertato;Inesploso
2893041;13;09/07/2016 19:00;Strada Urbana;PIAZZA S. LEONARDO DA PORTO MAURIZIO;in prossimità;;del civico n.;33;;Tamponamento;Rettilineo;Una carreggiata a senso unico di marcia;Asciutto;Asfaltata;Assente;Sereno;Intenso;Buona;Ore Diurne;0;0;0;4;12.36504;41.78301;-1;1;Autovettura privata;In marcia / fermata / arresto;Conducente;M;Illeso;0;;Non accertato;
2893041;13;09/07/2016 19:00;Strada Urbana;PIAZZA S. LEONARDO DA PORTO MAURIZIO;in prossimità;;del civico n.;33;;Tamponamento;Rettilineo;Una carreggiata a senso unico di marcia;Asciutto;Asfaltata;Assente;Sereno;Intenso;Buona;Ore Diurne;0;0;0;4;12.36504;41.78301;-1;1;Autovettura privata;In marcia / fermata / arresto;Passeggero;F;Illeso;0;;Non accertato;
2893041;13;09/07/2016 19:00;Strada Urbana;PIAZZA S. LEONARDO DA PORTO MAURIZIO;in prossimità;;del civico n.;33;;Tamponamento;Rettilineo;Una carreggiata a senso unico di marcia;Asciutto;Asfaltata;Assente;Sereno;Intenso;Buona;Ore Diurne;0;0;0;4;12.36504;41.78301;-1;1;Autovettura privata;In marcia / fermata / arresto;Passeggero;F;Illeso;0;;Non accertato;
2893041;13;09/07/2016 19:00;Strada Urbana;PIAZZA S. LEONARDO DA PORTO MAURIZIO;in prossimità;;del civico n.;33;;Tamponamento;Rettilineo;Una carreggiata a senso unico di marcia;Asciutto;Asfaltata;Assente;Sereno;Intenso;Buona;Ore Diurne;0;0;0;4;12.36504;41.78301;-1;2;Autovettura privata;In marcia / fermata / arresto;Conducente;M;Illeso;0;;Non accertato;
2893067;8;10/07/2016 10:15;Strada Urbana;VIALE DEI ROMANISTI;in prossimità;;del palo luce n.;36;;Veicolo in marcia contro ostacolo accidentale;Rettilineo;Due carreggiate;Asciutto;Asfaltata;Verticale ed orizzontale;Sereno;Normale;Buona;Ore Diurne;0;0;0;1;12.57733;41.86753;-1;1;Autovettura privata;In marcia / fermata / arresto;Conducente;M;Illeso;0;;Non accertato;Inesploso
2893071;8;09/07/2016 10:50;Strada Urbana;VIA DI TORRE SPACCATA;all'intersezione con;VIA NINO ILARI;VIA NINO ILARI;;;Scontro frontale/laterale SX fra veicoli in marcia;Incrocio;Una carreggiata a doppio senso;Asciutto;Asfaltata;Verticale;Sereno;Normale;Buona;Ore Diurne;1;0;0;1;12.5859;41.8575;-1;1;Autovettura privata;In marcia / fermata / arresto;Conducente;M;Illeso;0;;Non accertato;Inesploso
2893071;8;09/07/2016 10:50;Strada Urbana;VIA DI TORRE SPACCATA;all'intersezione con;VIA NINO ILARI;VIA NINO ILARI;;;Scontro frontale/laterale SX fra veicoli in marcia;Incrocio;Una carreggiata a doppio senso;Asciutto;Asfaltata;Verticale;Sereno;Normale;Buona;Ore Diurne;1;0;0;1;12.5859;41.8575;-1;2;Motociclo a solo;In marcia / fermata / arresto;Conducente;M;Rimandato;0;NON DECEDUTO;Non accertato;
2893076;7;09/07/2016 17:40;Strada Urbana;VIALE ALESSANDRINO;in prossimità;;del civico n.;161;;Veicolo in marcia contro veicoli in sosta;Rettilineo;Una carreggiata a doppio senso;Asciutto;Asfaltata;Verticale ed orizzontale;Sereno;Normale;Buona;Ore Diurne;0;0;0;1;12.5797;41.8741;-1;1;Autovettura privata;In marcia / fermata / arresto;Conducente;M;Illeso;0;;Non accertato;Inesploso
2893077;8;09/07/2016 19:30;Strada Urbana;VIA GRAMMICHELE;in prossimità;;del civico n.;7;;Veicolo in marcia contro ostacolo fisso;Rettilineo;Una carreggiata a doppio senso;Asciutto;Asfaltata;Assente;Sereno;Normale;Buona;Ore Diurne;0;0;0;1;12.67103;41.86399;-1;1;Autovettura privata;In marcia / fermata / arresto;Conducente;M;Illeso;0;;Non accertato;Inesploso
2893078;2;10/07/2016 01:05;Strada Urbana;VIA ARNO;all'intersezione con;VIA GARIGLIANO;VIA GARIGLIANO;;;Scontro frontale/laterale SX fra veicoli in marcia;Incrocio;Una carreggiata a senso unico di marcia;Asciutto;Asfaltata;Verticale;Nuvoloso;Scarso;Buona;Sufficiente;1;0;0;4;12.50202;41.91778;-1;1;Autovettura privata;In marcia / fermata / arresto;Conducente;M;Illeso;0;;Non accertato;Inesploso
2893078;2;10/07/2016 01:05;Strada Urbana;VIA ARNO;all'intersezione con;VIA GARIGLIANO;VIA GARIGLIANO;;;Scontro frontale/laterale SX fra veicoli in marcia;Incrocio;Una carreggiata a senso unico di marcia;Asciutto;Asfaltata;Verticale;Nuvoloso;Scarso;Buona;Sufficiente;1;0;0;4;12.50202;41.91778;-1;1;Autovettura privata;In marcia / fermata / arresto;Passeggero;F;Illeso;0;;Non accertato;Inesploso
2893078;2;10/07/2016 01:05;Strada Urbana;VIA ARNO;all'intersezione con;VIA GARIGLIANO;VIA GARIGLIANO;;;Scontro frontale/laterale SX fra veicoli in marcia;Incrocio;Una carreggiata a senso unico di marcia;Asciutto;Asfaltata;Verticale;Nuvoloso;Scarso;Buona;Sufficiente;1;0;0;4;12.50202;41.91778;-1;1;Autovettura privata;In marcia / fermata / arresto;Passeggero;M;Illeso;0;;Non accertato;Inesploso
2893078;2;10/07/2016 01:05;Strada Urbana;VIA ARNO;all'intersezione con;VIA GARIGLIANO;VIA GARIGLIANO;;;Scontro frontale/laterale SX fra veicoli in marcia;Incrocio;Una carreggiata a senso unico di marcia;Asciutto;Asfaltata;Verticale;Nuvoloso;Scarso;Buona;Sufficiente;1;0;0;4;12.50202;41.91778;-1;2;Autovettura privata;In marcia / fermata / arresto;Conducente;M;Illeso;0;;;
2893078;2;10/07/2016 01:05;Strada Urbana;VIA ARNO;all'intersezione con;VIA GARIGLIANO;VIA GARIGLIANO;;;Scontro frontale/laterale SX fra veicoli in marcia;Incrocio;Una carreggiata a senso unico di marcia;Asciutto;Asfaltata;Verticale;Nuvoloso;Scarso;Buona;Sufficiente;1;0;0;4;12.50202;41.91778;-1;2;Autovettura privata;In marcia / fermata / arresto;Passeggero;F;Rifiuta cure immediate;0;NON DECEDUTO;Non accertato;Inesploso
2893096;17;09/07/2016 15:10;Strada Urbana;VIALE DELLE MILIZIE;all'intersezione semaforizzata con;VIA DAMIATA;VIA DAMIATA;;;Scontro frontale/laterale DX fra veicoli in marcia;Intersezione semaforizzata;Più di due carreggiate;Asciutto;Asfaltata;Verticale ed orizzontale;Sereno;Scarso;Buona;Ore Diurne;1;0;0;1;12.46322;41.91225;-1;1;Autovettura privata;In marcia / fermata / arresto;Conducente;M;Rimandato;0;NON DECEDUTO;;
2893096;17;09/07/2016 15:10;Strada Urbana;VIALE DELLE MILIZIE;all'intersezione semaforizzata con;VIA DAMIATA;VIA DAMIATA;;;Scontro frontale/laterale DX fra veicoli in marcia;Intersezione semaforizzata;Più di due carreggiate;Asciutto;Asfaltata;Verticale ed orizzontale;Sereno;Scarso;Buona;Ore Diurne;1;0;0;1;12.46322;41.91225;-1;2;Autovettura privata;In marcia / fermata / arresto;Conducente;M;Illeso;0;;;
2893097;4;09/07/2016 17:30;Strada Urbana;VIA VAGLIA;in prossimità;;del civico n.;49;;Scontro laterale fra veicoli in marcia;Rettilineo;Una carreggiata a doppio senso;Asciutto;Asfaltata;Verticale ed orizzontale;Sereno;Normale;Buona;Ore Diurne;0;0;0;4;12.51495;41.95036;-1;1;Autovettura privata;In marcia / fermata / arresto;Conducente;M;Illeso;0;;Non accertato;Inesploso
2893097;4;09/07/2016 17:30;Strada Urbana;VIA VAGLIA;in prossimità;;del civico n.;49;;Scontro laterale fra veicoli in marcia;Rettilineo;Una carreggiata a doppio senso;Asciutto;Asfaltata;Verticale ed orizzontale;Sereno;Normale;Buona;Ore Diurne;0;0;0;4;12.51495;41.95036;-1;2;Autovettura privata;In marcia / fermata / arresto;Conducente;F;Illeso;0;;Non accertato;Inesploso
2893097;4;09/07/2016 17:30;Strada Urbana;VIA VAGLIA;in prossimità;;del civico n.;49;;Scontro laterale fra veicoli in marcia;Rettilineo;Una carreggiata a doppio senso;Asciutto;Asfaltata;Verticale ed orizzontale;Sereno;Normale;Buona;Ore Diurne;0;0;0;4;12.51495;41.95036;-1;2;Autovettura privata;In marcia / fermata / arresto;Passeggero;M;Illeso;0;;Non accertato;Inesploso
2893097;4;09/07/2016 17:30;Strada Urbana;VIA VAGLIA;in prossimità;;del civico n.;49;;Scontro laterale fra veicoli in marcia;Rettilineo;Una carreggiata a doppio senso;Asciutto;Asfaltata;Verticale ed orizzontale;Sereno;Normale;Buona;Ore Diurne;0;0;0;4;12.51495;41.95036;-1;2;Autovettura privata;In marcia / fermata / arresto;Passeggero;M;Illeso;0;;Non accertato;Inesploso
2893099;1;07/07/2016 12:20;Strada Urbana;VIA MERULANA;all'intersezione con;VIA ALEARDO ALEARDI;VIA ALEARDO ALEARDI;;;Scontro laterale fra veicoli in marcia;Incrocio;Una carreggiata a doppio senso;Asciutto;Asfaltata;Verticale ed orizzontale;Sereno;Normale;Buona;Ore Diurne;1;0;0;1;12.50187;41.89213;-1;1;Motociclo a solo;In marcia / fermata / arresto;Conducente;M;Rimandato;0;NON DECEDUTO;Non accertato;
2893099;1;07/07/2016 12:20;Strada Urbana;VIA MERULANA;all'intersezione con;VIA ALEARDO ALEARDI;VIA ALEARDO ALEARDI;;;Scontro laterale fra veicoli in marcia;Incrocio;Una carreggiata a doppio senso;Asciutto;Asfaltata;Verticale ed orizzontale;Sereno;Normale;Buona;Ore Diurne;1;0;0;1;12.50187;41.89213;-1;2;Autovettura privata;In marcia / fermata / arresto;Conducente;M;Illeso;0;;Non accertato;
2893100;13;09/07/2016 11:50;Strada Urbana;VIA DEI PESCATORI;da specificare;;;;altezza via Sarti direz. Fosso di Dragoncello;Tamponamento;Rettilineo;Una carreggiata a senso unico di marcia;Asciutto;Asfaltata;Verticale ed orizzontale;Sereno;Scarso;Buona;Ore Diurne;0;0;0;1;12.33443;41.75221;-1;1;Autovettura privata;In marcia / fermata / arresto;Conducente;F;Illeso;0;;Non accertato;
2893115;4;09/07/2016 19:30;Statale;VIA SALARIA;all'intersezione con;VIA DEL CASALE DI SETTEBAGNI;VIA DEL CASALE DI SETTEBAGNI;;;Tamponamento;Intersezione semaforizzata;Due carreggiate;Asciutto;Asfaltata;Verticale ed orizzontale;Sereno;Normale;Buona;Ore Diurne;0;0;0;3;12.51781;41.99853;-1;1;Autovettura privata;In marcia / fermata / arresto;Conducente;M;Illeso;0;;Non accertato;Inesploso
2893115;4;09/07/2016 19:30;Statale;VIA SALARIA;all'intersezione con;VIA DEL CASALE DI SETTEBAGNI;VIA DEL CASALE DI SETTEBAGNI;;;Tamponamento;Intersezione semaforizzata;Due carreggiate;Asciutto;Asfaltata;Verticale ed orizzontale;Sereno;Normale;Buona;Ore Diurne;0;0;0;3;12.51781;41.99853;-1;2;Autovettura privata;In marcia / fermata / arresto;Conducente;M;Illeso;0;;Utilizzato;Inesploso
2893115;4;09/07/2016 19:30;Statale;VIA SALARIA;all'intersezione con;VIA DEL CASALE DI SETTEBAGNI;VIA DEL CASALE DI SETTEBAGNI;;;Tamponamento;Intersezione semaforizzata;Due carreggiate;Asciutto;Asfaltata;Verticale ed orizzontale;Sereno;Normale;Buona;Ore Diurne;0;0;0;3;12.51781;41.99853;-1;2;Autovettura privata;In marcia / fermata / arresto;Passeggero;M;Illeso;0;;Non accertato;Inesploso
2893127;16;08/07/2016 21:00;Strada Urbana;VIA DELLA MAGLIANA;in prossimità;;del civico n.;191;;Tamponamento;Rettilineo;Una carreggiata a doppio senso;Asciutto;Asfaltata;Orizzontale;Sereno;Scarso;Buona;Sufficiente;0;0;0;1;12.45931;41.85019;-1;1;Autovettura privata;In marcia / fermata / arresto;Conducente;M;Illeso;0;;Non accertato;Inesploso
2893152;16;09/07/2016 11:45;Strada Urbana;VIA DI DONNA OLIMPIA;in corrispondenza;;del civico n.;82;;Tamponamento;Rettilineo;Una carreggiata a doppio senso;Asciutto;Asfaltata;Orizzontale;Sereno;Normale;Buona;Ore Diurne;0;0;0;2;12.45344;41.87664;-1;1;Autovettura privata;In marcia / fermata / arresto;Conducente;M;Illeso;0;;;
2893152;16;09/07/2016 11:45;Strada Urbana;VIA DI DONNA OLIMPIA;in corrispondenza;;del civico n.;82;;Tamponamento;Rettilineo;Una carreggiata a doppio senso;Asciutto;Asfaltata;Orizzontale;Sereno;Normale;Buona;Ore Diurne;0;0;0;2;12.45344;41.87664;-1;2;Motociclo a solo;In marcia / fermata / arresto;Conducente;M;Illeso;0;;Utilizzato;
2893158;13;09/07/2016 11:30;Strada Urbana;VIALE DELLA MARINA;da specificare;;;;altezza via di S.Monica;Scontro frontale/laterale SX fra veicoli in marcia;Rettilineo;Una carreggiata a doppio senso;Asciutto;Asfaltata;Assente;Sereno;Normale;Buona;Ore Diurne;0;0;0;3;12.27736;41.73106;-1;1;Autovettura privata;In marcia / fermata / arresto;Conducente;F;Illeso;0;;Non accertato;
2893158;13;09/07/2016 11:30;Strada Urbana;VIALE DELLA MARINA;da specificare;;;;altezza via di S.Monica;Scontro frontale/laterale SX fra veicoli in marcia;Rettilineo;Una carreggiata a doppio senso;Asciutto;Asfaltata;Assente;Sereno;Normale;Buona;Ore Diurne;0;0;0;3;12.27736;41.73106;-1;2;Autovettura privata;In marcia / fermata / arresto;Conducente;M;Illeso;0;;Non accertato;
2893158;13;09/07/2016 11:30;Strada Urbana;VIALE DELLA MARINA;da specificare;;;;altezza via di S.Monica;Scontro frontale/laterale SX fra veicoli in marcia;Rettilineo;Una carreggiata a doppio senso;Asciutto;Asfaltata;Assente;Sereno;Normale;Buona;Ore Diurne;0;0;0;3;12.27736;41.73106;-1;2;Autovettura privata;In marcia / fermata / arresto;Passeggero;F;Illeso;0;;Non accertato;
2893210;17;10/07/2016 02:06;Strada Urbana;VIA FABIO MASSIMO;all'intersezione con;VIA GERMANICO;VIA GERMANICO;;;Scontro frontale/laterale DX fra veicoli in marcia;Incrocio;Una carreggiata a senso unico di marcia;Asciutto;Asfaltata;Verticale ed orizzontale;Sereno;Scarso;Sufficiente;Sufficiente;3;0;0;2;12.46219;41.90883;-1;1;Autovettura privata;In marcia / fermata / arresto;Conducente;M;Illeso;0;;;
2893210;17;10/07/2016 02:06;Strada Urbana;VIA FABIO MASSIMO;all'intersezione con;VIA GERMANICO;VIA GERMANICO;;;Scontro frontale/laterale DX fra veicoli in marcia;Incrocio;Una carreggiata a senso unico di marcia;Asciutto;Asfaltata;Verticale ed orizzontale;Sereno;Scarso;Sufficiente;Sufficiente;3;0;0;2;12.46219;41.90883;-1;1;Autovettura privata;In marcia / fermata / arresto;Passeggero;M;Rimandato;0;NON DECEDUTO;;
2893210;17;10/07/2016 02:06;Strada Urbana;VIA FABIO MASSIMO;all'intersezione con;VIA GERMANICO;VIA GERMANICO;;;Scontro frontale/laterale DX fra veicoli in marcia;Incrocio;Una carreggiata a senso unico di marcia;Asciutto;Asfaltata;Verticale ed orizzontale;Sereno;Scarso;Sufficiente;Sufficiente;3;0;0;2;12.46219;41.90883;-1;2;Autovettura pubblica;In marcia / fermata / arresto;Conducente;M;Illeso;0;;;
2893210;17;10/07/2016 02:06;Strada Urbana;VIA FABIO MASSIMO;all'intersezione con;VIA GERMANICO;VIA GERMANICO;;;Scontro frontale/laterale DX fra veicoli in marcia;Incrocio;Una carreggiata a senso unico di marcia;Asciutto;Asfaltata;Verticale ed orizzontale;Sereno;Scarso;Sufficiente;Sufficiente;3;0;0;2;12.46219;41.90883;-1;2;Autovettura pubblica;In marcia / fermata / arresto;Passeggero;F;Rimandato;0;NON DECEDUTO;;
2893213;13;09/07/2016 09:10;Strada Urbana;VIA CAPO SPARTIVENTO;in prossimità;;del civico n.;125;;Scontro laterale fra veicoli in marcia;Rettilineo;Due carreggiate;Asciutto;Asfaltata;Verticale ed orizzontale;Sereno;Normale;Buona;Ore Diurne;0;0;0;2;12.28646;41.73842;-1;1;Autovettura privata;In marcia / fermata / arresto;Conducente;F;Illeso;0;;Non accertato;Inesploso