Protocollo;Gruppo;DataOraIncidente;Localizzazione1;STRADA1;Localizzazione2;STRADA2;Strada02;Chilometrica;DaSpecificare;NaturaIncidente;particolaritastrade;TipoStrada;FondoStradale;Pavimentazione;Segnaletica;CondizioneAtmosferica;Traffico;Visibilita;Illuminazione;NUM_FERITI;NUM_RISERVATA;NUM_MORTI;NUM_ILLESI;Longitudine;Latitudine;Confermato;Progressivo;TipoVeicolo;StatoVeicolo;TipoPersona;Sesso;Tipolesione;Deceduto;DecedutoDopo;CinturaCascoUtilizzato;Airbag
2895772;20;12/07/2016 10:20;Strada Urbana;PIAZZA DEI GIUOCHI DELFICI;in prossimità;;del civico n.;20;;Scontro frontale/laterale SX fra veicoli in marcia;Rettilineo;Una carreggiata a senso unico di marcia;Asciutto;Asfaltata;Verticale ed orizzontale;Sereno;Normale;Buona;Ore Diurne;0;0;0;3;12.46299;41.94802;-1;1;Autovettura privata;In marcia / fermata / arresto;Conducente;M;Illeso;0;;Non accertato;Inesploso
2895772;20;12/07/2016 10:20;Strada Urbana;PIAZZA DEI GIUOCHI DELFICI;in prossimità;;del civico n.;20;;Scontro frontale/laterale SX fra veicoli in marcia;Rettilineo;Una carreggiata a senso unico di marcia;Asciutto;Asfaltata;Verticale ed orizzontale;Sereno;Normale;Buona;Ore Diurne;0;0;0;3;12.46299;41.94802;-1;1;Autovettura privata;In marcia / fermata / arresto;Passeggero;F;Illeso;0;;Non accertato;Inesploso
2895772;20;12/07/2016 10:20;Strada Urbana;PIAZZA DEI GIUOCHI DELFICI;in prossimità;;del civico n.;20;;Scontro frontale/laterale SX fra veicoli in marcia;Rettilineo;Una carreggiata a senso unico di marcia;Asciutto;Asfaltata;Verticale ed orizzontale;Sereno;Normale;Buona;Ore Diurne;0;0;0;3;12.46299;41.94802;-1;2;Autovettura privata;In marcia / fermata / arresto;Conducente;F;Illeso;0;;Non accertato;Inesploso
2895774;5;12/07/2016 14:00;Strada Urbana;VIA DI TOR CERVARA;in corrispondenza;;del civico n.;11;;Scontro laterale fra veicoli in marcia;Rettilineo;Una carreggiata a doppio senso;Asciutto;Asfaltata;Orizzontale;Sereno;Normale;Buona;Ore Diurne;0;0;0;2;12.58609;41.93179;-1;1;Autovettura privata;In marcia / fermata / arresto;Conducente;F;Illeso;0;;Non accertato;Inesploso
2895774;5;12/07/2016 14:00;Strada Urbana;VIA DI TOR CERVARA;in corrispondenza;;del civico n.;11;;Scontro laterale fra veicoli in marcia;Rettilineo;Una carreggiata a doppio senso;Asciutto;Asfaltata;Orizzontale;Sereno;Normale;Buona;Ore Diurne;0;0;0;2;12.58609;41.93179;-1;2;Autovettura privata;In marcia / fermata / arresto;Conducente;M;Illeso;0;;Non accertato;Inesploso
2895777;5;13/07/2016 01:40;Strada Urbana;PIAZZA RICCARDO BALSAMO CRIVELLI;in prossimità;;del civico n.;33;;Veicolo in marcia contro veicoli in sosta;Rettilineo;Una carreggiata a doppio senso;Asciutto;Asfaltata;Verticale ed orizzontale;Sereno;Scarso;Buona;Sufficiente;0;0;0;1;12.55059;41.90604;-1;1;Autovettura privata;In marcia / fermata / arresto;Conducente;M;Illeso;0;;Non accertato;
2895791;20;12/07/2016 17:50;Strada Urbana;VIALE DELLE GALLINE BIANCHE;in corrispondenza;;del palo luce n.;87;;Scontro laterale fra veicoli in marcia;Curva a visuale libera;Due carreggiate;Asciutto;Asfaltata;Orizzontale;Sereno;Scarso;Buona;Ore Diurne;1;0;0;0;12.49016;41.99721;-1;1;Motociclo a solo;In marcia / fermata / arresto;Conducente;M;Ricoverato;0;NON DECEDUTO;;
2895799;20;13/07/2016 01:15;Strada Urbana;VIA CAPOPRATI;da specificare;;;;Prossim. Palo Acea nr. 28;Infortunio per caduta del veicolo;Rettilineo;Una carreggiata a doppio senso;Asciutto;Asfaltata;Orizzontale;Sereno;Scarso;Sufficiente;Sufficiente;1;0;0;0;12.45975;41.93129;-1;1;Motociclo a solo;In marcia / fermata / arresto;Conducente;M;Ricoverato;0;NON DECEDUTO;;
2895805;20;12/07/2016 15:15;Strada Urbana;LUNGOTEVERE MARESCIALLO CADORNA;all'intersezione semaforizzata con;PONTE DUCA D'AOSTA;PONTE DUCA D'AOSTA;;;Scontro frontale/laterale SX fra veicoli in marcia;Incrocio;Due carreggiate;Asciutto;Asfaltata;Orizzontale;Sereno;Intenso;Buona;Ore Diurne;1;0;0;4;12.45811;41.92785;-1;1;Autovettura privata;In marcia / fermata / arresto;Conducente;F;Illeso;0;;Non accertato;
2895805;20;12/07/2016 15:15;Strada Urbana;LUNGOTEVERE MARESCIALLO CADORNA;all'intersezione semaforizzata con;PONTE DUCA D'AOSTA;PONTE DUCA D'AOSTA;;;Scontro frontale/laterale SX fra veicoli in marcia;Incrocio;Due carreggiate;Asciutto;Asfaltata;Orizzontale;Sereno;Intenso;Buona;Ore Diurne;1;0;0;4;12.45811;41.92785;-1;1;Autovettura privata;In marcia / fermata / arresto;Passeggero;M;Illeso;0;;;
2895805;20;12/07/2016 15:15;Strada Urbana;LUNGOTEVERE MARESCIALLO CADORNA;all'intersezione semaforizzata con;PONTE DUCA D'AOSTA;PONTE DUCA D'AOSTA;;;Scontro frontale/laterale SX fra veicoli in marcia;Incrocio;Due carreggiate;Asciutto;Asfaltata;Orizzontale;Sereno;Intenso;Buona;Ore Diurne;1;0;0;4;12.45811;41.92785;-1;2;Motociclo con passeggero;In marcia / fermata / arresto;Conducente;M;Illeso;0;;Non accertato;
2895805;20;12/07/2016 15:15;Strada Urbana;LUNGOTEVERE MARESCIALLO CADORNA;all'intersezione semaforizzata con;PONTE DUCA D'AOSTA;PONTE DUCA D'AOSTA;;;Scontro frontale/laterale SX fra veicoli in marcia;Incrocio;Due carreggiate;Asciutto;Asfaltata;Orizzontale;Sereno;Intenso;Buona;Ore Diurne;1;0;0;4;12.45811;41.92785;-1;2;Motociclo con passeggero;In marcia / fermata / arresto;Passeggero;F;Rimandato;0;NON DECEDUTO;Non accertato;
2895805;20;12/07/2016 15:15;Strada Urbana;LUNGOTEVERE MARESCIALLO CADORNA;all'intersezione semaforizzata con;PONTE DUCA D'AOSTA;PONTE DUCA D'AOSTA;;;Scontro frontale/laterale SX fra veicoli in marcia;Incrocio;Due carreggiate;Asciutto;Asfaltata;Orizzontale;Sereno;Intenso;Buona;Ore Diurne;1;0;0;4;12.45811;41.92785;-1;3;Motociclo con passeggero;In marcia / fermata / arresto;Conducente;M;Illeso;0;;Non accertato;
2895807;18;12/07/2016 16:10;Strada Urbana;VIA GREGORIO VII;da specificare;;;;fronte VIA CARLO ZUCCHI;Scontro laterale fra veicoli in marcia;Rettilineo;Più di due carreggiate;Asciutto;Asfaltata;Verticale ed orizzontale;Sereno;Intenso;Buona;Ore Diurne;0;0;0;2;12.43072;41.89466;-1;1;Autovettura privata;In marcia / fermata / arresto;Conducente;F;Illeso;0;;;
2895807;18;12/07/2016 16:10;Strada Urbana;VIA GREGORIO VII;da specificare;;;;fronte VIA CARLO ZUCCHI;Scontro laterale fra veicoli in marcia;Rettilineo;Più di due carreggiate;Asciutto;Asfaltata;Verticale ed orizzontale;Sereno;Intenso;Buona;Ore Diurne;0;0;0;2;12.43072;41.89466;-1;2;Motociclo a solo;In marcia / fermata / arresto;Conducente;M;Illeso;0;;;
2895813;20;12/07/2016 16:00;Regionale entro l'abitato;VIA CASSIA;in prossimità;;del civico n.;478;;Ribaltamento senza urto contro ostacolo fisso;Curva senza visuale libera;Una carreggiata a doppio senso;Asciutto;Asfaltata;Verticale ed orizzontale;Sereno;Normale;Buona;Ore Diurne;1;0;0;1;12.45466;41.95771;-1;1;Motociclo con passeggero;In marcia / fermata / arresto;Conducente;M;Illeso;0;;;
2895813;20;12/07/2016 16:00;Regionale entro l'abitato;VIA CASSIA;in prossimità;;del civico n.;478;;Ribaltamento senza urto contro ostacolo fisso;Curva senza visuale libera;Una carreggiata a doppio senso;Asciutto;Asfaltata;Verticale ed orizzontale;Sereno;Normale;Buona;Ore Diurne;1;0;0;1;12.45466;41.95771;-1;1;Motociclo con passeggero;In marcia / fermata / arresto;Passeggero;M;Rimandato;0;NON DECEDUTO;;
2895817;18;12/07/2016 18:15;Strada Urbana;VIA DI BOCCEA;all'intersezione con;VIA EMILIO ALBERTARIO;VIA EMILIO ALBERTARIO;;;Scontro laterale fra veicoli in marcia;Intersezione stradale segnalata;Una carreggiata a doppio senso;Asciutto;Asfaltata;Verticale ed orizzontale;Sereno;Normale;Buona;Ore Diurne;1;0;0;2;12.42282;41.90286;-1;1;Autovettura privata;In marcia / fermata / arresto;Conducente;M;Illeso;0;;;
2895817;18;12/07/2016 18:15;Strada Urbana;VIA DI BOCCEA;all'intersezione con;VIA EMILIO ALBERTARIO;VIA EMILIO ALBERTARIO;;;Scontro laterale fra veicoli in marcia;Intersezione stradale segnalata;Una carreggiata a doppio senso;Asciutto;Asfaltata;Verticale ed orizzontale;Sereno;Normale;Buona;Ore Diurne;1;0;0;2;12.42282;41.90286;-1;1;Autovettura privata;In marcia / fermata / arresto;Passeggero;M;Illeso;0;;;
2895817;18;12/07/2016 18:15;Strada Urbana;VIA DI BOCCEA;all'intersezione con;VIA EMILIO ALBERTARIO;VIA EMILIO ALBERTARIO;;;Scontro laterale fra veicoli in marcia;Intersezione stradale segnalata;Una carreggiata a doppio senso;Asciutto;Asfaltata;Verticale ed orizzontale;Sereno;Normale;Buona;Ore Diurne;1;0;0;2;12.42282;41.90286;-1;2;Motociclo a solo;In marcia / fermata / arresto;Conducente;M;Rimandato;0;NON DECEDUTO;;
2895818;20;12/07/2016 10:30;Strada Urbana;VIA FORNACE VIGNOLO;da specificare;;;;"Ingeresso centrale ENEL ""C. Giubileo""";Scontro frontale/laterale SX fra veicoli in marcia;Rettilineo;Una carreggiata a doppio senso;Asciutto;Asfaltata;Verticale ed orizzontale;Sereno;Normale;Buona;Ore Diurne;0;0;0;2;12.49636;41.98747;-1;1;Autovettura privata;In marcia / fermata / arresto;Conducente;M;Illeso;0;;;
2895818;20;12/07/2016 10:30;Strada Urbana;VIA FORNACE VIGNOLO;da specificare;;;;"Ingeresso centrale ENEL ""C. Giubileo""";Scontro frontale/laterale SX fra veicoli in marcia;Rettilineo;Una carreggiata a doppio senso;Asciutto;Asfaltata;Verticale ed orizzontale;Sereno;Normale;Buona;Ore Diurne;0;0;0;2;12.49636;41.98747;-1;2;Trattore stradale;In marcia / fermata / arresto;Conducente;M;Illeso;0;;;
2895820;1;08/07/2016 21:10;Strada Urbana;VIA LEOPARDI;in prossimità;;del civico n.;52;;Tamponamento;Rettilineo;Una carreggiata a senso unico di marcia;Asciutto;In cubetti di porfido;Verticale ed orizzontale;Sereno;Scarso;Sufficiente;Sufficiente;0;0;0;2;12.50201;41.89465;-1;1;Autovettura privata;In marcia / fermata / arresto;Conducente;F;Illeso;0;;;
2895820;1;08/07/2016 21:10;Strada Urbana;VIA LEOPARDI;in prossimità;;del civico n.;52;;Tamponamento;Rettilineo;Una carreggiata a senso unico di marcia;Asciutto;In cubetti di porfido;Verticale ed orizzontale;Sereno;Scarso;Sufficiente;Sufficiente;0;0;0;2;12.50201;41.89465;-1;2;Autovettura privata;In marcia / fermata / arresto;Conducente;F;Illeso;0;;;
2895822;18;12/07/2016 17:20;Strada Urbana;VIA DI BOCCEA;da specificare;;;;altezza via Ulrico Hoepli ;Scontro laterale fra veicoli in marcia;Rotatoria;Una carreggiata a senso unico di marcia;Asciutto;Asfaltata;Verticale ed orizzontale;Sereno;Normale;Buona;Ore Diurne;1;0;0;2;12.37972;41.91579;-1;1;Motociclo con passeggero;In marcia / fermata / arresto;Conducente;M;Illeso;0;;;
2895822;18;12/07/2016 17:20;Strada Urbana;VIA DI BOCCEA;da specificare;;;;altezza via Ulrico Hoepli ;Scontro laterale fra veicoli in marcia;Rotatoria;Una carreggiata a senso unico di marcia;Asciutto;Asfaltata;Verticale ed orizzontale;Sereno;Normale;Buona;Ore Diurne;1;0;0;2;12.37972;41.91579;-1;1;Motociclo con passeggero;In marcia / fermata / arresto;Passeggero;F;Rimandato;0;NON DECEDUTO;;
2895822;18;12/07/2016 17:20;Strada Urbana;VIA DI BOCCEA;da specificare;;;;altezza via Ulrico Hoepli ;Scontro laterale fra veicoli in marcia;Rotatoria;Una carreggiata a senso unico di marcia;Asciutto;Asfaltata;Verticale ed orizzontale;Sereno;Normale;Buona;Ore Diurne;1;0;0;2;12.37972;41.91579;-1;2;Autovettura privata;In marcia / fermata / arresto;Conducente;F;Illeso;0;;;
2895825;12;12/07/2016 18:30;Strada Urbana;PIAZZA GUIDO PIOVENE;all'intersezione con;VIALE CARLO LEVI;VIALE CARLO LEVI;;;Scontro laterale fra veicoli in marcia;Incrocio;Due carreggiate;Asciutto;Asfaltata;Verticale ed orizzontale;Sereno;Normale;Buona;Ore Diurne;0;0;0;3;12.4654;41.81247;-1;1;Autovettura privata;In marcia / fermata / arresto;Conducente;M;Illeso;0;;Utilizzato;Inesploso
2895825;12;12/07/2016 18:30;Strada Urbana;PIAZZA GUIDO PIOVENE;all'intersezione con;VIALE CARLO LEVI;VIALE CARLO LEVI;;;Scontro laterale fra veicoli in marcia;Incrocio;Due carreggiate;Asciutto;Asfaltata;Verticale ed orizzontale;Sereno;Normale;Buona;Ore Diurne;0;0;0;3;12.4654;41.81247;-1;2;Autovettura privata;In marcia / fermata / arresto;Conducente;M;Illeso;0;;Utilizzato;Inesploso
2895825;12;12/07/2016 18:30;Strada Urbana;PIAZZA GUIDO PIOVENE;all'intersezione con;VIALE CARLO LEVI;VIALE CARLO LEVI;;;Scontro laterale fra veicoli in marcia;Incrocio;Due carreggiate;Asciutto;Asfaltata;Verticale ed orizzontale;Sereno;Normale;Buona;Ore Diurne;0;0;0;3;12.4654;41.81247;-1;2;Autovettura privata;In marcia / fermata / arresto;Passeggero;F;Illeso;0;;Utilizzato;Inesploso
2895827;12;08/07/2016 14:20;Provinciale entro l'abitato;VIA DELLA STAZIONE DI PAVONA;all'intersezione con;VIA GROTTOLELLA;VIA GROTTOLELLA;;;Scontro frontale/laterale SX fra veicoli in marcia;Intersezione stradale segnalata;Una carreggiata a doppio senso;Asciutto;Asfaltata;Verticale ed orizzontale;Sereno;Normale;Buona;Ore Diurne;0;0;0;2;12.58497;41.71665;-1;1;Autovettura privata;In marcia / fermata / arresto;Conducente;M;Illeso;0;;Utilizzato;Inesploso
2895827;12;08/07/2016 14:20;Provinciale entro l'abitato;VIA DELLA STAZIONE DI PAVONA;all'intersezione con;VIA GROTTOLELLA;VIA GROTTOLELLA;;;Scontro frontale/laterale SX fra veicoli in marcia;Intersezione stradale segnalata;Una carreggiata a doppio senso;Asciutto;Asfaltata;Verticale ed orizzontale;Sereno;Normale;Buona;Ore Diurne;0;0;0;2;12.58497;41.71665;-1;2;Autovettura privata;In marcia / fermata / arresto;Conducente;M;Illeso;0;;Non accertato;Inesploso
2895832;16;11/07/2016 14:40;Strada Urbana;VIA SILVESTRI;all'intersezione semaforizzata con;VIA DEL FORTE BRAVETTA;VIA DEL FORTE BRAVETTA;;;Veicolo in marcia contro veicolo arresto;Intersezione semaforizzata;Due carreggiate;Asciutto;Asfaltata;Verticale ed orizzontale;Sereno;Normale;Buona;Ore Diurne;1;0;0;1;12.43257;41.8779;-1;1;Motociclo a solo;In marcia / fermata / arresto;Conducente;M;Rimandato;0;NON DECEDUTO;Non accertato;
2895832;16;11/07/2016 14:40;Strada Urbana;VIA SILVESTRI;all'intersezione semaforizzata con;VIA DEL FORTE BRAVETTA;VIA DEL FORTE BRAVETTA;;;Veicolo in marcia contro veicolo arresto;Intersezione semaforizzata;Due carreggiate;Asciutto;Asfaltata;Verticale ed orizzontale;Sereno;Normale;Buona;Ore Diurne;1;0;0;1;12.43257;41.8779;-1;2;Autovettura privata;In marcia / fermata / arresto;Conducente;M;Illeso;0;;Non accertato;
2895837;16;11/07/2016 15:20;Strada Urbana;VIALE DEI COLLI PORTUENSI;all'intersezione semaforizzata con;LARGO ALBERTO MISSIROLI;LARGO ALBERTO MISSIROLI;;;Scontro frontale/laterale DX fra veicoli in marcia;Intersezione semaforizzata;Due carreggiate;Asciutto;Asfaltata;Verticale ed orizzontale;Sereno;Normale;Buona;Ore Diurne;1;0;0;1;12.44405;41.86664;-1;1;Autovettura privata;In marcia / fermata / arresto;Conducente;F;Illeso;0;;Non accertato;Inesploso
2895837;16;11/07/2016 15:20;Strada Urbana;VIALE DEI COLLI PORTUENSI;all'intersezione semaforizzata con;LARGO ALBERTO MISSIROLI;LARGO ALBERTO MISSIROLI;;;Scontro frontale/laterale DX fra veicoli in marcia;Intersezione semaforizzata;Due carreggiate;Asciutto;Asfaltata;Verticale ed orizzontale;Sereno;Normale;Buona;Ore Diurne;1;0;0;1;12.44405;41.86664;-1;2;Motociclo a solo;In marcia / fermata / arresto;Conducente;M;Rimandato;0;NON DECEDUTO;Non accertato;
2895848;17;12/07/2016 10:00;Strada Urbana;VIA COLA DI RIENZO;in prossimità;;del civico n.;319;;Investimento di pedone;Rettilineo;Una carreggiata a doppio senso;Asciutto;Asfaltata;Verticale ed orizzontale;Sereno;Normale;Buona;Ore Diurne;0;0;0;2;12.4593;41.90654;-1;;;;Pedone;F;Illeso;0;;;
2895848;17;12/07/2016 10:00;Strada Urbana;VIA COLA DI RIENZO;in prossimità;;del civico n.;319;;Investimento di pedone;Rettilineo;Una carreggiata a doppio senso;Asciutto;Asfaltata;Verticale ed orizzontale;Sereno;Normale;Buona;Ore Diurne;0;0;0;2;12.4593;41.90654;-1;1;Autovettura privata;In marcia / fermata / arresto;Conducente;M;Illeso;0;;;
2895852;16;11/07/2016 15:30;Strada Urbana;VIA DELLA PISANA;in prossimità;;del civico n.;280;;Tamponamento;Rettilineo;Una carreggiata a doppio senso;Asciutto;Asfaltata;Assente;Sereno;Normale;Buona;Ore Diurne;0;0;0;2;12.4147;41.87619;-1;1;Autovettura privata;In marcia / fermata / arresto;Conducente;F;Illeso;0;;Non accertato;Inesploso
2895852;16;11/07/2016 15:30;Strada Urbana;VIA DELLA PISANA;in prossimità;;del civico n.;280;;Tamponamento;Rettilineo;Una carreggiata a doppio senso;Asciutto;Asfaltata;Assente;Sereno;Normale;Buona;Ore Diurne;0;0;0;2;12.4147;41.87619;-1;2;Autovettura privata;In marcia / fermata / arresto;Conducente;F;Illeso;0;;Non accertato;Inesploso
2895860;12;08/07/2016 09:30;Strada Urbana;VIA EDOARDO AMALDI;da specificare;;;;fronte civico n.240;Scontro frontale/laterale SX fra veicoli in marcia;Curva a visuale libera;Due carreggiate;Asciutto;Asfaltata;Verticale ed orizzontale;Sereno;Normale;Buona;Ore Diurne;0;0;0;2;12.48546;41.794;-1;1;Autovettura privata;In marcia / fermata / arresto;Conducente;F;Illeso;0;;Non accertato;Inesistente
2895860;12;08/07/2016 09:30;Strada Urbana;VIA EDOARDO AMALDI;da specificare;;;;fronte civico n.240;Scontro frontale/laterale SX fra veicoli in marcia;Curva a visuale libera;Due carreggiate;Asciutto;Asfaltata;Verticale ed orizzontale;Sereno;Normale;Buona;Ore Diurne;0;0;0;2;12.48546;41.794;-1;2;Autovettura privata;In marcia / fermata / arresto;Conducente;M;Illeso;0;;Non accertato;Inesistente
2895862;16;11/07/2016 18:45;Strada Urbana;VIA ETTORE ROLLI;all'intersezione con;VIA PANFILO CASTALDI;VIA PANFILO CASTALDI;;;Scontro laterale fra veicoli in marcia;Intersezione semaforizzata;Una carreggiata a doppio senso;Asciutto;Asfaltata;Verticale ed orizzontale;Sereno;Normale;Sufficiente;Sufficiente;1;0;0;1;12.46761;41.87428;-1;1;Autovettura privata;In marcia / fermata / arresto;Conducente;M;Illeso;0;;Non accertato;Inesploso
2895862;16;11/07/2016 18:45;Strada Urbana;VIA ETTORE ROLLI;all'intersezione con;VIA PANFILO CASTALDI;VIA PANFILO CASTALDI;;;Scontro laterale fra veicoli in marcia;Intersezione semaforizzata;Una carreggiata a doppio senso;Asciutto;Asfaltata;Verticale ed orizzontale;Sereno;Normale;Sufficiente;Sufficiente;1;0;0;1;12.46761;41.87428;-1;2;Motociclo a solo;In marcia / fermata / arresto;Conducente;F;Rifiuta cure immediate;0;NON DECEDUTO;Non accertato;
2895871;17;12/07/2016 12:25;Strada Urbana;LUNGOTEVERE MICHELANGELO;in corrispondenza;;del palo luce n.;12;;Scontro laterale fra veicoli in marcia;Rettilineo;Una carreggiata a senso unico di marcia;Asciutto;Asfaltata;Verticale ed orizzontale;Sereno;Normale;Buona;Ore Diurne;0;0;0;4;12.47036;41.91219;-1;1;Autocarro inferiore 35 q.;In marcia / fermata / arresto;Conducente;M;Illeso;0;;;
2895871;17;12/07/2016 12:25;Strada Urbana;LUNGOTEVERE MICHELANGELO;in corrispondenza;;del palo luce n.;12;;Scontro laterale fra veicoli in marcia;Rettilineo;Una carreggiata a senso unico di marcia;Asciutto;Asfaltata;Verticale ed orizzontale;Sereno;Normale;Buona;Ore Diurne;0;0;0;4;12.47036;41.91219;-1;2;Autovettura privata;In marcia / fermata / arresto;Conducente;F;Illeso;0;;;
2895871;17;12/07/2016 12:25;Strada Urbana;LUNGOTEVERE MICHELANGELO;in corrispondenza;;del palo luce n.;12;;Scontro laterale fra veicoli in marcia;Rettilineo;Una carreggiata a senso unico di marcia;Asciutto;Asfaltata;Verticale ed orizzontale;Sereno;Normale;Buona;Ore Diurne;0;0;0;4;12.47036;41.91219;-1;2;Autovettura privata;In marcia / fermata / arresto;Passeggero;F;Illeso;0;;;
2895871;17;12/07/2016 12:25;Strada Urbana;LUNGOTEVERE MICHELANGELO;in corrispondenza;;del palo luce n.;12;;Scontro laterale fra veicoli in marcia;Rettilineo;Una carreggiata a senso unico di marcia;Asciutto;Asfaltata;Verticale ed orizzontale;Sereno;Normale;Buona;Ore Diurne;0;0;0;4;12.47036;41.91219;-1;2;Autovettura privata;In marcia / fermata / arresto;Passeggero;F;Illeso;0;;;
2895874;4;12/07/2016 16:30;Strada Urbana;VIA DELLA BUFALOTTA;in corrispondenza;;del civico n.;1015;;Scontro frontale/laterale SX fra veicoli in marcia;Curva senza visuale libera;Una carreggiata a doppio senso;Asciutto;Asfaltata;Verticale ed orizzontale;Sereno;Normale;Buona;Ore Diurne;0;0;0;4;12.55156;41.98267;-1;1;Autovettura privata;In marcia / fermata / arresto;Conducente;M;Illeso;0;;Non accertato;Inesploso
2895874;4;12/07/2016 16:30;Strada Urbana;VIA DELLA BUFALOTTA;in corrispondenza;;del civico n.;1015;;Scontro frontale/laterale SX fra veicoli in marcia;Curva senza visuale libera;Una carreggiata a doppio senso;Asciutto;Asfaltata;Verticale ed orizzontale;Sereno;Normale;Buona;Ore Diurne;0;0;0;4;12.55156;41.98267;-1;1;Autovettura privata;In marcia / fermata / arresto;Passeggero;F;Illeso;0;;Non accertato;Inesistente
2895874;4;12/07/2016 16:30;Strada Urbana;VIA DELLA BUFALOTTA;in corrispondenza;;del civico n.;1015;;Scontro frontale/laterale SX fra veicoli in marcia;Curva senza visuale libera;Una carreggiata a doppio senso;Asciutto;Asfaltata;Verticale ed orizzontale;Sereno;Normale;Buona;Ore Diurne;0;0;0;4;12.55156;41.98267;-1;2;Autovettura privata;In marcia / fermata / arresto;Conducente;M;Illeso;0;;Non accertato;Inesploso
2895874;4;12/07/2016 16:30;Strada Urbana;VIA DELLA BUFALOTTA;in corrispondenza;;del civico n.;1015;;Scontro frontale/laterale SX fra veicoli in marcia;Curva senza visuale libera;Una carreggiata a doppio senso;Asciutto;Asfaltata;Verticale ed orizzontale;Sereno;Normale;Buona;Ore Diurne;0;0;0;4;12.55156;41.98267;-1;2;Autovettura privata;In marcia / fermata / arresto;Passeggero;F;Illeso;0;;Non accertato;Inesploso
2895880;7;13/07/2016 00:25;Strada Urbana;VIA APPIA NUOVA;all'intersezione con;VIALE APPIO CLAUDIO;VIALE APPIO CLAUDIO;;;Scontro laterale fra veicoli in marcia;Incrocio;Una carreggiata a doppio senso;Asciutto;Asfaltata;Verticale ed orizzontale;Sereno;Normale;Buona;Sufficiente;0;0;0;2;12.5516;41.83656;-1;1;Autovettura privata;In marcia / fermata / arresto;Conducente;M;Illeso;0;;Non accertato;Inesploso
2895880;7;13/07/2016 00:25;Strada Urbana;VIA APPIA NUOVA;all'intersezione con;VIALE APPIO CLAUDIO;VIALE APPIO CLAUDIO;;;Scontro laterale fra veicoli in marcia;Incrocio;Una carreggiata a doppio senso;Asciutto;Asfaltata;Verticale ed orizzontale;Sereno;Normale;Buona;Sufficiente;0;0;0;2;12.5516;41.83656;-1;2;Autobus urbano;In marcia / fermata / arresto;Conducente;M;Illeso;0;;Non accertato;Inesploso
2895892;20;13/07/2016 08:15;Strada Urbana;VIA FLAMINIA NUOVA;all'intersezione con;VIA BOMARZO;VIA BOMARZO;;;Tamponamento Multiplo;Incrocio;Due carreggiate;Asciutto;Asfaltata;Verticale ed orizzontale;Sereno;Intenso;Buona;Ore Diurne;1;0;0;3;12.48411;41.95138;-1;1;Autovettura privata;In marcia / fermata / arresto;Conducente;M;Illeso;0;;Non accertato;Inesploso
2895892;20;13/07/2016 08:15;Strada Urbana;VIA FLAMINIA NUOVA;all'intersezione con;VIA BOMARZO;VIA BOMARZO;;;Tamponamento Multiplo;Incrocio;Due carreggiate;Asciutto;Asfaltata;Verticale ed orizzontale;Sereno;Intenso;Buona;Ore Diurne;1;0;0;3;12.48411;41.95138;-1;2;Autovettura privata;In marcia / fermata / arresto;Conducente;M;Rimandato;0;NON DECEDUTO;Non accertato;Inesploso
2895892;20;13/07/2016 08:15;Strada Urbana;VIA FLAMINIA NUOVA;all'intersezione con;VIA BOMARZO;VIA BOMARZO;;;Tamponamento Multiplo;Incrocio;Due carreggiate;Asciutto;Asfaltata;Verticale ed orizzontale;Sereno;Intenso;Buona;Ore Diurne;1;0;0;3;12.48411;41.95138;-1;3;Autocarro inferiore 35 q.;In marcia / fermata / arresto;Conducente;M;Illeso;0;;Non accertato;Inesistente
2895892;20;13/07/2016 08:15;Strada Urbana;VIA FLAMINIA NUOVA;all'intersezione con;VIA BOMARZO;VIA BOMARZO;;;Tamponamento Multiplo;Incrocio;Due carreggiate;Asciutto;Asfaltata;Verticale ed orizzontale;Sereno;Intenso;Buona;Ore Diurne;1;0;0;3;12.48411;41.95138;-1;4;Autovettura privata;In marcia / fermata / arresto;Conducente;M;Illeso;0;;;
2895895;16;12/07/2016 09:00;Strada Urbana;VIA LUIGI RONZONI;in corrispondenza;;del civico n.;75;;Scontro laterale fra veicoli in marcia;Rettilineo;Una carreggiata a doppio senso;Asciutto;Asfaltata;Assente;Sereno;Normale;Buona;Ore Diurne;0;0;0;2;12.44542;41.86658;-1;1;Autovettura privata;In marcia / fermata / arresto;Conducente;F;Illeso;0;;Non accertato;Inesploso
2895895;16;12/07/2016 09:00;Strada Urbana;VIA LUIGI RONZONI;in corrispondenza;;del civico n.;75;;Scontro laterale fra veicoli in marcia;Rettilineo;Una carreggiata a doppio senso;Asciutto;Asfaltata;Assente;Sereno;Normale;Buona;Ore Diurne;0;0;0;2;12.44542;41.86658;-1;2;Autovettura privata;In marcia / fermata / arresto;Conducente;M;Illeso;0;;Non accertato;Inesploso
2895903;16;12/07/2016 09:30;Strada Urbana;VIA LORENZO ROCCI;in corrispondenza;;del civico n.;7;;Scontro frontale/laterale SX fra veicoli in marcia;Rettilineo;Una carreggiata a doppio senso;Asciutto;Asfaltata;Assente;Sereno;Scarso;Buona;Ore Diurne;1;0;0;1;12.44149;41.8651;-1;1;Motociclo a solo;In marcia / fermata / arresto;Conducente;M;Rimandato;0;NON DECEDUTO;Non accertato;