Protocollo;Gruppo;DataOraIncidente;Localizzazione1;STRADA1;Localizzazione2;STRADA2;Strada02;Chilometrica;DaSpecificare;NaturaIncidente;particolaritastrade;TipoStrada;FondoStradale;Pavimentazione;Segnaletica;CondizioneAtmosferica;Traffico;Visibilita;Illuminazione;NUM_FERITI;NUM_RISERVATA;NUM_MORTI;NUM_ILLESI;Longitudine;Latitudine;Confermato;Progressivo;TipoVeicolo;StatoVeicolo;TipoPersona;Sesso;Tipolesione;Deceduto;DecedutoDopo;CinturaCascoUtilizzato;Airbag
2899935;15;15/07/2016 08:15;Strada Urbana;VIA DELLA MAGLIANA;all'intersezione semaforizzata con;VIA PIAN DUE TORRI;VIA PIAN DUE TORRI;;;Scontro laterale fra veicoli in marcia;Intersezione semaforizzata;Una carreggiata a doppio senso;Asciutto;Asfaltata;Verticale ed orizzontale;Sereno;Normale;Buona;Ore Diurne;0;0;0;3;12.42401;41.83394;-1;2;Autocarro superiore 35 q.;In marcia / fermata / arresto;Conducente;M;Illeso;0;;Non accertato;
2899963;15;15/07/2016 13:00;Strada Urbana;VIA DELLE IDROVORE DELLA MAGLIANA;in corrispondenza;;del civico n.;49;;Scontro frontale/laterale DX fra veicoli in marcia;Rettilineo;Una carreggiata a doppio senso;Asciutto;Asfaltata;Assente;Nuvoloso;Normale;Buona;Ore Diurne;1;0;0;1;12.44619;41.83272;-1;1;Autovettura privata;In marcia / fermata / arresto;Conducente;M;Rimandato;0;NON DECEDUTO;;
2899963;15;15/07/2016 13:00;Strada Urbana;VIA DELLE IDROVORE DELLA MAGLIANA;in corrispondenza;;del civico n.;49;;Scontro frontale/laterale DX fra veicoli in marcia;Rettilineo;Una carreggiata a doppio senso;Asciutto;Asfaltata;Assente;Nuvoloso;Normale;Buona;Ore Diurne;1;0;0;1;12.44619;41.83272;-1;1;Autovettura privata;In marcia / fermata / arresto;Passeggero;M;Illeso;0;;;
2899987;15;15/07/2016 15:15;Strada Urbana;VIA DELLA PISANA;da specificare;;;;CORRISPONDEZA RAMPA USCITA G.R.A. FR. VIA  GIZZI;Scontro frontale/laterale DX fra veicoli in marcia;Rettilineo;Una carreggiata a doppio senso;Asciutto;Asfaltata;Verticale ed orizzontale;Sereno;Intenso;Buona;Ore Diurne;0;0;0;2;12.3794;41.85204;-1;1;Autovettura privata;In marcia / fermata / arresto;Conducente;M;Illeso;0;;Utilizzato;Inesploso
2899987;15;15/07/2016 15:15;Strada Urbana;VIA DELLA PISANA;da specificare;;;;CORRISPONDEZA RAMPA USCITA G.R.A. FR. VIA  GIZZI;Scontro frontale/laterale DX fra veicoli in marcia;Rettilineo;Una carreggiata a doppio senso;Asciutto;Asfaltata;Verticale ed orizzontale;Sereno;Intenso;Buona;Ore Diurne;0;0;0;2;12.3794;41.85204;-1;2;Autocarro inferiore 35 q.;In marcia / fermata / arresto;Conducente;M;Illeso;0;;Utilizzato;Inesploso
2900024;6;15/07/2016 20:15;Strada Urbana;VIALE FILARETE;all'intersezione con;VIA GALEAZZO ALESSI;VIA GALEAZZO ALESSI;;;Scontro frontale/laterale DX fra veicoli in marcia;Incrocio;Più di due carreggiate;Asciutto;Asfaltata;Verticale ed orizzontale;Sereno;Normale;Sufficiente;Sufficiente;3;0;0;2;12.53851;41.87941;-1;1;Autovettura privata;In marcia / fermata / arresto;Conducente;M;Illeso;0;;;Inesploso
2900024;6;15/07/2016 20:15;Strada Urbana;VIALE FILARETE;all'intersezione con;VIA GALEAZZO ALESSI;VIA GALEAZZO ALESSI;;;Scontro frontale/laterale DX fra veicoli in marcia;Incrocio;Più di due carreggiate;Asciutto;Asfaltata;Verticale ed orizzontale;Sereno;Normale;Sufficiente;Sufficiente;3;0;0;2;12.53851;41.87941;-1;1;Autovettura privata;In marcia / fermata / arresto;Passeggero;F;Rimandato;0;NON DECEDUTO;;
2900024;6;15/07/2016 20:15;Strada Urbana;VIALE FILARETE;all'intersezione con;VIA GALEAZZO ALESSI;VIA GALEAZZO ALESSI;;;Scontro frontale/laterale DX fra veicoli in marcia;Incrocio;Più di due carreggiate;Asciutto;Asfaltata;Verticale ed orizzontale;Sereno;Normale;Sufficiente;Sufficiente;3;0;0;2;12.53851;41.87941;-1;1;Autovettura privata;In marcia / fermata / arresto;Passeggero;M;Illeso;0;;;
2900024;6;15/07/2016 20:15;Strada Urbana;VIALE FILARETE;all'intersezione con;VIA GALEAZZO ALESSI;VIA GALEAZZO ALESSI;;;Scontro frontale/laterale DX fra veicoli in marcia;Incrocio;Più di due carreggiate;Asciutto;Asfaltata;Verticale ed orizzontale;Sereno;Normale;Sufficiente;Sufficiente;3;0;0;2;12.53851;41.87941;-1;2;Autovettura privata;In marcia / fermata / arresto;Conducente;M;Rimandato;0;NON DECEDUTO;;
2900024;6;15/07/2016 20:15;Strada Urbana;VIALE FILARETE;all'intersezione con;VIA GALEAZZO ALESSI;VIA GALEAZZO ALESSI;;;Scontro frontale/laterale DX fra veicoli in marcia;Incrocio;Più di due carreggiate;Asciutto;Asfaltata;Verticale ed orizzontale;Sereno;Normale;Sufficiente;Sufficiente;3;0;0;2;12.53851;41.87941;-1;2;Autovettura privata;In marcia / fermata / arresto;Passeggero;M;Rimandato;0;NON DECEDUTO;;
2900259;8;15/07/2016 14:40;Strada Urbana;VIA DEL PONTE DI NONA;da specificare;;;;tra i pali Acea n° 50 e 51;Scontro frontale fra veicoli in marcia;Rettilineo;Una carreggiata a doppio senso;Asciutto;Asfaltata;Verticale ed orizzontale;Sereno;Normale;Buona;Ore Diurne;2;0;0;0;12.66114;41.89944;-1;1;Autovettura privata;In marcia / fermata / arresto;Conducente;M;Ricoverato;0;NON DECEDUTO;Non accertato;Esploso
2900259;8;15/07/2016 14:40;Strada Urbana;VIA DEL PONTE DI NONA;da specificare;;;;tra i pali Acea n° 50 e 51;Scontro frontale fra veicoli in marcia;Rettilineo;Una carreggiata a doppio senso;Asciutto;Asfaltata;Verticale ed orizzontale;Sereno;Normale;Buona;Ore Diurne;2;0;0;0;12.66114;41.89944;-1;2;Autovettura privata;In marcia / fermata / arresto;Conducente;M;Rimandato;0;NON DECEDUTO;Non accertato;Esploso
2900265;13;15/07/2016 12:30;Strada Urbana;VIALE DEI ROMAGNOLI;da specificare;;;;30 m. prima dell'inter. con via Francesco Donati;Tamponamento Multiplo;Rettilineo;Una carreggiata a doppio senso;Asciutto;Asfaltata;Verticale ed orizzontale;Sereno;Normale;Buona;Ore Diurne;1;0;0;2;12.32241;41.76913;-1;1;Autovettura privata;In marcia / fermata / arresto;Conducente;F;Illeso;0;;Non accertato;Inesploso
2900265;13;15/07/2016 12:30;Strada Urbana;VIALE DEI ROMAGNOLI;da specificare;;;;30 m. prima dell'inter. con via Francesco Donati;Tamponamento Multiplo;Rettilineo;Una carreggiata a doppio senso;Asciutto;Asfaltata;Verticale ed orizzontale;Sereno;Normale;Buona;Ore Diurne;1;0;0;2;12.32241;41.76913;-1;2;Autovettura privata;In marcia / fermata / arresto;Conducente;M;Rimandato;0;NON DECEDUTO;Non accertato;Inesploso
2900265;13;15/07/2016 12:30;Strada Urbana;VIALE DEI ROMAGNOLI;da specificare;;;;30 m. prima dell'inter. con via Francesco Donati;Tamponamento Multiplo;Rettilineo;Una carreggiata a doppio senso;Asciutto;Asfaltata;Verticale ed orizzontale;Sereno;Normale;Buona;Ore Diurne;1;0;0;2;12.32241;41.76913;-1;3;Autovettura privata;In marcia / fermata / arresto;Conducente;M;Illeso;0;;Non accertato;Esploso
2900288;20;15/07/2016 16:40;Strada Urbana;VIA DELLA GIUSTINIANA;da specificare;;;;fronte civico 1012-1016;Veicolo in marcia contro ostacolo accidentale;Curva a visuale libera;Una carreggiata a doppio senso;Asciutto;Con buche;Verticale ed orizzontale;Nuvoloso;Normale;Buona;Ore Diurne;0;0;0;1;12.45002;41.99439;-1;1;Autovettura privata;In marcia / fermata / arresto;Conducente;M;Illeso;0;;;
2900292;20;15/07/2016 18:45;Strada Urbana;VIALE DI TOR DI QUINTO;all'intersezione semaforizzata con;VIA DEL FORO ITALICO;VIA DEL FORO ITALICO;;;Tamponamento;Intersezione semaforizzata;Due carreggiate;Asciutto;Asfaltata;Verticale ed orizzontale;Sereno;Normale;Buona;Ore Diurne;1;0;0;1;12.48108;41.94053;-1;1;Autovettura privata;In marcia / fermata / arresto;Conducente;M;Illeso;0;;;
2900292;20;15/07/2016 18:45;Strada Urbana;VIALE DI TOR DI QUINTO;all'intersezione semaforizzata con;VIA DEL FORO ITALICO;VIA DEL FORO ITALICO;;;Tamponamento;Intersezione semaforizzata;Due carreggiate;Asciutto;Asfaltata;Verticale ed orizzontale;Sereno;Normale;Buona;Ore Diurne;1;0;0;1;12.48108;41.94053;-1;2;Motociclo a solo;In marcia / fermata / arresto;Conducente;M;Rimandato;0;NON DECEDUTO;;
2900298;13;15/07/2016 16:15;Strada Urbana;LUNGOMARE AMERIGO VESPUCCI;in corrispondenza;;del civico n.;160;;Scontro frontale/laterale DX fra veicoli in marcia;Rettilineo;Una carreggiata a doppio senso;Asciutto;Asfaltata;Verticale ed orizzontale;Vento forte;Intenso;Buona;Ore Diurne;0;0;0;4;12.31928;41.71337;-1;1;Autovettura privata;In marcia / fermata / arresto;Conducente;M;Illeso;0;;Non accertato;Inesploso
2900298;13;15/07/2016 16:15;Strada Urbana;LUNGOMARE AMERIGO VESPUCCI;in corrispondenza;;del civico n.;160;;Scontro frontale/laterale DX fra veicoli in marcia;Rettilineo;Una carreggiata a doppio senso;Asciutto;Asfaltata;Verticale ed orizzontale;Vento forte;Intenso;Buona;Ore Diurne;0;0;0;4;12.31928;41.71337;-1;1;Autovettura privata;In marcia / fermata / arresto;Passeggero;F;Illeso;0;;Non accertato;Inesploso
2900298;13;15/07/2016 16:15;Strada Urbana;LUNGOMARE AMERIGO VESPUCCI;in corrispondenza;;del civico n.;160;;Scontro frontale/laterale DX fra veicoli in marcia;Rettilineo;Una carreggiata a doppio senso;Asciutto;Asfaltata;Verticale ed orizzontale;Vento forte;Intenso;Buona;Ore Diurne;0;0;0;4;12.31928;41.71337;-1;1;Autovettura privata;In marcia / fermata / arresto;Passeggero;F;Illeso;0;;Non accertato;Inesploso
2900298;13;15/07/2016 16:15;Strada Urbana;LUNGOMARE AMERIGO VESPUCCI;in corrispondenza;;del civico n.;160;;Scontro frontale/laterale DX fra veicoli in marcia;Rettilineo;Una carreggiata a doppio senso;Asciutto;Asfaltata;Verticale ed orizzontale;Vento forte;Intenso;Buona;Ore Diurne;0;0;0;4;12.31928;41.71337;-1;2;Autovettura privata;In marcia / fermata / arresto;Conducente;F;Illeso;0;;Non accertato;Inesploso
2900302;8;15/07/2016 08:40;Statale entro l'abitato;VIA CASILINA;da specificare;;;;f.c. 1066;Scontro frontale/laterale SX fra veicoli in marcia;Rettilineo;Una carreggiata a doppio senso;Asciutto;Asfaltata;Orizzontale;Sereno;Normale;Sufficiente;Ore Diurne;1;0;0;1;12.60933;41.86405;-1;1;Autovettura privata;In marcia / fermata / arresto;Conducente;M;Illeso;0;;Non accertato;Inesploso
2900302;8;15/07/2016 08:40;Statale entro l'abitato;VIA CASILINA;da specificare;;;;f.c. 1066;Scontro frontale/laterale SX fra veicoli in marcia;Rettilineo;Una carreggiata a doppio senso;Asciutto;Asfaltata;Orizzontale;Sereno;Normale;Sufficiente;Ore Diurne;1;0;0;1;12.60933;41.86405;-1;2;Motociclo a solo;In marcia / fermata / arresto;Conducente;M;Rimandato;0;NON DECEDUTO;Non accertato;
2900309;5;15/07/2016 15:15;Strada Urbana;VIA FILIPPO FIORENTINI;da specificare;;;;cavalcavia su VIA ALBERTO BERGAMINI;Tamponamento;Cavalcavia;Due carreggiate;Asciutto;Asfaltata;Orizzontale;Sereno;Normale;Buona;Ore Diurne;1;0;0;2;12.55669;41.9062;-1;1;Autovettura privata;In marcia / fermata / arresto;Conducente;M;Illeso;0;;Non accertato;Inesistente
2900309;5;15/07/2016 15:15;Strada Urbana;VIA FILIPPO FIORENTINI;da specificare;;;;cavalcavia su VIA ALBERTO BERGAMINI;Tamponamento;Cavalcavia;Due carreggiate;Asciutto;Asfaltata;Orizzontale;Sereno;Normale;Buona;Ore Diurne;1;0;0;2;12.55669;41.9062;-1;2;Autovettura privata;In marcia / fermata / arresto;Conducente;M;Illeso;0;;Non accertato;Inesistente
2900309;5;15/07/2016 15:15;Strada Urbana;VIA FILIPPO FIORENTINI;da specificare;;;;cavalcavia su VIA ALBERTO BERGAMINI;Tamponamento;Cavalcavia;Due carreggiate;Asciutto;Asfaltata;Orizzontale;Sereno;Normale;Buona;Ore Diurne;1;0;0;2;12.55669;41.9062;-1;2;Autovettura privata;In marcia / fermata / arresto;Passeggero;F;Rimandato;0;NON DECEDUTO;Non accertato;Inesistente
2900310;20;15/07/2016 14:00;Strada Urbana;VIA DI GROTTAROSSA;in prossimità;;del civico n.;1282;;Infortunio per sola frenata improvvisa;Rettilineo;Una carreggiata a doppio senso;Asciutto;Asfaltata;Verticale ed orizzontale;Sereno;Normale;Buona;Ore Diurne;1;0;0;0;12.48851;41.97249;-1;1;Ciclomotore;In marcia / fermata / arresto;Conducente;M;Rimandato;0;NON DECEDUTO;;
2900320;5;15/07/2016 16:15;Strada Urbana;VIA TIBURTINA;in prossimità;;del civico n.;1051;;Scontro laterale fra veicoli in marcia;Rettilineo;Una carreggiata a doppio senso;Asciutto;Asfaltata;Orizzontale;Sereno;Intenso;Buona;Ore Diurne;0;0;0;3;12.58342;41.93245;-1;1;Autovettura privata;In marcia / fermata / arresto;Conducente;M;Illeso;0;;Non accertato;Inesploso
2900320;5;15/07/2016 16:15;Strada Urbana;VIA TIBURTINA;in prossimità;;del civico n.;1051;;Scontro laterale fra veicoli in marcia;Rettilineo;Una carreggiata a doppio senso;Asciutto;Asfaltata;Orizzontale;Sereno;Intenso;Buona;Ore Diurne;0;0;0;3;12.58342;41.93245;-1;2;Autovettura privata;In marcia / fermata / arresto;Conducente;M;Illeso;0;;Non accertato;Inesploso
2900320;5;15/07/2016 16:15;Strada Urbana;VIA TIBURTINA;in prossimità;;del civico n.;1051;;Scontro laterale fra veicoli in marcia;Rettilineo;Una carreggiata a doppio senso;Asciutto;Asfaltata;Orizzontale;Sereno;Intenso;Buona;Ore Diurne;0;0;0;3;12.58342;41.93245;-1;2;Autovettura privata;In marcia / fermata / arresto;Passeggero;F;Illeso;0;;Non accertato;Inesploso
2900322;5;15/07/2016 17:00;Strada Urbana;VIA TIBURTINA;in prossimità;;del civico n.;728;;Infortunio per sola frenata improvvisa;Curva a visuale libera;Due carreggiate;Asciutto;Asfaltata;Verticale ed orizzontale;Sereno;Normale;Buona;Ore Diurne;1;0;0;1;12.55288;41.91169;-1;1;Motociclo a solo;In marcia / fermata / arresto;Conducente;M;Rimandato;0;NON DECEDUTO;Non accertato;
2900322;5;15/07/2016 17:00;Strada Urbana;VIA TIBURTINA;in prossimità;;del civico n.;728;;Infortunio per sola frenata improvvisa;Curva a visuale libera;Due carreggiate;Asciutto;Asfaltata;Verticale ed orizzontale;Sereno;Normale;Buona;Ore Diurne;1;0;0;1;12.55288;41.91169;-1;2;Autovettura privata;In marcia / fermata / arresto;Conducente;F;Illeso;0;;Non accertato;Inesploso
2900324;5;15/07/2016 19:00;Strada Urbana;VIA DI PIETRALATA;da specificare;;;;prossimità Via Di Vigna Mangani;Veicolo in marcia contro ostacolo accidentale;Curva senza visuale libera;Una carreggiata a doppio senso;Asciutto;Asfaltata;Assente;Sereno;Normale;Buona;Ore Diurne;0;0;0;1;12.54686;41.92144;-1;1;Autovettura privata;In marcia / fermata / arresto;Conducente;F;Illeso;0;;Non accertato;Inesploso
2900334;8;15/07/2016 10:00;Strada Urbana;PIAZZA LORENZO NOTTOLINI;all'intersezione con;VIA GUSTAVO COLONNETTI;VIA GUSTAVO COLONNETTI;;;Scontro laterale fra veicoli in marcia;Rotatoria;Una carreggiata a senso unico di marcia;Asciutto;Asfaltata;Verticale ed orizzontale;Nuvoloso;Normale;Buona;Ore Diurne;0;0;0;2;12.65206;41.91237;-1;1;Autovettura privata;In marcia / fermata / arresto;Conducente;M;Illeso;0;;Non accertato;Inesploso
2900334;8;15/07/2016 10:00;Strada Urbana;PIAZZA LORENZO NOTTOLINI;all'intersezione con;VIA GUSTAVO COLONNETTI;VIA GUSTAVO COLONNETTI;;;Scontro laterale fra veicoli in marcia;Rotatoria;Una carreggiata a senso unico di marcia;Asciutto;Asfaltata;Verticale ed orizzontale;Nuvoloso;Normale;Buona;Ore Diurne;0;0;0;2;12.65206;41.91237;-1;2;Autovettura privata;In marcia / fermata / arresto;Conducente;M;Illeso;0;;Non accertato;Inesploso
2900345;13;15/07/2016 18:35;Strada Urbana;VIA CAPO SPARTIVENTO;all'intersezione con;VIALE DEI PROMONTORI;VIALE DEI PROMONTORI;;;Investimento di pedone;Incrocio;Una carreggiata a senso unico di marcia;Asciutto;Asfaltata;Verticale ed orizzontale;Sereno;Normale;Buona;Ore Diurne;0;0;0;2;12.2869;41.73906;-1;;;;Pedone;F;Illeso;0;;;
2900345;13;15/07/2016 18:35;Strada Urbana;VIA CAPO SPARTIVENTO;all'intersezione con;VIALE DEI PROMONTORI;VIALE DEI PROMONTORI;;;Investimento di pedone;Incrocio;Una carreggiata a senso unico di marcia;Asciutto;Asfaltata;Verticale ed orizzontale;Sereno;Normale;Buona;Ore Diurne;0;0;0;2;12.2869;41.73906;-1;1;Autovettura privata;In marcia / fermata / arresto;Conducente;F;Illeso;0;;Non accertato;Inesploso
2900357;13;15/07/2016 18:40;Provinciale;VIA DEL MARE;all'intersezione con;VIA DELLA GENTE SALINATORIA;VIA DELLA GENTE SALINATORIA;;;Tamponamento;Incrocio;Una carreggiata a doppio senso;Asciutto;Asfaltata;Verticale ed orizzontale;Sereno;Intenso;Buona;Sufficiente;0;0;0;2;12.30399;41.75975;-1;1;Autovettura privata;In marcia / fermata / arresto;Conducente;M;Illeso;0;;Non accertato;Inesploso
2900357;13;15/07/2016 18:40;Provinciale;VIA DEL MARE;all'intersezione con;VIA DELLA GENTE SALINATORIA;VIA DELLA GENTE SALINATORIA;;;Tamponamento;Incrocio;Una carreggiata a doppio senso;Asciutto;Asfaltata;Verticale ed orizzontale;Sereno;Intenso;Buona;Sufficiente;0;0;0;2;12.30399;41.75975;-1;2;Autovettura privata;In marcia / fermata / arresto;Conducente;M;Illeso;0;;Non accertato;Inesploso
2900370;13;16/07/2016 02:30;Strada Urbana;LUNGOMARE DUILIO;da specificare;;;;altezza piazza Sirio;Scontro laterale fra veicoli in marcia;Rettilineo;Due carreggiate;Asciutto;Asfaltata;Verticale ed orizzontale;Sereno;Scarso;Buona;Sufficiente;0;0;0;5;12.29875;41.72103;-1;1;Autovettura privata;In marcia / fermata / arresto;Conducente;M;Illeso;0;;Non accertato;Inesploso
2900370;13;16/07/2016 02:30;Strada Urbana;LUNGOMARE DUILIO;da specificare;;;;altezza piazza Sirio;Scontro laterale fra veicoli in marcia;Rettilineo;Due carreggiate;Asciutto;Asfaltata;Verticale ed orizzontale;Sereno;Scarso;Buona;Sufficiente;0;0;0;5;12.29875;41.72103;-1;1;Autovettura privata;In marcia / fermata / arresto;Passeggero;F;Illeso;0;;Non accertato;Inesploso
2900370;13;16/07/2016 02:30;Strada Urbana;LUNGOMARE DUILIO;da specificare;;;;altezza piazza Sirio;Scontro laterale fra veicoli in marcia;Rettilineo;Due carreggiate;Asciutto;Asfaltata;Verticale ed orizzontale;Sereno;Scarso;Buona;Sufficiente;0;0;0;5;12.29875;41.72103;-1;2;Autovettura privata;In marcia / fermata / arresto;Conducente;M;Illeso;0;;Non accertato;Inesploso
2900370;13;16/07/2016 02:30;Strada Urbana;LUNGOMARE DUILIO;da specificare;;;;altezza piazza Sirio;Scontro laterale fra veicoli in marcia;Rettilineo;Due carreggiate;Asciutto;Asfaltata;Verticale ed orizzontale;Sereno;Scarso;Buona;Sufficiente;0;0;0;5;12.29875;41.72103;-1;2;Autovettura privata;In marcia / fermata / arresto;Passeggero;M;Illeso;0;;Non accertato;Inesploso
2900386;13;16/07/2016 04:00;Strada Urbana;VIA OSTIENSE;da specificare;;;;prox sottopasso ferroviario v. di Macchia Saponara;Tamponamento;Rettilineo;Una carreggiata a doppio senso;Asciutto;Asfaltata;Orizzontale;Sereno;Scarso;Sufficiente;Inesistente;0;0;0;1;12.35051;41.77948;-1;1;Autovettura privata;In marcia / fermata / arresto;Conducente;F;Illeso;0;;Non accertato;Inesploso
2900405;20;16/07/2016 05:00;Strada Urbana;VIA DI SELVA CANDIDA;all'intersezione semaforizzata con;VIA CASOREZZO;VIA CASOREZZO;;;Veicolo in marcia contro ostacolo fisso;Intersezione semaforizzata;Una carreggiata a doppio senso;Asciutto;Asfaltata;Assente;Nuvoloso;Scarso;Buona;Insufficiente;1;0;0;3;12.38169;41.94757;-1;1;Autovettura privata;In marcia / fermata / arresto;Conducente;M;Illeso;0;;;
2900405;20;16/07/2016 05:00;Strada Urbana;VIA DI SELVA CANDIDA;all'intersezione semaforizzata con;VIA CASOREZZO;VIA CASOREZZO;;;Veicolo in marcia contro ostacolo fisso;Intersezione semaforizzata;Una carreggiata a doppio senso;Asciutto;Asfaltata;Assente;Nuvoloso;Scarso;Buona;Insufficiente;1;0;0;3;12.38169;41.94757;-1;1;Autovettura privata;In marcia / fermata / arresto;Passeggero;M;Ricoverato;0;NON DECEDUTO;Non accertato;
2900405;20;16/07/2016 05:00;Strada Urbana;VIA DI SELVA CANDIDA;all'intersezione semaforizzata con;VIA CASOREZZO;VIA CASOREZZO;;;Veicolo in marcia contro ostacolo fisso;Intersezione semaforizzata;Una carreggiata a doppio senso;Asciutto;Asfaltata;Assente;Nuvoloso;Scarso;Buona;Insufficiente;1;0;0;3;12.38169;41.94757;-1;1;Autovettura privata;In marcia / fermata / arresto;Passeggero;M;Illeso;0;;Non accertato;
2900405;20;16/07/2016 05:00;Strada Urbana;VIA DI SELVA CANDIDA;all'intersezione semaforizzata con;VIA CASOREZZO;VIA CASOREZZO;;;Veicolo in marcia contro ostacolo fisso;Intersezione semaforizzata;Una carreggiata a doppio senso;Asciutto;Asfaltata;Assente;Nuvoloso;Scarso;Buona;Insufficiente;1;0;0;3;12.38169;41.94757;-1;1;Autovettura privata;In marcia / fermata / arresto;Passeggero;M;Illeso;0;;Non accertato;
2900440;2;16/07/2016 00:15;Strada Urbana;VIA ARNO;da specificare;;;;altezza Via Bormida;Scontro frontale/laterale DX fra veicoli in marcia;Rettilineo;Una carreggiata a senso unico di marcia;Asciutto;Asfaltata;Verticale;Sereno;Scarso;Buona;Sufficiente;0;0;0;2;12.50433;41.91589;-1;1;Autovettura privata;In marcia / fermata / arresto;Conducente;F;Illeso;0;;Non accertato;Inesploso
2900440;2;16/07/2016 00:15;Strada Urbana;VIA ARNO;da specificare;;;;altezza Via Bormida;Scontro frontale/laterale DX fra veicoli in marcia;Rettilineo;Una carreggiata a senso unico di marcia;Asciutto;Asfaltata;Verticale;Sereno;Scarso;Buona;Sufficiente;0;0;0;2;12.50433;41.91589;-1;2;Autovettura privata;In marcia / fermata / arresto;Conducente;M;Illeso;0;;Non accertato;Inesploso
2900442;2;15/07/2016 16:40;Strada Urbana;CORSO D'ITALIA;da specificare;;;;prossimità fronte civico 109;Veicolo in marcia contro ostacolo accidentale;Rettilineo;Due carreggiate;Asciutto;Asfaltata;Verticale ed orizzontale;Sereno;Normale;Buona;Ore Diurne;1;0;0;0;12.49704;41.91087;-1;1;Motociclo a solo;In marcia / fermata / arresto;Conducente;F;Rimandato;0;NON DECEDUTO;;
2900444;2;15/07/2016 14:50;Strada Urbana;VIA DEL FORO ITALICO;da specificare;;;;altezza palo acea 278;Tamponamento;Rettilineo;Due carreggiate;Asciutto;Asfaltata;Verticale ed orizzontale;Sereno;Intenso;Buona;Ore Diurne;3;0;0;0;12.48375;41.93991;-1;1;Autocarro inferiore 35 q.;In marcia / fermata / arresto;Conducente;M;Rimandato;0;NON DECEDUTO;Non accertato;Inesploso
2900444;2;15/07/2016 14:50;Strada Urbana;VIA DEL FORO ITALICO;da specificare;;;;altezza palo acea 278;Tamponamento;Rettilineo;Due carreggiate;Asciutto;Asfaltata;Verticale ed orizzontale;Sereno;Intenso;Buona;Ore Diurne;3;0;0;0;12.48375;41.93991;-1;1;Autocarro inferiore 35 q.;In marcia / fermata / arresto;Passeggero;F;Rimandato;0;NON DECEDUTO;Non accertato;Inesploso
2900444;2;15/07/2016 14:50;Strada Urbana;VIA DEL FORO ITALICO;da specificare;;;;altezza palo acea 278;Tamponamento;Rettilineo;Due carreggiate;Asciutto;Asfaltata;Verticale ed orizzontale;Sereno;Intenso;Buona;Ore Diurne;3;0;0;0;12.48375;41.93991;-1;2;Autovettura privata;In marcia / fermata / arresto;Conducente;F;Rimandato;0;NON DECEDUTO;Non accertato;Inesploso
2900445;8;15/07/2016 13:20;Strada Urbana;VIA CASILINA;da specificare;;;;100 mt prima del GRA dir.ne fuori RM;Tamponamento Multiplo;Rettilineo;Una carreggiata a doppio senso;Asciutto;Asfaltata;Verticale;Sereno;Normale;Buona;Ore Diurne;0;0;0;3;12.60015;41.86548;-1;1;Autovettura privata;In marcia / fermata / arresto;Conducente;M;Illeso;0;;Non accertato;Inesploso
2900445;8;15/07/2016 13:20;Strada Urbana;VIA CASILINA;da specificare;;;;100 mt prima del GRA dir.ne fuori RM;Tamponamento Multiplo;Rettilineo;Una carreggiata a doppio senso;Asciutto;Asfaltata;Verticale;Sereno;Normale;Buona;Ore Diurne;0;0;0;3;12.60015;41.86548;-1;2;Autovettura privata;In marcia / fermata / arresto;Conducente;F;Illeso;0;;Non accertato;Inesploso
2900445;8;15/07/2016 13:20;Strada Urbana;VIA CASILINA;da specificare;;;;100 mt prima del GRA dir.ne fuori RM;Tamponamento Multiplo;Rettilineo;Una carreggiata a doppio senso;Asciutto;Asfaltata;Verticale;Sereno;Normale;Buona;Ore Diurne;0;0;0;3;12.60015;41.86548;-1;3;Autovettura privata;In marcia / fermata / arresto;Conducente;M;Illeso;0;;Non accertato;Inesploso
2900472;8;15/07/2016 16:10;Strada Urbana;VIA PRENESTINA;all'intersezione con;VIA MODOLO;VIA MODOLO;;;Tamponamento;Incrocio;Una carreggiata a doppio senso;Asciutto;Asfaltata;Orizzontale;Sereno;Normale;Buona;Ore Diurne;1;0;0;2;12.6069;41.89378;-1;1;Autocarro inferiore 35 q.;In marcia / fermata / arresto;Conducente;M;Illeso;0;;Non accertato;Inesploso
2900472;8;15/07/2016 16:10;Strada Urbana;VIA PRENESTINA;all'intersezione con;VIA MODOLO;VIA MODOLO;;;Tamponamento;Incrocio;Una carreggiata a doppio senso;Asciutto;Asfaltata;Orizzontale;Sereno;Normale;Buona;Ore Diurne;1;0;0;2;12.6069;41.89378;-1;1;Autocarro inferiore 35 q.;In marcia / fermata / arresto;Passeggero;M;Illeso;0;;Non accertato;Inesploso
2900472;8;15/07/2016 16:10;Strada Urbana;VIA PRENESTINA;all'intersezione con;VIA MODOLO;VIA MODOLO;;;Tamponamento;Incrocio;Una carreggiata a doppio senso;Asciutto;Asfaltata;Orizzontale;Sereno;Normale;Buona;Ore Diurne;1;0;0;2;12.6069;41.89378;-1;2;Motociclo a solo;In marcia / fermata / arresto;Conducente;M;Rimandato;0;NON DECEDUTO;Non accertato;
2900496;2;16/07/2016 07:50;Strada Urbana;VIALE TIZIANO;da specificare;;;;prossimità Via Fratelli Archibugi;Veicolo in marcia contro veicoli in sosta;Rettilineo;Una carreggiata a senso unico di marcia;Asciutto;Asfaltata;Verticale ed orizzontale;Nuvoloso;Scarso;Buona;Ore Diurne;0;0;0;1;12.4715;41.92463;-1;1;Autovettura privata;In marcia / fermata / arresto;Conducente;M;Illeso;0;;Non accertato;Esploso