Protocollo;Gruppo;DataOraIncidente;Localizzazione1;STRADA1;Localizzazione2;STRADA2;Strada02;Chilometrica;DaSpecificare;NaturaIncidente;particolaritastrade;TipoStrada;FondoStradale;Pavimentazione;Segnaletica;CondizioneAtmosferica;Traffico;Visibilita;Illuminazione;NUM_FERITI;NUM_RISERVATA;NUM_MORTI;NUM_ILLESI;Longitudine;Latitudine;Confermato;Progressivo;TipoVeicolo;StatoVeicolo;TipoPersona;Sesso;Tipolesione;Deceduto;DecedutoDopo;CinturaCascoUtilizzato;Airbag
2902174;7;17/07/2016 04:15;Strada Urbana;VIALE PALMIRO TOGLIATTI;all'intersezione con;VIA PRENESTINA;VIA PRENESTINA;;;Tamponamento;Incrocio;Una carreggiata a doppio senso;Asciutto;Asfaltata;Verticale ed orizzontale;Sereno;Scarso;Sufficiente;Sufficiente;0;0;0;3;12.57511;41.89485;-1;2;Autovettura privata;In marcia / fermata / arresto;Conducente;F;Illeso;0;;Non accertato;Inesploso
2902174;7;17/07/2016 04:15;Strada Urbana;VIALE PALMIRO TOGLIATTI;all'intersezione con;VIA PRENESTINA;VIA PRENESTINA;;;Tamponamento;Incrocio;Una carreggiata a doppio senso;Asciutto;Asfaltata;Verticale ed orizzontale;Sereno;Scarso;Sufficiente;Sufficiente;0;0;0;3;12.57511;41.89485;-1;2;Autovettura privata;In marcia / fermata / arresto;Passeggero;M;Illeso;0;;Non accertato;Inesploso
2902177;3;13/07/2016 07:40;Strada Urbana;VIA TIBURTINA;da specificare;;;;prossimità via masaniello;Scontro laterale fra veicoli in marcia;Rettilineo;Una carreggiata a doppio senso;Asciutto;Asfaltata;Verticale ed orizzontale;Sereno;Intenso;Buona;Ore Diurne;1;0;0;1;12.49637;41.90278;-1;1;Motociclo a solo;In marcia / fermata / arresto;Conducente;M;Rimandato;0;NON DECEDUTO;Non accertato;
2902177;3;13/07/2016 07:40;Strada Urbana;VIA TIBURTINA;da specificare;;;;prossimità via masaniello;Scontro laterale fra veicoli in marcia;Rettilineo;Una carreggiata a doppio senso;Asciutto;Asfaltata;Verticale ed orizzontale;Sereno;Intenso;Buona;Ore Diurne;1;0;0;1;12.49637;41.90278;-1;2;Autovettura privata;In marcia / fermata / arresto;Conducente;F;Illeso;0;;Non accertato;Inesploso
2902182;3;13/07/2016 11:00;Strada Urbana;VIA DEI FOSCARI;in corrispondenza;;del civico n.;4;;Veicolo in marcia contro veicolo in sosta;Rettilineo;Una carreggiata a senso unico di marcia;Asciutto;Asfaltata;Verticale ed orizzontale;Sereno;Scarso;Buona;Ore Diurne;0;0;0;1;12.52534;41.91304;-1;1;Autovettura privata;In marcia / fermata / arresto;Conducente;F;Illeso;0;;Non accertato;Inesploso
2902184;4;16/07/2016 09:20;Strada Urbana;VIA DEI PRATI FISCALI;all'intersezione con;VIA VAL DI SANGRO;VIA VAL DI SANGRO;;;Scontro frontale/laterale SX fra veicoli in marcia;Incrocio;Due carreggiate;Asciutto;Asfaltata;Verticale ed orizzontale;Nuvoloso;Normale;Buona;Ore Diurne;1;0;0;1;12.5161;41.94608;-1;1;Autovettura privata;In marcia / fermata / arresto;Conducente;F;Rifiuta cure immediate;0;NON DECEDUTO;Non accertato;Inesploso
2902184;4;16/07/2016 09:20;Strada Urbana;VIA DEI PRATI FISCALI;all'intersezione con;VIA VAL DI SANGRO;VIA VAL DI SANGRO;;;Scontro frontale/laterale SX fra veicoli in marcia;Incrocio;Due carreggiate;Asciutto;Asfaltata;Verticale ed orizzontale;Nuvoloso;Normale;Buona;Ore Diurne;1;0;0;1;12.5161;41.94608;-1;2;Autovettura privata;In marcia / fermata / arresto;Conducente;M;Illeso;0;;Non accertato;Inesploso
2902186;4;16/07/2016 07:50;Provinciale entro l'abitato;VIA NOMENTANA;in corrispondenza;;del civico n.;1105;;Scontro laterale fra veicoli in marcia;Rettilineo;Una carreggiata a doppio senso;Asciutto;Asfaltata;Verticale ed orizzontale;Nuvoloso;Normale;Buona;Ore Diurne;0;0;0;2;12.57265;41.95309;-1;1;Autovettura privata;In marcia / fermata / arresto;Conducente;F;Illeso;0;;Non accertato;
2902186;4;16/07/2016 07:50;Provinciale entro l'abitato;VIA NOMENTANA;in corrispondenza;;del civico n.;1105;;Scontro laterale fra veicoli in marcia;Rettilineo;Una carreggiata a doppio senso;Asciutto;Asfaltata;Verticale ed orizzontale;Nuvoloso;Normale;Buona;Ore Diurne;0;0;0;2;12.57265;41.95309;-1;2;Quadriciclo leggero;In marcia / fermata / arresto;Conducente;M;Illeso;0;;Non accertato;
2902190;17;14/07/2016 12:45;Strada Urbana;CIRCONVALLAZIONE TRIONFALE;in corrispondenza;;del civico n.;112;;Tamponamento Multiplo;Rettilineo;Due carreggiate;Asciutto;Asfaltata;Verticale ed orizzontale;Sereno;Normale;Buona;Ore Diurne;0;0;0;5;12.45092;41.91347;-1;1;Autobus urbano;In marcia / fermata / arresto;Conducente;M;Illeso;0;;Non accertato;Inesploso
2902190;17;14/07/2016 12:45;Strada Urbana;CIRCONVALLAZIONE TRIONFALE;in corrispondenza;;del civico n.;112;;Tamponamento Multiplo;Rettilineo;Due carreggiate;Asciutto;Asfaltata;Verticale ed orizzontale;Sereno;Normale;Buona;Ore Diurne;0;0;0;5;12.45092;41.91347;-1;2;Autovettura privata;In marcia / fermata / arresto;Conducente;M;Illeso;0;;Non accertato;Inesploso
2902190;17;14/07/2016 12:45;Strada Urbana;CIRCONVALLAZIONE TRIONFALE;in corrispondenza;;del civico n.;112;;Tamponamento Multiplo;Rettilineo;Due carreggiate;Asciutto;Asfaltata;Verticale ed orizzontale;Sereno;Normale;Buona;Ore Diurne;0;0;0;5;12.45092;41.91347;-1;3;Autovettura privata;In marcia / fermata / arresto;Conducente;F;Illeso;0;;Non accertato;Inesploso
2902190;17;14/07/2016 12:45;Strada Urbana;CIRCONVALLAZIONE TRIONFALE;in corrispondenza;;del civico n.;112;;Tamponamento Multiplo;Rettilineo;Due carreggiate;Asciutto;Asfaltata;Verticale ed orizzontale;Sereno;Normale;Buona;Ore Diurne;0;0;0;5;12.45092;41.91347;-1;3;Autovettura privata;In marcia / fermata / arresto;Passeggero;M;Illeso;0;;Non accertato;Inesploso
2902190;17;14/07/2016 12:45;Strada Urbana;CIRCONVALLAZIONE TRIONFALE;in corrispondenza;;del civico n.;112;;Tamponamento Multiplo;Rettilineo;Due carreggiate;Asciutto;Asfaltata;Verticale ed orizzontale;Sereno;Normale;Buona;Ore Diurne;0;0;0;5;12.45092;41.91347;-1;4;Autocarro inferiore 35 q.;In marcia / fermata / arresto;Conducente;M;Illeso;0;;Non accertato;Inesploso
2902191;3;13/07/2016 16:30;Strada Urbana;VIA DEI RETI;all'intersezione con;VIA DEI SABELLI;VIA DEI SABELLI;;;Scontro frontale fra veicoli in marcia;Intersezione stradale segnalata;Una carreggiata a doppio senso;Asciutto;Asfaltata;Verticale ed orizzontale;Sereno;Normale;Buona;Ore Diurne;0;0;0;2;12.51838;41.8987;-1;1;Autocarro inferiore 35 q.;In marcia / fermata / arresto;Conducente;M;Illeso;0;;Non accertato;Inesploso
2902191;3;13/07/2016 16:30;Strada Urbana;VIA DEI RETI;all'intersezione con;VIA DEI SABELLI;VIA DEI SABELLI;;;Scontro frontale fra veicoli in marcia;Intersezione stradale segnalata;Una carreggiata a doppio senso;Asciutto;Asfaltata;Verticale ed orizzontale;Sereno;Normale;Buona;Ore Diurne;0;0;0;2;12.51838;41.8987;-1;2;Motociclo a solo;In marcia / fermata / arresto;Conducente;M;Illeso;0;;Non accertato;
2902195;3;13/07/2016 22:45;Strada Urbana;VIA ALESSANDRO TORLONIA;in prossimità;;del civico n.;5;;Veicolo in marcia contro veicolo in sosta;Rettilineo;Una carreggiata a doppio senso;Asciutto;Asfaltata;Verticale ed orizzontale;Sereno;Normale;Buona;Sufficiente;1;0;0;0;12.51208;41.91598;-1;2;Velocipede;In marcia / fermata / arresto;Conducente;F;Rimandato;0;NON DECEDUTO;Esente;
2902199;17;14/07/2016 22:30;Strada Urbana;PONTE DEL RISORGIMENTO;da specificare;;;;per Lungotevere Flaminio;Scontro laterale fra veicoli in marcia;Rettilineo;Una carreggiata a senso unico di marcia;Asciutto;Asfaltata;Verticale ed orizzontale;Sereno;Normale;Buona;Sufficiente;0;0;0;3;12.47168;41.91879;-1;1;Autovettura privata;In marcia / fermata / arresto;Conducente;M;Illeso;0;;;
2902199;17;14/07/2016 22:30;Strada Urbana;PONTE DEL RISORGIMENTO;da specificare;;;;per Lungotevere Flaminio;Scontro laterale fra veicoli in marcia;Rettilineo;Una carreggiata a senso unico di marcia;Asciutto;Asfaltata;Verticale ed orizzontale;Sereno;Normale;Buona;Sufficiente;0;0;0;3;12.47168;41.91879;-1;2;Autovettura privata;In marcia / fermata / arresto;Conducente;M;Illeso;0;;;
2902199;17;14/07/2016 22:30;Strada Urbana;PONTE DEL RISORGIMENTO;da specificare;;;;per Lungotevere Flaminio;Scontro laterale fra veicoli in marcia;Rettilineo;Una carreggiata a senso unico di marcia;Asciutto;Asfaltata;Verticale ed orizzontale;Sereno;Normale;Buona;Sufficiente;0;0;0;3;12.47168;41.91879;-1;2;Autovettura privata;In marcia / fermata / arresto;Passeggero;F;Illeso;0;;;
2902211;3;14/07/2016 01:00;Strada Urbana;VIALE PARIOLI;all'intersezione con;VIA GUALTIERO CASTELLINI;VIA GUALTIERO CASTELLINI;;;Scontro frontale fra veicoli in marcia;Incrocio;Una carreggiata a doppio senso;Asciutto;Asfaltata;Verticale ed orizzontale;Sereno;Normale;Sufficiente;Sufficiente;1;0;0;1;12.48924;41.92532;-1;1;Autovettura privata;In marcia / fermata / arresto;Conducente;M;Illeso;0;;Non accertato;Inesploso
2902211;3;14/07/2016 01:00;Strada Urbana;VIALE PARIOLI;all'intersezione con;VIA GUALTIERO CASTELLINI;VIA GUALTIERO CASTELLINI;;;Scontro frontale fra veicoli in marcia;Incrocio;Una carreggiata a doppio senso;Asciutto;Asfaltata;Verticale ed orizzontale;Sereno;Normale;Sufficiente;Sufficiente;1;0;0;1;12.48924;41.92532;-1;2;Autovettura privata;In marcia / fermata / arresto;Conducente;F;Rifiuta cure immediate;0;NON DECEDUTO;Non accertato;Inesploso
2902212;3;14/07/2016 21:40;Strada Urbana;VIA TIBURTINA;in corrispondenza;;del civico n.;576;;Tamponamento;Rettilineo;Due carreggiate;Asciutto;Asfaltata;Orizzontale;Sereno;Scarso;Sufficiente;Sufficiente;0;0;0;3;12.54356;41.9085;-1;1;Autovettura privata;In marcia / fermata / arresto;Conducente;M;Illeso;0;;Non accertato;Inesploso
2902212;3;14/07/2016 21:40;Strada Urbana;VIA TIBURTINA;in corrispondenza;;del civico n.;576;;Tamponamento;Rettilineo;Due carreggiate;Asciutto;Asfaltata;Orizzontale;Sereno;Scarso;Sufficiente;Sufficiente;0;0;0;3;12.54356;41.9085;-1;1;Autovettura privata;In marcia / fermata / arresto;Passeggero;F;Illeso;0;;Non accertato;Inesploso
2902212;3;14/07/2016 21:40;Strada Urbana;VIA TIBURTINA;in corrispondenza;;del civico n.;576;;Tamponamento;Rettilineo;Due carreggiate;Asciutto;Asfaltata;Orizzontale;Sereno;Scarso;Sufficiente;Sufficiente;0;0;0;3;12.54356;41.9085;-1;2;Autovettura privata;In marcia / fermata / arresto;Conducente;M;Illeso;0;;Non accertato;Inesploso
2902220;3;15/07/2016 06:50;Strada Urbana;PIAZZALE DEL VERANO;da specificare;;;;fronte civico 36;Scontro laterale fra veicoli in marcia;Curva a visuale libera;Più di due carreggiate;Asciutto;Asfaltata;Verticale ed orizzontale;Sereno;Normale;Buona;Ore Diurne;1;0;0;2;12.51863;41.90118;-1;1;Motociclo a solo;In marcia / fermata / arresto;Conducente;M;Rimandato;0;NON DECEDUTO;Non accertato;
2902220;3;15/07/2016 06:50;Strada Urbana;PIAZZALE DEL VERANO;da specificare;;;;fronte civico 36;Scontro laterale fra veicoli in marcia;Curva a visuale libera;Più di due carreggiate;Asciutto;Asfaltata;Verticale ed orizzontale;Sereno;Normale;Buona;Ore Diurne;1;0;0;2;12.51863;41.90118;-1;2;Autovettura privata;In marcia / fermata / arresto;Conducente;M;Illeso;0;;Non accertato;Inesploso
2902220;3;15/07/2016 06:50;Strada Urbana;PIAZZALE DEL VERANO;da specificare;;;;fronte civico 36;Scontro laterale fra veicoli in marcia;Curva a visuale libera;Più di due carreggiate;Asciutto;Asfaltata;Verticale ed orizzontale;Sereno;Normale;Buona;Ore Diurne;1;0;0;2;12.51863;41.90118;-1;2;Autovettura privata;In marcia / fermata / arresto;Passeggero;M;Illeso;0;;Non accertato;Inesploso
2902227;13;17/07/2016 08:50;Strada Urbana;VIALE DEI PROMONTORI;in corrispondenza;;del civico n.;440;;Veicolo in marcia contro veicolo in sosta;Rettilineo;Due carreggiate;Asciutto;Asfaltata;Assente;Sereno;Scarso;Buona;Ore Diurne;0;0;0;1;12.30151;41.73394;-1;1;Autovettura privata;In marcia / fermata / arresto;Conducente;M;Illeso;0;;Non accertato;Inesploso
2902231;13;17/07/2016 08:00;Strada Urbana;VIA CAPO SPARTIVENTO;all'intersezione con;VIA ALESSANDRO PIOLA CASELLI;VIA ALESSANDRO PIOLA CASELLI;;;Scontro frontale/laterale SX fra veicoli in marcia;Incrocio;Una carreggiata a senso unico di marcia;Asciutto;Asfaltata;Verticale ed orizzontale;Sereno;Scarso;Buona;Ore Diurne;0;0;0;3;12.28635;41.73783;-1;1;Autovettura privata;In marcia / fermata / arresto;Conducente;M;Illeso;0;;Non accertato;Inesploso
2902231;13;17/07/2016 08:00;Strada Urbana;VIA CAPO SPARTIVENTO;all'intersezione con;VIA ALESSANDRO PIOLA CASELLI;VIA ALESSANDRO PIOLA CASELLI;;;Scontro frontale/laterale SX fra veicoli in marcia;Incrocio;Una carreggiata a senso unico di marcia;Asciutto;Asfaltata;Verticale ed orizzontale;Sereno;Scarso;Buona;Ore Diurne;0;0;0;3;12.28635;41.73783;-1;1;Autovettura privata;In marcia / fermata / arresto;Passeggero;M;Illeso;0;;Non accertato;Inesploso
2902231;13;17/07/2016 08:00;Strada Urbana;VIA CAPO SPARTIVENTO;all'intersezione con;VIA ALESSANDRO PIOLA CASELLI;VIA ALESSANDRO PIOLA CASELLI;;;Scontro frontale/laterale SX fra veicoli in marcia;Incrocio;Una carreggiata a senso unico di marcia;Asciutto;Asfaltata;Verticale ed orizzontale;Sereno;Scarso;Buona;Ore Diurne;0;0;0;3;12.28635;41.73783;-1;2;Autovettura privata;In marcia / fermata / arresto;Conducente;F;Illeso;0;;Non accertato;Inesploso
2902232;3;15/07/2016 16:30;Strada Urbana;VIA CATANIA;all'intersezione con;VIA CREMONA;VIA CREMONA;;;Investimento di pedone;Incrocio;Una carreggiata a doppio senso;Asciutto;Asfaltata;Verticale ed orizzontale;Sereno;Normale;Sufficiente;Ore Diurne;1;0;0;1;12.51865;41.91008;-1;;;;Pedone;F;Rimandato;0;NON DECEDUTO;;
2902232;3;15/07/2016 16:30;Strada Urbana;VIA CATANIA;all'intersezione con;VIA CREMONA;VIA CREMONA;;;Investimento di pedone;Incrocio;Una carreggiata a doppio senso;Asciutto;Asfaltata;Verticale ed orizzontale;Sereno;Normale;Sufficiente;Ore Diurne;1;0;0;1;12.51865;41.91008;-1;1;Autovettura privata;In marcia / fermata / arresto;Conducente;F;Illeso;0;;Non accertato;Inesistente
2902238;3;15/07/2016 18:00;Strada Urbana;VIA GIOVANNI BATTISTA MORGAGNI;in prossimità;;del civico n.;42;;Tamponamento Multiplo;Rettilineo;Una carreggiata a doppio senso;Asciutto;Asfaltata;Verticale ed orizzontale;Sereno;Normale;Buona;Ore Diurne;0;0;0;4;12.51232;41.91018;-1;1;Autovettura privata;In marcia / fermata / arresto;Conducente;F;Illeso;0;;Non accertato;Inesploso
2902238;3;15/07/2016 18:00;Strada Urbana;VIA GIOVANNI BATTISTA MORGAGNI;in prossimità;;del civico n.;42;;Tamponamento Multiplo;Rettilineo;Una carreggiata a doppio senso;Asciutto;Asfaltata;Verticale ed orizzontale;Sereno;Normale;Buona;Ore Diurne;0;0;0;4;12.51232;41.91018;-1;2;Autovettura privata;In marcia / fermata / arresto;Conducente;F;Illeso;0;;Non accertato;Inesploso
2902238;3;15/07/2016 18:00;Strada Urbana;VIA GIOVANNI BATTISTA MORGAGNI;in prossimità;;del civico n.;42;;Tamponamento Multiplo;Rettilineo;Una carreggiata a doppio senso;Asciutto;Asfaltata;Verticale ed orizzontale;Sereno;Normale;Buona;Ore Diurne;0;0;0;4;12.51232;41.91018;-1;2;Autovettura privata;In marcia / fermata / arresto;Passeggero;F;Illeso;0;;Non accertato;Inesploso
2902238;3;15/07/2016 18:00;Strada Urbana;VIA GIOVANNI BATTISTA MORGAGNI;in prossimità;;del civico n.;42;;Tamponamento Multiplo;Rettilineo;Una carreggiata a doppio senso;Asciutto;Asfaltata;Verticale ed orizzontale;Sereno;Normale;Buona;Ore Diurne;0;0;0;4;12.51232;41.91018;-1;3;Autovettura privata;In marcia / fermata / arresto;Conducente;F;Illeso;0;;Non accertato;Inesploso
2902244;3;17/07/2016 00:50;Strada Urbana;LUNGOTEVERE FLAMINIO;in corrispondenza;;del civico n.;64;;Scontro frontale fra veicoli in marcia;Rettilineo;Due carreggiate;Asciutto;Asfaltata;Verticale ed orizzontale;Sereno;Scarso;Buona;Sufficiente;1;0;0;3;12.46203;41.92582;-1;1;Motociclo a solo;In marcia / fermata / arresto;Conducente;M;Illeso;0;;Non accertato;
2902244;3;17/07/2016 00:50;Strada Urbana;LUNGOTEVERE FLAMINIO;in corrispondenza;;del civico n.;64;;Scontro frontale fra veicoli in marcia;Rettilineo;Due carreggiate;Asciutto;Asfaltata;Verticale ed orizzontale;Sereno;Scarso;Buona;Sufficiente;1;0;0;3;12.46203;41.92582;-1;1;Motociclo a solo;In marcia / fermata / arresto;Passeggero;M;Rimandato;0;NON DECEDUTO;Non accertato;
2902244;3;17/07/2016 00:50;Strada Urbana;LUNGOTEVERE FLAMINIO;in corrispondenza;;del civico n.;64;;Scontro frontale fra veicoli in marcia;Rettilineo;Due carreggiate;Asciutto;Asfaltata;Verticale ed orizzontale;Sereno;Scarso;Buona;Sufficiente;1;0;0;3;12.46203;41.92582;-1;2;Motociclo a solo;In marcia / fermata / arresto;Conducente;M;Illeso;0;;Non accertato;
2902244;3;17/07/2016 00:50;Strada Urbana;LUNGOTEVERE FLAMINIO;in corrispondenza;;del civico n.;64;;Scontro frontale fra veicoli in marcia;Rettilineo;Due carreggiate;Asciutto;Asfaltata;Verticale ed orizzontale;Sereno;Scarso;Buona;Sufficiente;1;0;0;3;12.46203;41.92582;-1;2;Motociclo a solo;In marcia / fermata / arresto;Passeggero;F;Illeso;0;;Non accertato;
2902254;19;15/07/2016 11:00;Strada Urbana;VIA DEL FORTE TRIONFALE;all'intersezione con;VIA PIEVE DI CADORE;VIA PIEVE DI CADORE;;;Scontro frontale/laterale SX fra veicoli in marcia;Incrocio;Una carreggiata a doppio senso;Asciutto;Asfaltata;Verticale ed orizzontale;Sereno;Normale;Buona;Ore Diurne;0;0;0;1;12.43259;41.9383;-1;1;Autovettura privata;In marcia / fermata / arresto;Conducente;M;Illeso;0;;Non accertato;Inesploso
2902257;4;17/07/2016 17:30;Strada Urbana;VIA NOMENTANA;all'intersezione semaforizzata con;VIA VAL CHISONE;VIA VAL CHISONE;;;Scontro laterale fra veicoli in marcia;Intersezione semaforizzata;Una carreggiata a doppio senso;Bagnato (umidità in atto);Asfaltata;Assente;Sereno;Intenso;Buona;Ore Diurne;0;0;0;5;12.55238;41.94111;-1;1;Autovettura privata;In marcia / fermata / arresto;Conducente;M;Illeso;0;;Non accertato;Inesploso
2902257;4;17/07/2016 17:30;Strada Urbana;VIA NOMENTANA;all'intersezione semaforizzata con;VIA VAL CHISONE;VIA VAL CHISONE;;;Scontro laterale fra veicoli in marcia;Intersezione semaforizzata;Una carreggiata a doppio senso;Bagnato (umidità in atto);Asfaltata;Assente;Sereno;Intenso;Buona;Ore Diurne;0;0;0;5;12.55238;41.94111;-1;1;Autovettura privata;In marcia / fermata / arresto;Passeggero;M;Illeso;0;;Non accertato;
2902257;4;17/07/2016 17:30;Strada Urbana;VIA NOMENTANA;all'intersezione semaforizzata con;VIA VAL CHISONE;VIA VAL CHISONE;;;Scontro laterale fra veicoli in marcia;Intersezione semaforizzata;Una carreggiata a doppio senso;Bagnato (umidità in atto);Asfaltata;Assente;Sereno;Intenso;Buona;Ore Diurne;0;0;0;5;12.55238;41.94111;-1;1;Autovettura privata;In marcia / fermata / arresto;Passeggero;F;Illeso;0;;Non accertato;
2902257;4;17/07/2016 17:30;Strada Urbana;VIA NOMENTANA;all'intersezione semaforizzata con;VIA VAL CHISONE;VIA VAL CHISONE;;;Scontro laterale fra veicoli in marcia;Intersezione semaforizzata;Una carreggiata a doppio senso;Bagnato (umidità in atto);Asfaltata;Assente;Sereno;Intenso;Buona;Ore Diurne;0;0;0;5;12.55238;41.94111;-1;2;Autovettura privata;In marcia / fermata / arresto;Conducente;F;Illeso;0;;Non accertato;Inesistente
2902260;17;14/07/2016 23:30;Strada Urbana;LUNGOTEVERE RIPA;all'intersezione con;VIA DEL PORTO;VIA DEL PORTO;;;Tamponamento Multiplo;Incrocio;Due carreggiate;Asciutto;Asfaltata;Verticale ed orizzontale;Sereno;Normale;Buona;Sufficiente;0;0;0;5;12.47751;41.88614;-1;1;Autovettura privata;In marcia / fermata / arresto;Conducente;M;Illeso;0;;;
2902260;17;14/07/2016 23:30;Strada Urbana;LUNGOTEVERE RIPA;all'intersezione con;VIA DEL PORTO;VIA DEL PORTO;;;Tamponamento Multiplo;Incrocio;Due carreggiate;Asciutto;Asfaltata;Verticale ed orizzontale;Sereno;Normale;Buona;Sufficiente;0;0;0;5;12.47751;41.88614;-1;1;Autovettura privata;In marcia / fermata / arresto;Passeggero;F;Illeso;0;;;
2902260;17;14/07/2016 23:30;Strada Urbana;LUNGOTEVERE RIPA;all'intersezione con;VIA DEL PORTO;VIA DEL PORTO;;;Tamponamento Multiplo;Incrocio;Due carreggiate;Asciutto;Asfaltata;Verticale ed orizzontale;Sereno;Normale;Buona;Sufficiente;0;0;0;5;12.47751;41.88614;-1;2;Autovettura privata;In marcia / fermata / arresto;Conducente;M;Illeso;0;;;
2902260;17;14/07/2016 23:30;Strada Urbana;LUNGOTEVERE RIPA;all'intersezione con;VIA DEL PORTO;VIA DEL PORTO;;;Tamponamento Multiplo;Incrocio;Due carreggiate;Asciutto;Asfaltata;Verticale ed orizzontale;Sereno;Normale;Buona;Sufficiente;0;0;0;5;12.47751;41.88614;-1;2;Autovettura privata;In marcia / fermata / arresto;Passeggero;F;Illeso;0;;;
2902260;17;14/07/2016 23:30;Strada Urbana;LUNGOTEVERE RIPA;all'intersezione con;VIA DEL PORTO;VIA DEL PORTO;;;Tamponamento Multiplo;Incrocio;Due carreggiate;Asciutto;Asfaltata;Verticale ed orizzontale;Sereno;Normale;Buona;Sufficiente;0;0;0;5;12.47751;41.88614;-1;3;Autovettura privata;In marcia / fermata / arresto;Conducente;M;Illeso;0;;;
2902285;5;17/07/2016 07:30;Strada Urbana;VIA DEI MONTI TIBURTINI;in corrispondenza;;del civico n.;550;;Veicolo in marcia contro veicoli in sosta;Rettilineo;Due carreggiate;Asciutto;Asfaltata;Verticale;Sereno;Scarso;Buona;Ore Diurne;2;0;0;0;12.54704;41.91577;-1;1;Autovettura privata;In marcia / fermata / arresto;Conducente;M;Rimandato;0;NON DECEDUTO;Non accertato;Esploso
2902285;5;17/07/2016 07:30;Strada Urbana;VIA DEI MONTI TIBURTINI;in corrispondenza;;del civico n.;550;;Veicolo in marcia contro veicoli in sosta;Rettilineo;Due carreggiate;Asciutto;Asfaltata;Verticale;Sereno;Scarso;Buona;Ore Diurne;2;0;0;0;12.54704;41.91577;-1;1;Autovettura privata;In marcia / fermata / arresto;Passeggero;F;Rimandato;0;NON DECEDUTO;Non accertato;Esploso
2902295;4;17/07/2016 17:30;Statale;VIA SALARIA;da specificare;;;;in prossimità del km 18.500;Scontro frontale/laterale SX fra veicoli in marcia;Rettilineo;Una carreggiata a doppio senso;Asciutto;Asfaltata;Verticale ed orizzontale;Sereno;Normale;Buona;Ore Diurne;1;0;0;1;12.50624;41.96289;-1;1;Autovettura privata;In marcia / fermata / arresto;Conducente;F;Illeso;0;;Non accertato;Inesploso
2902295;4;17/07/2016 17:30;Statale;VIA SALARIA;da specificare;;;;in prossimità del km 18.500;Scontro frontale/laterale SX fra veicoli in marcia;Rettilineo;Una carreggiata a doppio senso;Asciutto;Asfaltata;Verticale ed orizzontale;Sereno;Normale;Buona;Ore Diurne;1;0;0;1;12.50624;41.96289;-1;2;Motociclo a solo;In marcia / fermata / arresto;Conducente;M;Rimandato;0;NON DECEDUTO;Non accertato;
2902307;19;15/07/2016 18:50;Strada Urbana;VIA LIDIA BIANCHI;in prossimità;;del civico n.;209;;Scontro frontale/laterale DX fra veicoli in marcia;Rettilineo;Una carreggiata a doppio senso;Asciutto;Asfaltata;Assente;Sereno;Normale;Buona;Ore Diurne;0;0;0;4;12.36391;41.94039;-1;1;Autovettura privata;In marcia / fermata / arresto;Conducente;F;Illeso;0;;Non accertato;Inesploso
2902307;19;15/07/2016 18:50;Strada Urbana;VIA LIDIA BIANCHI;in prossimità;;del civico n.;209;;Scontro frontale/laterale DX fra veicoli in marcia;Rettilineo;Una carreggiata a doppio senso;Asciutto;Asfaltata;Assente;Sereno;Normale;Buona;Ore Diurne;0;0;0;4;12.36391;41.94039;-1;1;Autovettura privata;In marcia / fermata / arresto;Passeggero;M;Illeso;0;;Non accertato;Inesploso
2902307;19;15/07/2016 18:50;Strada Urbana;VIA LIDIA BIANCHI;in prossimità;;del civico n.;209;;Scontro frontale/laterale DX fra veicoli in marcia;Rettilineo;Una carreggiata a doppio senso;Asciutto;Asfaltata;Assente;Sereno;Normale;Buona;Ore Diurne;0;0;0;4;12.36391;41.94039;-1;1;Autovettura privata;In marcia / fermata / arresto;Passeggero;F;Illeso;0;;Non accertato;Inesploso
2902307;19;15/07/2016 18:50;Strada Urbana;VIA LIDIA BIANCHI;in prossimità;;del civico n.;209;;Scontro frontale/laterale DX fra veicoli in marcia;Rettilineo;Una carreggiata a doppio senso;Asciutto;Asfaltata;Assente;Sereno;Normale;Buona;Ore Diurne;0;0;0;4;12.36391;41.94039;-1;2;Autovettura privata;In marcia / fermata / arresto;Conducente;M;Illeso;0;;Non accertato;Inesploso
2902315;17;15/07/2016 12:10;Strada Urbana;VIA IGEA;in prossimità;;del civico n.;15;;Veicolo in marcia contro ostacolo fisso;Rettilineo;Una carreggiata a doppio senso;Asciutto;Asfaltata;Verticale ed orizzontale;Sereno;Normale;Buona;Ore Diurne;0;0;0;1;12.44044;41.93435;-1;1;Autovettura privata;In marcia / fermata / arresto;Conducente;F;Illeso;0;;Non accertato;Inesploso
2902327;10;16/07/2016 19:40;Strada Urbana;VIA TUSCOLANA;in prossimità;;del civico n.;797;;Scontro laterale fra veicoli in marcia;Rettilineo;Due carreggiate;Asciutto;Asfaltata;Verticale ed orizzontale;Sereno;Normale;Buona;Ore Diurne;0;0;0;2;12.58857;41.83948;-1;1;Autobus di linea;In marcia / fermata / arresto;Conducente;M;Illeso;0;;Non accertato;Inesploso
2902327;10;16/07/2016 19:40;Strada Urbana;VIA TUSCOLANA;in prossimità;;del civico n.;797;;Scontro laterale fra veicoli in marcia;Rettilineo;Due carreggiate;Asciutto;Asfaltata;Verticale ed orizzontale;Sereno;Normale;Buona;Ore Diurne;0;0;0;2;12.58857;41.83948;-1;2;Autovettura privata;In marcia / fermata / arresto;Conducente;M;Illeso;0;;Non accertato;Inesploso