Protocollo;Gruppo;DataOraIncidente;Localizzazione1;STRADA1;Localizzazione2;STRADA2;Strada02;Chilometrica;DaSpecificare;NaturaIncidente;particolaritastrade;TipoStrada;FondoStradale;Pavimentazione;Segnaletica;CondizioneAtmosferica;Traffico;Visibilita;Illuminazione;NUM_FERITI;NUM_RISERVATA;NUM_MORTI;NUM_ILLESI;Longitudine;Latitudine;Confermato;Progressivo;TipoVeicolo;StatoVeicolo;TipoPersona;Sesso;Tipolesione;Deceduto;DecedutoDopo;CinturaCascoUtilizzato;Airbag
2903431;8;18/07/2016 18:00;Strada Urbana;VIA DEL FONTANILE DI CARCARICOLA;da specificare;;;;entrata facolta' Scienza ;Scontro laterale fra veicoli in marcia;Pendenza;Una carreggiata a senso unico di marcia;Asciutto;Asfaltata;Orizzontale;Sereno;Normale;Buona;Ore Diurne;1;0;0;3;12.60783;41.85249;-1;1;Autovettura privata;In marcia / fermata / arresto;Passeggero;F;Rimandato;0;NON DECEDUTO;Non accertato;Inesploso
2903431;8;18/07/2016 18:00;Strada Urbana;VIA DEL FONTANILE DI CARCARICOLA;da specificare;;;;entrata facolta' Scienza ;Scontro laterale fra veicoli in marcia;Pendenza;Una carreggiata a senso unico di marcia;Asciutto;Asfaltata;Orizzontale;Sereno;Normale;Buona;Ore Diurne;1;0;0;3;12.60783;41.85249;-1;1;Autovettura privata;In marcia / fermata / arresto;Passeggero;M;Illeso;0;;Non accertato;Inesploso
2903431;8;18/07/2016 18:00;Strada Urbana;VIA DEL FONTANILE DI CARCARICOLA;da specificare;;;;entrata facolta' Scienza ;Scontro laterale fra veicoli in marcia;Pendenza;Una carreggiata a senso unico di marcia;Asciutto;Asfaltata;Orizzontale;Sereno;Normale;Buona;Ore Diurne;1;0;0;3;12.60783;41.85249;-1;2;Autovettura privata;In marcia / fermata / arresto;Conducente;M;Illeso;0;;Non accertato;Inesploso
2903432;8;18/07/2016 08:10;Strada Urbana;VIALE DELLA SORBONA;in prossimità;;del palo luce n.;116;;Scontro frontale/laterale DX fra veicoli in marcia;Curva senza visuale libera;Una carreggiata a senso unico di marcia;Asciutto;Asfaltata;Verticale ed orizzontale;Sereno;Normale;Buona;Ore Diurne;1;0;0;1;12.61206;41.85464;-1;1;Motociclo a solo;In marcia / fermata / arresto;Conducente;M;Rimandato;0;NON DECEDUTO;Non accertato;
2903432;8;18/07/2016 08:10;Strada Urbana;VIALE DELLA SORBONA;in prossimità;;del palo luce n.;116;;Scontro frontale/laterale DX fra veicoli in marcia;Curva senza visuale libera;Una carreggiata a senso unico di marcia;Asciutto;Asfaltata;Verticale ed orizzontale;Sereno;Normale;Buona;Ore Diurne;1;0;0;1;12.61206;41.85464;-1;2;Autovettura privata;In marcia / fermata / arresto;Conducente;M;Illeso;0;;Non accertato;Inesploso
2903436;10;18/07/2016 19:00;Strada Urbana;VIA ULDERICO MAZZOLANI;all'intersezione con;PIAZZA FABIO SABATINI;PIAZZA FABIO SABATINI;;;Tamponamento;Incrocio;Una carreggiata a doppio senso;Asciutto;Asfaltata;Verticale ed orizzontale;Sereno;Normale;Buona;Ore Diurne;0;0;0;4;12.59339;41.84736;-1;1;Autovettura privata;In marcia / fermata / arresto;Conducente;M;Illeso;0;;Non accertato;Inesploso
2903436;10;18/07/2016 19:00;Strada Urbana;VIA ULDERICO MAZZOLANI;all'intersezione con;PIAZZA FABIO SABATINI;PIAZZA FABIO SABATINI;;;Tamponamento;Incrocio;Una carreggiata a doppio senso;Asciutto;Asfaltata;Verticale ed orizzontale;Sereno;Normale;Buona;Ore Diurne;0;0;0;4;12.59339;41.84736;-1;1;Autovettura privata;In marcia / fermata / arresto;Passeggero;F;Illeso;0;;Non accertato;Inesploso
2903436;10;18/07/2016 19:00;Strada Urbana;VIA ULDERICO MAZZOLANI;all'intersezione con;PIAZZA FABIO SABATINI;PIAZZA FABIO SABATINI;;;Tamponamento;Incrocio;Una carreggiata a doppio senso;Asciutto;Asfaltata;Verticale ed orizzontale;Sereno;Normale;Buona;Ore Diurne;0;0;0;4;12.59339;41.84736;-1;2;Autovettura privata;In marcia / fermata / arresto;Conducente;F;Illeso;0;;Non accertato;Inesploso
2903436;10;18/07/2016 19:00;Strada Urbana;VIA ULDERICO MAZZOLANI;all'intersezione con;PIAZZA FABIO SABATINI;PIAZZA FABIO SABATINI;;;Tamponamento;Incrocio;Una carreggiata a doppio senso;Asciutto;Asfaltata;Verticale ed orizzontale;Sereno;Normale;Buona;Ore Diurne;0;0;0;4;12.59339;41.84736;-1;2;Autovettura privata;In marcia / fermata / arresto;Passeggero;F;Illeso;0;;Non accertato;Inesploso
2903439;9;18/07/2016 19:00;Strada Urbana;PIAZZA LAZZARO PAPI;in corrispondenza;;del civico n.;20;;Veicolo in marcia contro veicolo in sosta;Rettilineo;Due carreggiate;Asciutto;Asfaltata;Verticale ed orizzontale;Sereno;Normale;Buona;Ore Diurne;0;0;0;1;12.51741;41.87297;-1;1;Altro;In marcia / fermata / arresto;Conducente;M;Illeso;0;;Non accertato;Inesploso
2903443;7;18/07/2016 10:15;Strada Urbana;VIALE DELLA BELLA VILLA;all'intersezione con;VIA CARLO DE' MARCHESETTI;VIA CARLO DE' MARCHESETTI;;;Tamponamento;Intersezione stradale segnalata;Una carreggiata a doppio senso;Asciutto;Asfaltata;Verticale ed orizzontale;Sereno;Normale;Buona;Ore Diurne;1;0;0;1;12.58397;41.87278;-1;1;Autovettura privata;In marcia / fermata / arresto;Conducente;F;Illeso;0;;Non accertato;Inesploso
2903443;7;18/07/2016 10:15;Strada Urbana;VIALE DELLA BELLA VILLA;all'intersezione con;VIA CARLO DE' MARCHESETTI;VIA CARLO DE' MARCHESETTI;;;Tamponamento;Intersezione stradale segnalata;Una carreggiata a doppio senso;Asciutto;Asfaltata;Verticale ed orizzontale;Sereno;Normale;Buona;Ore Diurne;1;0;0;1;12.58397;41.87278;-1;2;Motociclo a solo;In marcia / fermata / arresto;Conducente;M;Rimandato;0;NON DECEDUTO;Non accertato;
2903444;11;18/07/2016 12:00;Strada Urbana;VIALE DEL TINTORETTO;da specificare;;;;prossimità palo acea 87;Scontro laterale fra veicoli in marcia;Rettilineo;Due carreggiate;Asciutto;Asfaltata;Verticale ed orizzontale;Sereno;Normale;Buona;Ore Diurne;0;0;0;3;12.48855;41.83483;-1;1;Autovettura privata;In marcia / fermata / arresto;Conducente;M;Illeso;0;;Non accertato;
2903444;11;18/07/2016 12:00;Strada Urbana;VIALE DEL TINTORETTO;da specificare;;;;prossimità palo acea 87;Scontro laterale fra veicoli in marcia;Rettilineo;Due carreggiate;Asciutto;Asfaltata;Verticale ed orizzontale;Sereno;Normale;Buona;Ore Diurne;0;0;0;3;12.48855;41.83483;-1;2;Autovettura privata;In marcia / fermata / arresto;Conducente;M;Illeso;0;;Non accertato;
2903444;11;18/07/2016 12:00;Strada Urbana;VIALE DEL TINTORETTO;da specificare;;;;prossimità palo acea 87;Scontro laterale fra veicoli in marcia;Rettilineo;Due carreggiate;Asciutto;Asfaltata;Verticale ed orizzontale;Sereno;Normale;Buona;Ore Diurne;0;0;0;3;12.48855;41.83483;-1;3;Autovettura privata;In marcia / fermata / arresto;Conducente;M;Illeso;0;;Non accertato;
2903446;13;18/07/2016 11:45;Strada Urbana;VIA DI PONTE LADRONE;in prossimità;;del civico n.;30;;Scontro laterale fra veicoli in marcia;Rettilineo;Una carreggiata a doppio senso;Asciutto;Asfaltata;Assente;Sereno;Scarso;Sufficiente;Ore Diurne;0;0;0;2;12.37696;41.7874;-1;1;Autovettura privata;In marcia / fermata / arresto;Conducente;M;Illeso;0;;Non accertato;Inesploso
2903446;13;18/07/2016 11:45;Strada Urbana;VIA DI PONTE LADRONE;in prossimità;;del civico n.;30;;Scontro laterale fra veicoli in marcia;Rettilineo;Una carreggiata a doppio senso;Asciutto;Asfaltata;Assente;Sereno;Scarso;Sufficiente;Ore Diurne;0;0;0;2;12.37696;41.7874;-1;2;Autocarro inferiore 35 q.;In marcia / fermata / arresto;Conducente;M;Illeso;0;;Non accertato;Inesploso
2903447;20;18/07/2016 11:30;Strada Urbana;VIA DELLA GIUSTINIANA;in prossimità;;del civico n.;402;;Fuoriuscita dalla sede stradale;Rettilineo;Una carreggiata a doppio senso;Asciutto;Asfaltata;Assente;Sereno;Scarso;Buona;Ore Diurne;1;0;0;1;12.45773;42.00116;-1;1;Autovettura privata;In marcia / fermata / arresto;Conducente;F;Illeso;0;;Non accertato;Inesploso
2903447;20;18/07/2016 11:30;Strada Urbana;VIA DELLA GIUSTINIANA;in prossimità;;del civico n.;402;;Fuoriuscita dalla sede stradale;Rettilineo;Una carreggiata a doppio senso;Asciutto;Asfaltata;Assente;Sereno;Scarso;Buona;Ore Diurne;1;0;0;1;12.45773;42.00116;-1;1;Autovettura privata;In marcia / fermata / arresto;Passeggero;F;Rimandato;0;NON DECEDUTO;Non accertato;Inesploso
2903449;10;18/07/2016 21:45;Statale entro l'abitato;VIA APPIA NUOVA;all'intersezione semaforizzata con;VIA PIZZO DI CALABRIA;VIA PIZZO DI CALABRIA;;;Scontro frontale/laterale SX fra veicoli in marcia;Intersezione semaforizzata;Due carreggiate;Asciutto;Asfaltata;Verticale ed orizzontale;Sereno;Scarso;Buona;Sufficiente;0;0;0;1;12.5516;41.83656;-1;1;Autovettura privata;In marcia / fermata / arresto;Conducente;F;Illeso;0;;Non accertato;Inesploso
2903450;5;18/07/2016 16:20;Strada Urbana;VIA FURIO CICOGNA;da specificare;;;;prossimità area di parcheggio;Scontro frontale fra veicoli in marcia;Curva senza visuale libera;Una carreggiata a doppio senso;Asciutto;Asfaltata;Verticale ed orizzontale;Sereno;Normale;Sufficiente;Ore Diurne;1;1;0;0;12.56427;41.92538;-1;1;Autovettura privata;In marcia / fermata / arresto;Conducente;F;Prognosi riservata;0;NON DECEDUTO;Non accertato;
2903450;5;18/07/2016 16:20;Strada Urbana;VIA FURIO CICOGNA;da specificare;;;;prossimità area di parcheggio;Scontro frontale fra veicoli in marcia;Curva senza visuale libera;Una carreggiata a doppio senso;Asciutto;Asfaltata;Verticale ed orizzontale;Sereno;Normale;Sufficiente;Ore Diurne;1;1;0;0;12.56427;41.92538;-1;2;Autovettura privata;In marcia / fermata / arresto;Conducente;M;Ricoverato;0;NON DECEDUTO;Non accertato;
2903451;11;18/07/2016 01:15;Strada Urbana;PIAZZA AUGUSTO RIGHI;all'intersezione con;LUNGOTEVERE DI PIETRA PAPA;LUNGOTEVERE DI PIETRA PAPA;;;Scontro frontale/laterale SX fra veicoli in marcia;Intersezione semaforizzata;Due carreggiate;Asciutto;Asfaltata;Verticale ed orizzontale;Sereno;Scarso;Buona;Inesistente;0;0;0;6;12.47007;41.86179;-1;1;Autovettura privata;In marcia / fermata / arresto;Conducente;F;Illeso;0;;;
2903451;11;18/07/2016 01:15;Strada Urbana;PIAZZA AUGUSTO RIGHI;all'intersezione con;LUNGOTEVERE DI PIETRA PAPA;LUNGOTEVERE DI PIETRA PAPA;;;Scontro frontale/laterale SX fra veicoli in marcia;Intersezione semaforizzata;Due carreggiate;Asciutto;Asfaltata;Verticale ed orizzontale;Sereno;Scarso;Buona;Inesistente;0;0;0;6;12.47007;41.86179;-1;1;Autovettura privata;In marcia / fermata / arresto;Passeggero;M;Illeso;0;;;
2903451;11;18/07/2016 01:15;Strada Urbana;PIAZZA AUGUSTO RIGHI;all'intersezione con;LUNGOTEVERE DI PIETRA PAPA;LUNGOTEVERE DI PIETRA PAPA;;;Scontro frontale/laterale SX fra veicoli in marcia;Intersezione semaforizzata;Due carreggiate;Asciutto;Asfaltata;Verticale ed orizzontale;Sereno;Scarso;Buona;Inesistente;0;0;0;6;12.47007;41.86179;-1;1;Autovettura privata;In marcia / fermata / arresto;Passeggero;F;Illeso;0;;;
2903451;11;18/07/2016 01:15;Strada Urbana;PIAZZA AUGUSTO RIGHI;all'intersezione con;LUNGOTEVERE DI PIETRA PAPA;LUNGOTEVERE DI PIETRA PAPA;;;Scontro frontale/laterale SX fra veicoli in marcia;Intersezione semaforizzata;Due carreggiate;Asciutto;Asfaltata;Verticale ed orizzontale;Sereno;Scarso;Buona;Inesistente;0;0;0;6;12.47007;41.86179;-1;1;Autovettura privata;In marcia / fermata / arresto;Passeggero;M;Illeso;0;;;
2903451;11;18/07/2016 01:15;Strada Urbana;PIAZZA AUGUSTO RIGHI;all'intersezione con;LUNGOTEVERE DI PIETRA PAPA;LUNGOTEVERE DI PIETRA PAPA;;;Scontro frontale/laterale SX fra veicoli in marcia;Intersezione semaforizzata;Due carreggiate;Asciutto;Asfaltata;Verticale ed orizzontale;Sereno;Scarso;Buona;Inesistente;0;0;0;6;12.47007;41.86179;-1;2;Autovettura privata;In marcia / fermata / arresto;Conducente;M;Illeso;0;;;
2903451;11;18/07/2016 01:15;Strada Urbana;PIAZZA AUGUSTO RIGHI;all'intersezione con;LUNGOTEVERE DI PIETRA PAPA;LUNGOTEVERE DI PIETRA PAPA;;;Scontro frontale/laterale SX fra veicoli in marcia;Intersezione semaforizzata;Due carreggiate;Asciutto;Asfaltata;Verticale ed orizzontale;Sereno;Scarso;Buona;Inesistente;0;0;0;6;12.47007;41.86179;-1;2;Autovettura privata;In marcia / fermata / arresto;Passeggero;F;Illeso;0;;;
2903460;7;19/07/2016 01:55;Strada Urbana;VIA COLLATINA;all'intersezione con;VIALE PALMIRO TOGLIATTI;VIALE PALMIRO TOGLIATTI;;;Veicolo in marcia contro ostacolo fisso;Incrocio;Una carreggiata a doppio senso;Asciutto;Asfaltata;Verticale ed orizzontale;Sereno;Scarso;Sufficiente;Sufficiente;0;0;1;3;12.57533;41.9032;-1;1;Autovettura privata;In marcia / fermata / arresto;Conducente;M;Deceduto sul posto;-1;;;
2903460;7;19/07/2016 01:55;Strada Urbana;VIA COLLATINA;all'intersezione con;VIALE PALMIRO TOGLIATTI;VIALE PALMIRO TOGLIATTI;;;Veicolo in marcia contro ostacolo fisso;Incrocio;Una carreggiata a doppio senso;Asciutto;Asfaltata;Verticale ed orizzontale;Sereno;Scarso;Sufficiente;Sufficiente;0;0;1;3;12.57533;41.9032;-1;1;Autovettura privata;In marcia / fermata / arresto;Passeggero;M;Illeso;0;;;
2903460;7;19/07/2016 01:55;Strada Urbana;VIA COLLATINA;all'intersezione con;VIALE PALMIRO TOGLIATTI;VIALE PALMIRO TOGLIATTI;;;Veicolo in marcia contro ostacolo fisso;Incrocio;Una carreggiata a doppio senso;Asciutto;Asfaltata;Verticale ed orizzontale;Sereno;Scarso;Sufficiente;Sufficiente;0;0;1;3;12.57533;41.9032;-1;1;Autovettura privata;In marcia / fermata / arresto;Passeggero;M;Illeso;0;;;
2903460;7;19/07/2016 01:55;Strada Urbana;VIA COLLATINA;all'intersezione con;VIALE PALMIRO TOGLIATTI;VIALE PALMIRO TOGLIATTI;;;Veicolo in marcia contro ostacolo fisso;Incrocio;Una carreggiata a doppio senso;Asciutto;Asfaltata;Verticale ed orizzontale;Sereno;Scarso;Sufficiente;Sufficiente;0;0;1;3;12.57533;41.9032;-1;1;Autovettura privata;In marcia / fermata / arresto;Passeggero;M;Illeso;0;;;
2903461;13;18/07/2016 19:20;Strada Urbana;VIA ISOLE DEL CAPO VERDE;in corrispondenza;;del civico n.;22;;Scontro laterale fra veicoli in marcia;Rettilineo;Una carreggiata a senso unico di marcia;Asciutto;Asfaltata;Assente;Sereno;Normale;Buona;Ore Diurne;1;0;0;1;12.27899;41.73869;-1;1;Autovettura privata;In marcia / fermata / arresto;Conducente;M;Illeso;0;;;
2903461;13;18/07/2016 19:20;Strada Urbana;VIA ISOLE DEL CAPO VERDE;in corrispondenza;;del civico n.;22;;Scontro laterale fra veicoli in marcia;Rettilineo;Una carreggiata a senso unico di marcia;Asciutto;Asfaltata;Assente;Sereno;Normale;Buona;Ore Diurne;1;0;0;1;12.27899;41.73869;-1;2;Motociclo a solo;In marcia / fermata / arresto;Conducente;M;Rimandato;0;NON DECEDUTO;;
2903468;20;18/07/2016 15:50;Strada Urbana;LUNGOTEVERE MARESCIALLO DIAZ;all'intersezione semaforizzata con;VIALE ANTONINO DI SAN GIULIANO;VIALE ANTONINO DI SAN GIULIANO;;;Scontro laterale fra veicoli in marcia;Intersezione semaforizzata;Due carreggiate;Asciutto;Asfaltata;Orizzontale;Sereno;Normale;Buona;Ore Diurne;0;0;0;2;12.46195;41.93395;-1;1;Quadriciclo leggero;In marcia / fermata / arresto;Conducente;M;Illeso;0;;Non accertato;Inesploso
2903468;20;18/07/2016 15:50;Strada Urbana;LUNGOTEVERE MARESCIALLO DIAZ;all'intersezione semaforizzata con;VIALE ANTONINO DI SAN GIULIANO;VIALE ANTONINO DI SAN GIULIANO;;;Scontro laterale fra veicoli in marcia;Intersezione semaforizzata;Due carreggiate;Asciutto;Asfaltata;Orizzontale;Sereno;Normale;Buona;Ore Diurne;0;0;0;2;12.46195;41.93395;-1;2;Autovettura privata;In marcia / fermata / arresto;Conducente;M;Illeso;0;;Non accertato;Inesploso
2903472;13;18/07/2016 13:40;Strada Urbana;VIALE DEI ROMAGNOLI;all'intersezione con;VIA DELLA CANAPA;VIA DELLA CANAPA;;;Tamponamento;Incrocio;Una carreggiata a senso unico di marcia;Asciutto;Asfaltata;Verticale;Sereno;Normale;Sufficiente;Ore Diurne;1;0;0;1;12.36483;41.7858;-1;1;Autovettura privata;In marcia / fermata / arresto;Conducente;F;Illeso;0;;Non accertato;Inesploso
2903472;13;18/07/2016 13:40;Strada Urbana;VIALE DEI ROMAGNOLI;all'intersezione con;VIA DELLA CANAPA;VIA DELLA CANAPA;;;Tamponamento;Incrocio;Una carreggiata a senso unico di marcia;Asciutto;Asfaltata;Verticale;Sereno;Normale;Sufficiente;Ore Diurne;1;0;0;1;12.36483;41.7858;-1;2;Autovettura privata;In marcia / fermata / arresto;Conducente;M;Rimandato;0;NON DECEDUTO;Non accertato;Inesploso
2903473;1;18/07/2016 13:20;Strada Urbana;VIA DRUSO;in prossimità;;del civico n.;41;;Tamponamento Multiplo;Rettilineo;Una carreggiata a doppio senso;Asciutto;Asfaltata;Verticale ed orizzontale;Sereno;Normale;Buona;Ore Diurne;2;0;0;3;12.49781;41.88197;-1;1;Autocarro inferiore 35 q.;In marcia / fermata / arresto;Conducente;M;Illeso;0;;Non accertato;Inesploso
2903473;1;18/07/2016 13:20;Strada Urbana;VIA DRUSO;in prossimità;;del civico n.;41;;Tamponamento Multiplo;Rettilineo;Una carreggiata a doppio senso;Asciutto;Asfaltata;Verticale ed orizzontale;Sereno;Normale;Buona;Ore Diurne;2;0;0;3;12.49781;41.88197;-1;2;Autovettura privata;In marcia / fermata / arresto;Conducente;F;Illeso;0;;Non accertato;Inesploso
2903473;1;18/07/2016 13:20;Strada Urbana;VIA DRUSO;in prossimità;;del civico n.;41;;Tamponamento Multiplo;Rettilineo;Una carreggiata a doppio senso;Asciutto;Asfaltata;Verticale ed orizzontale;Sereno;Normale;Buona;Ore Diurne;2;0;0;3;12.49781;41.88197;-1;2;Autovettura privata;In marcia / fermata / arresto;Passeggero;M;Illeso;0;;Non accertato;Inesploso
2903473;1;18/07/2016 13:20;Strada Urbana;VIA DRUSO;in prossimità;;del civico n.;41;;Tamponamento Multiplo;Rettilineo;Una carreggiata a doppio senso;Asciutto;Asfaltata;Verticale ed orizzontale;Sereno;Normale;Buona;Ore Diurne;2;0;0;3;12.49781;41.88197;-1;3;Autovettura privata;In marcia / fermata / arresto;Conducente;F;Rimandato;0;NON DECEDUTO;;
2903473;1;18/07/2016 13:20;Strada Urbana;VIA DRUSO;in prossimità;;del civico n.;41;;Tamponamento Multiplo;Rettilineo;Una carreggiata a doppio senso;Asciutto;Asfaltata;Verticale ed orizzontale;Sereno;Normale;Buona;Ore Diurne;2;0;0;3;12.49781;41.88197;-1;3;Autovettura privata;In marcia / fermata / arresto;Passeggero;F;Rimandato;0;NON DECEDUTO;;
2903479;5;18/07/2016 16:50;Strada Urbana;VIA DEI MONTI TIBURTINI;da specificare;;;;altezza ingresso ospedale S. Pertini;Scontro laterale fra veicoli in marcia;Rettilineo;Due carreggiate;Asciutto;Asfaltata;Verticale ed orizzontale;Sereno;Intenso;Buona;Ore Diurne;1;0;0;2;12.5386;41.91873;-1;1;Autovettura privata;In marcia / fermata / arresto;Conducente;M;Illeso;0;;Non accertato;Inesploso
2903479;5;18/07/2016 16:50;Strada Urbana;VIA DEI MONTI TIBURTINI;da specificare;;;;altezza ingresso ospedale S. Pertini;Scontro laterale fra veicoli in marcia;Rettilineo;Due carreggiate;Asciutto;Asfaltata;Verticale ed orizzontale;Sereno;Intenso;Buona;Ore Diurne;1;0;0;2;12.5386;41.91873;-1;1;Autovettura privata;In marcia / fermata / arresto;Passeggero;F;Illeso;0;;Non accertato;Inesploso
2903479;5;18/07/2016 16:50;Strada Urbana;VIA DEI MONTI TIBURTINI;da specificare;;;;altezza ingresso ospedale S. Pertini;Scontro laterale fra veicoli in marcia;Rettilineo;Due carreggiate;Asciutto;Asfaltata;Verticale ed orizzontale;Sereno;Intenso;Buona;Ore Diurne;1;0;0;2;12.5386;41.91873;-1;2;Motociclo a solo;In marcia / fermata / arresto;Conducente;M;Rimandato;0;NON DECEDUTO;Non accertato;
2903484;12;18/07/2016 17:15;Strada Urbana;VIALE DELL'AERONAUTICA;all'intersezione con;VIA DEI PIRENEI;VIA DEI PIRENEI;;;Scontro frontale/laterale DX fra veicoli in marcia;Incrocio;Una carreggiata a doppio senso;Asciutto;Asfaltata;Verticale ed orizzontale;Sereno;Normale;Buona;Ore Diurne;1;0;0;2;12.47553;41.82615;-1;1;Motociclo a solo;In marcia / fermata / arresto;Conducente;M;Rimandato;0;NON DECEDUTO;Utilizzato;
2903484;12;18/07/2016 17:15;Strada Urbana;VIALE DELL'AERONAUTICA;all'intersezione con;VIA DEI PIRENEI;VIA DEI PIRENEI;;;Scontro frontale/laterale DX fra veicoli in marcia;Incrocio;Una carreggiata a doppio senso;Asciutto;Asfaltata;Verticale ed orizzontale;Sereno;Normale;Buona;Ore Diurne;1;0;0;2;12.47553;41.82615;-1;2;Autovettura privata;In marcia / fermata / arresto;Conducente;M;Illeso;0;;Non accertato;Inesploso
2903484;12;18/07/2016 17:15;Strada Urbana;VIALE DELL'AERONAUTICA;all'intersezione con;VIA DEI PIRENEI;VIA DEI PIRENEI;;;Scontro frontale/laterale DX fra veicoli in marcia;Incrocio;Una carreggiata a doppio senso;Asciutto;Asfaltata;Verticale ed orizzontale;Sereno;Normale;Buona;Ore Diurne;1;0;0;2;12.47553;41.82615;-1;3;Autovettura privata;In marcia / fermata / arresto;Conducente;M;Illeso;0;;Utilizzato;Inesploso
2903485;19;18/07/2016 19:50;Strada Urbana;VIA UGO DE CAROLIS;all'intersezione con;VIA FILIPPO NICOLAI;VIA FILIPPO NICOLAI;;;Scontro frontale/laterale DX fra veicoli in marcia;Incrocio;Due carreggiate;Asciutto;Asfaltata;Assente;Sereno;Normale;Sufficiente;Ore Diurne;1;0;0;1;12.43913;41.91737;-1;1;Autovettura privata;In marcia / fermata / arresto;Conducente;M;Illeso;0;;Non accertato;
2903485;19;18/07/2016 19:50;Strada Urbana;VIA UGO DE CAROLIS;all'intersezione con;VIA FILIPPO NICOLAI;VIA FILIPPO NICOLAI;;;Scontro frontale/laterale DX fra veicoli in marcia;Incrocio;Due carreggiate;Asciutto;Asfaltata;Assente;Sereno;Normale;Sufficiente;Ore Diurne;1;0;0;1;12.43913;41.91737;-1;2;Motociclo a solo;In marcia / fermata / arresto;Conducente;M;Rifiuta cure immediate;0;NON DECEDUTO;Non accertato;
2903514;1;18/07/2016 14:30;Strada Urbana;VIA PIETRO QUERINI;in prossimità;;del civico n.;3;;Scontro laterale fra veicoli in marcia;Rettilineo;Una carreggiata a senso unico di marcia;Asciutto;Asfaltata;Verticale ed orizzontale;Sereno;Normale;Buona;Ore Diurne;0;0;0;4;12.47631;41.88126;-1;1;Autovettura privata;In marcia / fermata / arresto;Conducente;F;Illeso;0;;;Inesploso
2903514;1;18/07/2016 14:30;Strada Urbana;VIA PIETRO QUERINI;in prossimità;;del civico n.;3;;Scontro laterale fra veicoli in marcia;Rettilineo;Una carreggiata a senso unico di marcia;Asciutto;Asfaltata;Verticale ed orizzontale;Sereno;Normale;Buona;Ore Diurne;0;0;0;4;12.47631;41.88126;-1;2;Autovettura privata;In marcia / fermata / arresto;Conducente;F;Illeso;0;;Non accertato;Inesploso
2903514;1;18/07/2016 14:30;Strada Urbana;VIA PIETRO QUERINI;in prossimità;;del civico n.;3;;Scontro laterale fra veicoli in marcia;Rettilineo;Una carreggiata a senso unico di marcia;Asciutto;Asfaltata;Verticale ed orizzontale;Sereno;Normale;Buona;Ore Diurne;0;0;0;4;12.47631;41.88126;-1;2;Autovettura privata;In marcia / fermata / arresto;Passeggero;M;Illeso;0;;Non accertato;Inesploso
2903514;1;18/07/2016 14:30;Strada Urbana;VIA PIETRO QUERINI;in prossimità;;del civico n.;3;;Scontro laterale fra veicoli in marcia;Rettilineo;Una carreggiata a senso unico di marcia;Asciutto;Asfaltata;Verticale ed orizzontale;Sereno;Normale;Buona;Ore Diurne;0;0;0;4;12.47631;41.88126;-1;2;Autovettura privata;In marcia / fermata / arresto;Passeggero;M;Illeso;0;;Non accertato;Inesploso
2903519;20;18/07/2016 19:45;Strada Urbana;VIALE REGINA MARGHERITA;in prossimità;;del civico n.;251;;Scontro frontale/laterale SX fra veicoli in marcia;Rettilineo;Una carreggiata a doppio senso;Asciutto;Asfaltata;Verticale ed orizzontale;Sereno;Normale;Buona;Ore Diurne;1;0;0;1;12.50833;41.91181;-1;1;Motociclo a solo;In marcia / fermata / arresto;Conducente;M;Rimandato;0;NON DECEDUTO;Non accertato;
2903519;20;18/07/2016 19:45;Strada Urbana;VIALE REGINA MARGHERITA;in prossimità;;del civico n.;251;;Scontro frontale/laterale SX fra veicoli in marcia;Rettilineo;Una carreggiata a doppio senso;Asciutto;Asfaltata;Verticale ed orizzontale;Sereno;Normale;Buona;Ore Diurne;1;0;0;1;12.50833;41.91181;-1;2;Autovettura privata;In marcia / fermata / arresto;Conducente;F;Illeso;0;;Non accertato;Inesploso
2903533;1;18/07/2016 19:00;Strada Urbana;PIAZZA DELL'ESQUILINO;all'intersezione semaforizzata con;VIA CAVOUR;VIA CAVOUR;;;Scontro laterale fra veicoli in marcia;Intersezione semaforizzata;Due carreggiate;Asciutto;Asfaltata;Verticale ed orizzontale;Sereno;Normale;Buona;Ore Diurne;0;0;0;2;12.49792;41.89843;-1;1;Autobus di linea;In marcia / fermata / arresto;Conducente;M;Illeso;0;;Non accertato;
2903533;1;18/07/2016 19:00;Strada Urbana;PIAZZA DELL'ESQUILINO;all'intersezione semaforizzata con;VIA CAVOUR;VIA CAVOUR;;;Scontro laterale fra veicoli in marcia;Intersezione semaforizzata;Due carreggiate;Asciutto;Asfaltata;Verticale ed orizzontale;Sereno;Normale;Buona;Ore Diurne;0;0;0;2;12.49792;41.89843;-1;2;Autovettura privata;In marcia / fermata / arresto;Conducente;F;Illeso;0;;Non accertato;Inesploso
2903573;12;18/07/2016 08:40;Strada Urbana;VIA DELLA CECCHIGNOLA;in prossimità;;del civico n.;281;;Tamponamento Multiplo;Rettilineo;Una carreggiata a doppio senso;Asciutto;Asfaltata;Orizzontale;Sereno;Intenso;Buona;Ore Diurne;2;0;0;1;12.50598;41.80239;-1;1;Autovettura privata;In marcia / fermata / arresto;Conducente;M;Illeso;0;;Non accertato;Inesploso
2903573;12;18/07/2016 08:40;Strada Urbana;VIA DELLA CECCHIGNOLA;in prossimità;;del civico n.;281;;Tamponamento Multiplo;Rettilineo;Una carreggiata a doppio senso;Asciutto;Asfaltata;Orizzontale;Sereno;Intenso;Buona;Ore Diurne;2;0;0;1;12.50598;41.80239;-1;2;Autovettura privata;In marcia / fermata / arresto;Conducente;F;Rimandato;0;NON DECEDUTO;Non accertato;Inesploso