Protocollo;Gruppo;DataOraIncidente;Localizzazione1;STRADA1;Localizzazione2;STRADA2;Strada02;Chilometrica;DaSpecificare;NaturaIncidente;particolaritastrade;TipoStrada;FondoStradale;Pavimentazione;Segnaletica;CondizioneAtmosferica;Traffico;Visibilita;Illuminazione;NUM_FERITI;NUM_RISERVATA;NUM_MORTI;NUM_ILLESI;Longitudine;Latitudine;Confermato;Progressivo;TipoVeicolo;StatoVeicolo;TipoPersona;Sesso;Tipolesione;Deceduto;DecedutoDopo;CinturaCascoUtilizzato;Airbag
2909940;20;24/07/2016 05:00;Strada Urbana;CORSO DI FRANCIA;da specificare;;;;altezza via Sassi di San Giuliano;Tamponamento;Rettilineo;Due carreggiate;Asciutto;Asfaltata;Orizzontale;Nebbia;Normale;Buona;Inesistente;2;0;0;1;12.47168;41.93671;-1;2;Autovettura privata;In marcia / fermata / arresto;Passeggero;F;Rimandato;0;NON DECEDUTO;;
2910046;12;22/07/2016 16:00;Strada Urbana;VIA CRISTOFORO COLOMBO;all'intersezione con;VIA LAURENTINA;VIA LAURENTINA;;;Tamponamento;Intersezione semaforizzata;Due carreggiate;Asciutto;Asfaltata;Verticale ed orizzontale;Sereno;Intenso;Buona;Ore Diurne;1;0;0;3;12.47736;41.84393;-1;1;Autovettura privata;In marcia / fermata / arresto;Conducente;M;Illeso;0;;Utilizzato;Inesploso
2910046;12;22/07/2016 16:00;Strada Urbana;VIA CRISTOFORO COLOMBO;all'intersezione con;VIA LAURENTINA;VIA LAURENTINA;;;Tamponamento;Intersezione semaforizzata;Due carreggiate;Asciutto;Asfaltata;Verticale ed orizzontale;Sereno;Intenso;Buona;Ore Diurne;1;0;0;3;12.47736;41.84393;-1;1;Autovettura privata;In marcia / fermata / arresto;Passeggero;F;Ricoverato;0;NON DECEDUTO;Non accertato;Inesploso
2910046;12;22/07/2016 16:00;Strada Urbana;VIA CRISTOFORO COLOMBO;all'intersezione con;VIA LAURENTINA;VIA LAURENTINA;;;Tamponamento;Intersezione semaforizzata;Due carreggiate;Asciutto;Asfaltata;Verticale ed orizzontale;Sereno;Intenso;Buona;Ore Diurne;1;0;0;3;12.47736;41.84393;-1;1;Autovettura privata;In marcia / fermata / arresto;Passeggero;F;Illeso;0;;Non accertato;
2910046;12;22/07/2016 16:00;Strada Urbana;VIA CRISTOFORO COLOMBO;all'intersezione con;VIA LAURENTINA;VIA LAURENTINA;;;Tamponamento;Intersezione semaforizzata;Due carreggiate;Asciutto;Asfaltata;Verticale ed orizzontale;Sereno;Intenso;Buona;Ore Diurne;1;0;0;3;12.47736;41.84393;-1;1;Autovettura privata;In marcia / fermata / arresto;Passeggero;F;Illeso;0;;Non accertato;
2910049;9;23/07/2016 08:10;Strada Urbana;VIA DELLE CAVE;in prossimità;;del civico n.;152;;Infortunio per sola frenata improvvisa;Rettilineo;Due carreggiate;Asciutto;Asfaltata;Verticale ed orizzontale;Nuvoloso;Scarso;Buona;Ore Diurne;0;0;0;1;12.53257;41.87188;-1;1;Motociclo a solo;In marcia / fermata / arresto;Conducente;M;Illeso;0;;Non accertato;
2910050;1;23/07/2016 15:00;Strada Urbana;PIAZZA VITTORIO EMANUELE II;all'intersezione con;VIA BUONARROTI;VIA BUONARROTI;;;Tamponamento;Incrocio;Una carreggiata a doppio senso;Asciutto;Asfaltata;Verticale ed orizzontale;Nuvoloso;Scarso;Buona;Ore Diurne;2;0;0;0;12.50324;41.8944;-1;1;Motociclo a solo;In marcia / fermata / arresto;Conducente;M;Rimandato;0;NON DECEDUTO;Non accertato;
2910050;1;23/07/2016 15:00;Strada Urbana;PIAZZA VITTORIO EMANUELE II;all'intersezione con;VIA BUONARROTI;VIA BUONARROTI;;;Tamponamento;Incrocio;Una carreggiata a doppio senso;Asciutto;Asfaltata;Verticale ed orizzontale;Nuvoloso;Scarso;Buona;Ore Diurne;2;0;0;0;12.50324;41.8944;-1;2;Ciclomotore;In marcia / fermata / arresto;Conducente;M;Rifiuta cure immediate;0;NON DECEDUTO;Non accertato;
2910066;1;23/07/2016 19:00;Strada Urbana;VIA VITTORIO EMANUELE ORLANDO;in prossimità;;del civico n.;93;;Veicolo in marcia contro ostacolo accidentale;Rettilineo;Una carreggiata a senso unico di marcia;Asciutto;In cubetti di porfido;Verticale ed orizzontale;Nuvoloso;Normale;Buona;Ore Diurne;0;0;0;1;12.49464;41.90399;-1;1;Motociclo a solo;In marcia / fermata / arresto;Conducente;M;Illeso;0;;Utilizzato;
2910078;1;23/07/2016 18:30;Strada Urbana;PIAZZA DI PORTA S. PAOLO;in corrispondenza;;del civico n.;3;;Veicolo in marcia contro ostacolo accidentale;Rotatoria;Una carreggiata a senso unico di marcia;Viscido da liquidi oleosi;In cubetti di porfido;Orizzontale;Pioggia in atto;Normale;Buona;Ore Diurne;0;0;0;1;12.48187;41.87716;-1;1;Motociclo a solo;In marcia / fermata / arresto;Conducente;M;Illeso;0;;Utilizzato;
2910095;1;24/07/2016 01:30;Strada Urbana;LUNGOTEVERE DEI VALLATI;in corrispondenza;;del palo luce n.;5;;Tamponamento;Curva a visuale libera;Una carreggiata a senso unico di marcia;Asciutto;Asfaltata;Verticale ed orizzontale;Sereno;Normale;Buona;Sufficiente;1;0;0;5;12.47264;41.89193;-1;1;Autovettura privata;In marcia / fermata / arresto;Conducente;M;Illeso;0;;;
2910095;1;24/07/2016 01:30;Strada Urbana;LUNGOTEVERE DEI VALLATI;in corrispondenza;;del palo luce n.;5;;Tamponamento;Curva a visuale libera;Una carreggiata a senso unico di marcia;Asciutto;Asfaltata;Verticale ed orizzontale;Sereno;Normale;Buona;Sufficiente;1;0;0;5;12.47264;41.89193;-1;1;Autovettura privata;In marcia / fermata / arresto;Passeggero;M;Illeso;0;;;
2910095;1;24/07/2016 01:30;Strada Urbana;LUNGOTEVERE DEI VALLATI;in corrispondenza;;del palo luce n.;5;;Tamponamento;Curva a visuale libera;Una carreggiata a senso unico di marcia;Asciutto;Asfaltata;Verticale ed orizzontale;Sereno;Normale;Buona;Sufficiente;1;0;0;5;12.47264;41.89193;-1;1;Autovettura privata;In marcia / fermata / arresto;Passeggero;M;Illeso;0;;;
2910095;1;24/07/2016 01:30;Strada Urbana;LUNGOTEVERE DEI VALLATI;in corrispondenza;;del palo luce n.;5;;Tamponamento;Curva a visuale libera;Una carreggiata a senso unico di marcia;Asciutto;Asfaltata;Verticale ed orizzontale;Sereno;Normale;Buona;Sufficiente;1;0;0;5;12.47264;41.89193;-1;2;Autovettura privata;In marcia / fermata / arresto;Conducente;M;Illeso;0;;;
2910095;1;24/07/2016 01:30;Strada Urbana;LUNGOTEVERE DEI VALLATI;in corrispondenza;;del palo luce n.;5;;Tamponamento;Curva a visuale libera;Una carreggiata a senso unico di marcia;Asciutto;Asfaltata;Verticale ed orizzontale;Sereno;Normale;Buona;Sufficiente;1;0;0;5;12.47264;41.89193;-1;2;Autovettura privata;In marcia / fermata / arresto;Passeggero;F;Rimandato;0;NON DECEDUTO;;
2910149;9;24/07/2016 14:00;Strada Urbana;VIA NOLA;all'intersezione semaforizzata con;VIALE CASTRENSE;VIALE CASTRENSE;;;Scontro frontale fra veicoli in marcia;Incrocio;Una carreggiata a doppio senso;Asciutto;Asfaltata;Verticale ed orizzontale;Sereno;Scarso;Buona;Ore Diurne;1;0;0;2;12.56738;41.87194;-1;1;Autovettura privata;In marcia / fermata / arresto;Conducente;M;Illeso;0;;Non accertato;Inesploso
2910149;9;24/07/2016 14:00;Strada Urbana;VIA NOLA;all'intersezione semaforizzata con;VIALE CASTRENSE;VIALE CASTRENSE;;;Scontro frontale fra veicoli in marcia;Incrocio;Una carreggiata a doppio senso;Asciutto;Asfaltata;Verticale ed orizzontale;Sereno;Scarso;Buona;Ore Diurne;1;0;0;2;12.56738;41.87194;-1;1;Autovettura privata;In marcia / fermata / arresto;Passeggero;F;Rimandato;0;NON DECEDUTO;Non accertato;Inesploso
2910149;9;24/07/2016 14:00;Strada Urbana;VIA NOLA;all'intersezione semaforizzata con;VIALE CASTRENSE;VIALE CASTRENSE;;;Scontro frontale fra veicoli in marcia;Incrocio;Una carreggiata a doppio senso;Asciutto;Asfaltata;Verticale ed orizzontale;Sereno;Scarso;Buona;Ore Diurne;1;0;0;2;12.56738;41.87194;-1;2;Autovettura privata;In marcia / fermata / arresto;Conducente;M;Illeso;0;;Non accertato;Inesploso
2910226;1;24/07/2016 12:10;Strada Urbana;PIAZZA DI PORTA PORTESE;all'intersezione semaforizzata con;PORTO DI RIPA GRANDE;PORTO DI RIPA GRANDE;;;Scontro frontale/laterale DX fra veicoli in marcia;Intersezione semaforizzata;Due carreggiate;Asciutto;Asfaltata;Verticale ed orizzontale;Sereno;Normale;Buona;Ore Diurne;0;0;0;2;12.47439;41.88388;-1;1;Autovettura privata;In marcia / fermata / arresto;Conducente;M;Illeso;0;;;
2910226;1;24/07/2016 12:10;Strada Urbana;PIAZZA DI PORTA PORTESE;all'intersezione semaforizzata con;PORTO DI RIPA GRANDE;PORTO DI RIPA GRANDE;;;Scontro frontale/laterale DX fra veicoli in marcia;Intersezione semaforizzata;Due carreggiate;Asciutto;Asfaltata;Verticale ed orizzontale;Sereno;Normale;Buona;Ore Diurne;0;0;0;2;12.47439;41.88388;-1;2;Autovettura privata;In marcia / fermata / arresto;Conducente;F;Illeso;0;;;
2910444;13;24/07/2016 12:00;Altra strada;VIA DELLE AZZORRE;in corrispondenza;;del civico n.;416;;Scontro frontale/laterale DX fra veicoli in marcia;Rettilineo;Una carreggiata a senso unico di marcia;Asciutto;Asfaltata;Orizzontale;Nuvoloso;Scarso;Sufficiente;Ore Diurne;0;0;0;2;12.26539;41.73967;-1;1;Autovettura privata;In marcia / fermata / arresto;Conducente;F;Illeso;0;;Non accertato;Inesploso
2910444;13;24/07/2016 12:00;Altra strada;VIA DELLE AZZORRE;in corrispondenza;;del civico n.;416;;Scontro frontale/laterale DX fra veicoli in marcia;Rettilineo;Una carreggiata a senso unico di marcia;Asciutto;Asfaltata;Orizzontale;Nuvoloso;Scarso;Sufficiente;Ore Diurne;0;0;0;2;12.26539;41.73967;-1;2;Autovettura privata;In marcia / fermata / arresto;Conducente;M;Illeso;0;;Non accertato;Inesploso
2910446;11;24/07/2016 17:50;Strada Urbana;VIA CRISTOFORO COLOMBO;all'intersezione semaforizzata con;VIA OROPA;VIA OROPA;;;Scontro frontale/laterale DX fra veicoli in marcia;Intersezione semaforizzata;Più di due carreggiate;Asciutto;Asfaltata;Verticale ed orizzontale;Nuvoloso;Normale;Buona;Ore Diurne;0;0;0;2;12.48086;41.84746;-1;1;Autovettura privata;In marcia / fermata / arresto;Conducente;M;Illeso;0;;Non accertato;Inesploso
2910446;11;24/07/2016 17:50;Strada Urbana;VIA CRISTOFORO COLOMBO;all'intersezione semaforizzata con;VIA OROPA;VIA OROPA;;;Scontro frontale/laterale DX fra veicoli in marcia;Intersezione semaforizzata;Più di due carreggiate;Asciutto;Asfaltata;Verticale ed orizzontale;Nuvoloso;Normale;Buona;Ore Diurne;0;0;0;2;12.48086;41.84746;-1;2;Autovettura privata;In marcia / fermata / arresto;Conducente;M;Illeso;0;;Non accertato;Inesploso
2910447;13;24/07/2016 12:40;Strada Urbana;VIA DI ACILIA;in corrispondenza;;del civico n.;171;;Veicolo in marcia contro veicolo fermo;Rettilineo;Una carreggiata a senso unico di marcia;Asciutto;Asfaltata;Verticale ed orizzontale;Sereno;Scarso;Buona;Ore Diurne;0;0;0;5;12.36912;41.77693;-1;1;Autovettura privata;In marcia / fermata / arresto;Conducente;F;Illeso;0;;Non accertato;Inesploso
2910447;13;24/07/2016 12:40;Strada Urbana;VIA DI ACILIA;in corrispondenza;;del civico n.;171;;Veicolo in marcia contro veicolo fermo;Rettilineo;Una carreggiata a senso unico di marcia;Asciutto;Asfaltata;Verticale ed orizzontale;Sereno;Scarso;Buona;Ore Diurne;0;0;0;5;12.36912;41.77693;-1;1;Autovettura privata;In marcia / fermata / arresto;Passeggero;M;Illeso;0;;Non accertato;Inesploso
2910447;13;24/07/2016 12:40;Strada Urbana;VIA DI ACILIA;in corrispondenza;;del civico n.;171;;Veicolo in marcia contro veicolo fermo;Rettilineo;Una carreggiata a senso unico di marcia;Asciutto;Asfaltata;Verticale ed orizzontale;Sereno;Scarso;Buona;Ore Diurne;0;0;0;5;12.36912;41.77693;-1;2;Autovettura privata;In marcia / fermata / arresto;Conducente;M;Illeso;0;;Non accertato;Inesploso
2910447;13;24/07/2016 12:40;Strada Urbana;VIA DI ACILIA;in corrispondenza;;del civico n.;171;;Veicolo in marcia contro veicolo fermo;Rettilineo;Una carreggiata a senso unico di marcia;Asciutto;Asfaltata;Verticale ed orizzontale;Sereno;Scarso;Buona;Ore Diurne;0;0;0;5;12.36912;41.77693;-1;2;Autovettura privata;In marcia / fermata / arresto;Passeggero;F;Illeso;0;;Utilizzato;Inesploso
2910447;13;24/07/2016 12:40;Strada Urbana;VIA DI ACILIA;in corrispondenza;;del civico n.;171;;Veicolo in marcia contro veicolo fermo;Rettilineo;Una carreggiata a senso unico di marcia;Asciutto;Asfaltata;Verticale ed orizzontale;Sereno;Scarso;Buona;Ore Diurne;0;0;0;5;12.36912;41.77693;-1;2;Autovettura privata;In marcia / fermata / arresto;Passeggero;F;Illeso;0;;Non accertato;Inesploso
2910448;13;23/07/2016 10:00;Strada Urbana;VIA PADRE PERILLI;in prossimità;;del civico n.;56;;Scontro laterale fra veicoli in marcia;Rettilineo;Una carreggiata a doppio senso;Asciutto;Asfaltata;Assente;Nuvoloso;Scarso;Buona;Ore Diurne;1;0;0;0;12.35461;41.76652;-1;1;Autovettura privata;In marcia / fermata / arresto;Conducente;F;Rimandato;0;NON DECEDUTO;Non accertato;
2910450;8;23/07/2016 15:00;Strada Urbana;VIA ALFREDO BLASI;all'intersezione con;VIA NICOLA SCARANO;VIA NICOLA SCARANO;;;Scontro frontale/laterale DX fra veicoli in marcia;Incrocio;Una carreggiata a senso unico di marcia;Asciutto;Asfaltata;Verticale;Nuvoloso;Scarso;Buona;Ore Diurne;1;0;0;2;12.62395;41.86844;-1;1;Autovettura privata;In marcia / fermata / arresto;Conducente;M;Illeso;0;;Non accertato;Esploso
2910450;8;23/07/2016 15:00;Strada Urbana;VIA ALFREDO BLASI;all'intersezione con;VIA NICOLA SCARANO;VIA NICOLA SCARANO;;;Scontro frontale/laterale DX fra veicoli in marcia;Incrocio;Una carreggiata a senso unico di marcia;Asciutto;Asfaltata;Verticale;Nuvoloso;Scarso;Buona;Ore Diurne;1;0;0;2;12.62395;41.86844;-1;1;Autovettura privata;In marcia / fermata / arresto;Passeggero;M;Illeso;0;;Non accertato;Esploso
2910450;8;23/07/2016 15:00;Strada Urbana;VIA ALFREDO BLASI;all'intersezione con;VIA NICOLA SCARANO;VIA NICOLA SCARANO;;;Scontro frontale/laterale DX fra veicoli in marcia;Incrocio;Una carreggiata a senso unico di marcia;Asciutto;Asfaltata;Verticale;Nuvoloso;Scarso;Buona;Ore Diurne;1;0;0;2;12.62395;41.86844;-1;2;Autovettura privata;In marcia / fermata / arresto;Conducente;M;Rimandato;0;NON DECEDUTO;Non accertato;Inesploso
2910453;13;24/07/2016 20:25;Strada Urbana;VIA MARCO D'AVIANO;da specificare;;;;prossimità Via di Dragoncello;Scontro frontale/laterale SX fra veicoli in marcia;Rettilineo;Una carreggiata a doppio senso;Asciutto;Asfaltata;Verticale ed orizzontale;Nuvoloso;Scarso;Buona;Sufficiente;0;0;0;1;12.35074;41.78157;-1;1;Autovettura privata;In marcia / fermata / arresto;Conducente;M;Illeso;0;;Non accertato;Inesploso
2910454;8;23/07/2016 14:40;Strada Urbana;VIALE DEI ROMANISTI;all'intersezione con;VIA RUGANTINO;VIA RUGANTINO;;;Scontro frontale/laterale DX fra veicoli in marcia;Incrocio;Due carreggiate;Asciutto;Asfaltata;Verticale ed orizzontale;Nuvoloso;Scarso;Buona;Ore Diurne;0;0;0;3;12.57733;41.86753;-1;1;Autovettura privata;In marcia / fermata / arresto;Conducente;M;Illeso;0;;Non accertato;Inesploso
2910454;8;23/07/2016 14:40;Strada Urbana;VIALE DEI ROMANISTI;all'intersezione con;VIA RUGANTINO;VIA RUGANTINO;;;Scontro frontale/laterale DX fra veicoli in marcia;Incrocio;Due carreggiate;Asciutto;Asfaltata;Verticale ed orizzontale;Nuvoloso;Scarso;Buona;Ore Diurne;0;0;0;3;12.57733;41.86753;-1;1;Autovettura privata;In marcia / fermata / arresto;Passeggero;M;Illeso;0;;Non accertato;Inesploso
2910454;8;23/07/2016 14:40;Strada Urbana;VIALE DEI ROMANISTI;all'intersezione con;VIA RUGANTINO;VIA RUGANTINO;;;Scontro frontale/laterale DX fra veicoli in marcia;Incrocio;Due carreggiate;Asciutto;Asfaltata;Verticale ed orizzontale;Nuvoloso;Scarso;Buona;Ore Diurne;0;0;0;3;12.57733;41.86753;-1;1;Autovettura privata;In marcia / fermata / arresto;Passeggero;M;Illeso;0;;Non accertato;Inesploso
2910459;8;24/07/2016 04:10;Statale entro l'abitato;VIA CASILINA;all'intersezione con;VIA DELLE DUE TORRI;VIA DELLE DUE TORRI;;;Veicolo in marcia contro ostacolo fisso;Intersezione semaforizzata;Una carreggiata a doppio senso;Asciutto;Asfaltata;Verticale ed orizzontale;Sereno;Scarso;Sufficiente;Sufficiente;0;0;0;1;12.60933;41.86405;-1;1;Autovettura privata;In marcia / fermata / arresto;Conducente;M;Illeso;0;;Non accertato;Esploso
2910466;8;24/07/2016 12:00;Strada Urbana;VIA GUIDO CORBELLINI;in prossimità;;del civico n.;26;;Scontro frontale/laterale DX fra veicoli in marcia;Rettilineo;Una carreggiata a doppio senso;Asciutto;Asfaltata;Verticale ed orizzontale;Sereno;Scarso;Buona;Ore Diurne;1;0;0;1;12.66367;41.9084;-1;1;Autovettura privata;In marcia / fermata / arresto;Conducente;F;Rifiuta cure immediate;0;NON DECEDUTO;Non accertato;
2910466;8;24/07/2016 12:00;Strada Urbana;VIA GUIDO CORBELLINI;in prossimità;;del civico n.;26;;Scontro frontale/laterale DX fra veicoli in marcia;Rettilineo;Una carreggiata a doppio senso;Asciutto;Asfaltata;Verticale ed orizzontale;Sereno;Scarso;Buona;Ore Diurne;1;0;0;1;12.66367;41.9084;-1;2;Autovettura privata;In marcia / fermata / arresto;Conducente;M;Illeso;0;;Non accertato;Inesploso
2910474;10;22/07/2016 18:00;Strada Urbana;VIA DI PASSO LOMBARDO;da specificare;;;;imbocco Autostrada Roma-Napoli;Scontro frontale fra veicoli in marcia;Curva senza visuale libera;Una carreggiata a doppio senso;Asciutto;Asfaltata;Verticale ed orizzontale;Sereno;Normale;Sufficiente;Ore Diurne;5;0;0;0;12.63112;41.8399;-1;1;Autovettura privata;In marcia / fermata / arresto;Conducente;M;Rimandato;0;NON DECEDUTO;Non accertato;Inesploso
2910474;10;22/07/2016 18:00;Strada Urbana;VIA DI PASSO LOMBARDO;da specificare;;;;imbocco Autostrada Roma-Napoli;Scontro frontale fra veicoli in marcia;Curva senza visuale libera;Una carreggiata a doppio senso;Asciutto;Asfaltata;Verticale ed orizzontale;Sereno;Normale;Sufficiente;Ore Diurne;5;0;0;0;12.63112;41.8399;-1;1;Autovettura privata;In marcia / fermata / arresto;Passeggero;F;Rimandato;0;NON DECEDUTO;Non accertato;Inesploso
2910474;10;22/07/2016 18:00;Strada Urbana;VIA DI PASSO LOMBARDO;da specificare;;;;imbocco Autostrada Roma-Napoli;Scontro frontale fra veicoli in marcia;Curva senza visuale libera;Una carreggiata a doppio senso;Asciutto;Asfaltata;Verticale ed orizzontale;Sereno;Normale;Sufficiente;Ore Diurne;5;0;0;0;12.63112;41.8399;-1;2;Autovettura privata;In marcia / fermata / arresto;Conducente;F;Rimandato;0;NON DECEDUTO;Non accertato;Inesploso
2910474;10;22/07/2016 18:00;Strada Urbana;VIA DI PASSO LOMBARDO;da specificare;;;;imbocco Autostrada Roma-Napoli;Scontro frontale fra veicoli in marcia;Curva senza visuale libera;Una carreggiata a doppio senso;Asciutto;Asfaltata;Verticale ed orizzontale;Sereno;Normale;Sufficiente;Ore Diurne;5;0;0;0;12.63112;41.8399;-1;2;Autovettura privata;In marcia / fermata / arresto;Passeggero;F;Rimandato;0;NON DECEDUTO;Non accertato;Inesploso
2910474;10;22/07/2016 18:00;Strada Urbana;VIA DI PASSO LOMBARDO;da specificare;;;;imbocco Autostrada Roma-Napoli;Scontro frontale fra veicoli in marcia;Curva senza visuale libera;Una carreggiata a doppio senso;Asciutto;Asfaltata;Verticale ed orizzontale;Sereno;Normale;Sufficiente;Ore Diurne;5;0;0;0;12.63112;41.8399;-1;2;Autovettura privata;In marcia / fermata / arresto;Passeggero;M;Rimandato;0;NON DECEDUTO;Non accertato;Inesploso
2910475;11;24/07/2016 18:00;Strada Urbana;VIA SALVATORE DI GIACOMO;da specificare;;;;in prossimità del civico 70;Scontro frontale/laterale SX fra veicoli in marcia;Rettilineo;Due carreggiate;Asciutto;Asfaltata;Verticale ed orizzontale;Sereno;Scarso;Buona;Ore Diurne;0;0;0;2;12.48794;41.84603;-1;1;Autovettura privata;In marcia / fermata / arresto;Conducente;F;Illeso;0;;Non accertato;Inesploso
2910475;11;24/07/2016 18:00;Strada Urbana;VIA SALVATORE DI GIACOMO;da specificare;;;;in prossimità del civico 70;Scontro frontale/laterale SX fra veicoli in marcia;Rettilineo;Due carreggiate;Asciutto;Asfaltata;Verticale ed orizzontale;Sereno;Scarso;Buona;Ore Diurne;0;0;0;2;12.48794;41.84603;-1;2;Autovettura privata;In marcia / fermata / arresto;Conducente;M;Illeso;0;;Non accertato;
2910477;8;23/07/2016 12:00;Statale entro l'abitato;VIA CASILINA;in corrispondenza;;del palo luce n.;589;;Scontro laterale fra veicoli in marcia;Curva a visuale libera;Una carreggiata a doppio senso;Asciutto;Asfaltata;Orizzontale;Nuvoloso;Intenso;Buona;Ore Diurne;5;0;0;0;12.64982;41.86284;-1;1;Autovettura privata;In marcia / fermata / arresto;Conducente;M;Rimandato;0;NON DECEDUTO;Non accertato;Inesploso
2910477;8;23/07/2016 12:00;Statale entro l'abitato;VIA CASILINA;in corrispondenza;;del palo luce n.;589;;Scontro laterale fra veicoli in marcia;Curva a visuale libera;Una carreggiata a doppio senso;Asciutto;Asfaltata;Orizzontale;Nuvoloso;Intenso;Buona;Ore Diurne;5;0;0;0;12.64982;41.86284;-1;1;Autovettura privata;In marcia / fermata / arresto;Passeggero;M;Rimandato;0;NON DECEDUTO;Non accertato;Inesploso
2910477;8;23/07/2016 12:00;Statale entro l'abitato;VIA CASILINA;in corrispondenza;;del palo luce n.;589;;Scontro laterale fra veicoli in marcia;Curva a visuale libera;Una carreggiata a doppio senso;Asciutto;Asfaltata;Orizzontale;Nuvoloso;Intenso;Buona;Ore Diurne;5;0;0;0;12.64982;41.86284;-1;2;Autovettura privata;In marcia / fermata / arresto;Conducente;M;Rimandato;0;NON DECEDUTO;Non accertato;Esploso
2910477;8;23/07/2016 12:00;Statale entro l'abitato;VIA CASILINA;in corrispondenza;;del palo luce n.;589;;Scontro laterale fra veicoli in marcia;Curva a visuale libera;Una carreggiata a doppio senso;Asciutto;Asfaltata;Orizzontale;Nuvoloso;Intenso;Buona;Ore Diurne;5;0;0;0;12.64982;41.86284;-1;2;Autovettura privata;In marcia / fermata / arresto;Passeggero;F;Rimandato;0;NON DECEDUTO;Non accertato;
2910477;8;23/07/2016 12:00;Statale entro l'abitato;VIA CASILINA;in corrispondenza;;del palo luce n.;589;;Scontro laterale fra veicoli in marcia;Curva a visuale libera;Una carreggiata a doppio senso;Asciutto;Asfaltata;Orizzontale;Nuvoloso;Intenso;Buona;Ore Diurne;5;0;0;0;12.64982;41.86284;-1;2;Autovettura privata;In marcia / fermata / arresto;Passeggero;F;Rimandato;0;NON DECEDUTO;;Inesploso
2910478;7;22/07/2016 09:00;Provinciale entro l'abitato;VIA PRENESTINA;da specificare;;;;altezza palo luce  374;Tamponamento;Rettilineo;Una carreggiata a doppio senso;Asciutto;Asfaltata;Verticale ed orizzontale;Sereno;Normale;Buona;Ore Diurne;0;0;0;2;12.58025;41.89387;-1;1;Autovettura privata;In marcia / fermata / arresto;Conducente;F;Illeso;0;;Non accertato;Inesploso
2910478;7;22/07/2016 09:00;Provinciale entro l'abitato;VIA PRENESTINA;da specificare;;;;altezza palo luce  374;Tamponamento;Rettilineo;Una carreggiata a doppio senso;Asciutto;Asfaltata;Verticale ed orizzontale;Sereno;Normale;Buona;Ore Diurne;0;0;0;2;12.58025;41.89387;-1;2;Autovettura privata;In marcia / fermata / arresto;Conducente;F;Illeso;0;;Non accertato;Inesploso
2910480;8;23/07/2016 08:50;Provinciale entro l'abitato;VIA PRENESTINA;in prossimità;;del civico n.;1392;;Tamponamento;Rettilineo;Una carreggiata a doppio senso;Asciutto;Asfaltata;Verticale ed orizzontale;Sereno;Normale;Buona;Ore Diurne;2;0;0;1;12.6478;41.89203;-1;1;Autovettura privata;In marcia / fermata / arresto;Conducente;M;Illeso;0;;Non accertato;Inesploso
2910480;8;23/07/2016 08:50;Provinciale entro l'abitato;VIA PRENESTINA;in prossimità;;del civico n.;1392;;Tamponamento;Rettilineo;Una carreggiata a doppio senso;Asciutto;Asfaltata;Verticale ed orizzontale;Sereno;Normale;Buona;Ore Diurne;2;0;0;1;12.6478;41.89203;-1;2;Autovettura privata;In marcia / fermata / arresto;Conducente;F;Rimandato;0;NON DECEDUTO;Non accertato;Esploso
2910480;8;23/07/2016 08:50;Provinciale entro l'abitato;VIA PRENESTINA;in prossimità;;del civico n.;1392;;Tamponamento;Rettilineo;Una carreggiata a doppio senso;Asciutto;Asfaltata;Verticale ed orizzontale;Sereno;Normale;Buona;Ore Diurne;2;0;0;1;12.6478;41.89203;-1;2;Autovettura privata;In marcia / fermata / arresto;Passeggero;F;Rimandato;0;NON DECEDUTO;Non accertato;Inesploso
2910483;8;24/07/2016 12:00;Strada Urbana;VIA DI S. VITTORINO;in prossimità;;del civico n.;277;;Scontro laterale fra veicoli in marcia;Rettilineo;Una carreggiata a doppio senso;Asciutto;Asfaltata;Verticale ed orizzontale;Nuvoloso;Scarso;Buona;Ore Diurne;0;0;0;3;12.78783;41.91537;-1;1;Autovettura privata;In marcia / fermata / arresto;Conducente;F;Illeso;0;;Non accertato;Inesploso
2910483;8;24/07/2016 12:00;Strada Urbana;VIA DI S. VITTORINO;in prossimità;;del civico n.;277;;Scontro laterale fra veicoli in marcia;Rettilineo;Una carreggiata a doppio senso;Asciutto;Asfaltata;Verticale ed orizzontale;Nuvoloso;Scarso;Buona;Ore Diurne;0;0;0;3;12.78783;41.91537;-1;1;Autovettura privata;In marcia / fermata / arresto;Passeggero;F;Illeso;0;;Non accertato;Inesploso
2910483;8;24/07/2016 12:00;Strada Urbana;VIA DI S. VITTORINO;in prossimità;;del civico n.;277;;Scontro laterale fra veicoli in marcia;Rettilineo;Una carreggiata a doppio senso;Asciutto;Asfaltata;Verticale ed orizzontale;Nuvoloso;Scarso;Buona;Ore Diurne;0;0;0;3;12.78783;41.91537;-1;2;Autovettura privata;In marcia / fermata / arresto;Conducente;F;Illeso;0;;Non accertato;Inesploso