Protocollo;Gruppo;DataOraIncidente;Localizzazione1;STRADA1;Localizzazione2;STRADA2;Strada02;Chilometrica;DaSpecificare;NaturaIncidente;particolaritastrade;TipoStrada;FondoStradale;Pavimentazione;Segnaletica;CondizioneAtmosferica;Traffico;Visibilita;Illuminazione;NUM_FERITI;NUM_RISERVATA;NUM_MORTI;NUM_ILLESI;Longitudine;Latitudine;Confermato;Progressivo;TipoVeicolo;StatoVeicolo;TipoPersona;Sesso;Tipolesione;Deceduto;DecedutoDopo;CinturaCascoUtilizzato;Airbag
2915737;13;28/07/2016 18:10;Strada Urbana;VIA DEI PESCATORI;da specificare;;;;fronte centro cinofilo;Scontro laterale fra veicoli in marcia;Rettilineo;Una carreggiata a doppio senso;Asciutto;Asfaltata;Orizzontale;Sereno;Normale;Buona;Ore Diurne;1;0;0;2;12.31667;41.73767;-1;1;Autovettura privata;In marcia / fermata / arresto;Passeggero;M;Illeso;0;;Non accertato;Inesploso
2915737;13;28/07/2016 18:10;Strada Urbana;VIA DEI PESCATORI;da specificare;;;;fronte centro cinofilo;Scontro laterale fra veicoli in marcia;Rettilineo;Una carreggiata a doppio senso;Asciutto;Asfaltata;Orizzontale;Sereno;Normale;Buona;Ore Diurne;1;0;0;2;12.31667;41.73767;-1;2;Ciclomotore;In marcia / fermata / arresto;Conducente;M;Rimandato;0;NON DECEDUTO;Non accertato;
2915738;7;28/07/2016 17:15;Strada Urbana;VIA PRENESTINA;in prossimità;;del civico n.;940;;Scontro frontale fra veicoli in marcia;Rettilineo;Una carreggiata a doppio senso;Asciutto;Asfaltata;Assente;Sereno;Normale;Buona;Ore Diurne;0;0;0;2;12.59665;41.89358;-1;1;Autovettura privata;In marcia / fermata / arresto;Conducente;M;Illeso;0;;Non accertato;Inesploso
2915738;7;28/07/2016 17:15;Strada Urbana;VIA PRENESTINA;in prossimità;;del civico n.;940;;Scontro frontale fra veicoli in marcia;Rettilineo;Una carreggiata a doppio senso;Asciutto;Asfaltata;Assente;Sereno;Normale;Buona;Ore Diurne;0;0;0;2;12.59665;41.89358;-1;2;Motociclo con passeggero;In marcia / fermata / arresto;Conducente;M;Illeso;0;;Non accertato;
2915752;12;28/07/2016 16:10;Regionale;VIA PONTINA;in prossimità;;della chilometrica;18.3;;Veicolo in marcia contro ostacolo accidentale;Curva a visuale libera;Due carreggiate;Asciutto;Asfaltata;Verticale ed orizzontale;Sereno;Normale;Buona;Ore Diurne;0;0;0;1;12.45106;41.79235;-1;1;Autovettura privata;In marcia / fermata / arresto;Conducente;M;Illeso;0;;Utilizzato;Inesploso
2915757;12;28/07/2016 16:05;Regionale;VIA PONTINA;in prossimità;;della chilometrica;18.3;;Veicolo in marcia contro ostacolo accidentale;Curva a visuale libera;Due carreggiate;Asciutto;Asfaltata;Verticale ed orizzontale;Sereno;Intenso;Buona;Ore Diurne;0;0;0;1;12.45106;41.79235;-1;1;Autovettura privata;In marcia / fermata / arresto;Conducente;F;Illeso;0;;Utilizzato;Inesploso
2915761;13;28/07/2016 14:00;Strada Urbana;VIA LUDOVICO DE FILIPPI;in prossimità;;del civico n.;29;;Veicolo in marcia contro veicolo fermo;Rettilineo;Una carreggiata a doppio senso;Asciutto;Asfaltata;Assente;Sereno;Normale;Buona;Ore Diurne;0;0;0;2;12.28977;41.73377;-1;1;Autovettura privata;In marcia / fermata / arresto;Conducente;F;Illeso;0;;Non accertato;Inesploso
2915761;13;28/07/2016 14:00;Strada Urbana;VIA LUDOVICO DE FILIPPI;in prossimità;;del civico n.;29;;Veicolo in marcia contro veicolo fermo;Rettilineo;Una carreggiata a doppio senso;Asciutto;Asfaltata;Assente;Sereno;Normale;Buona;Ore Diurne;0;0;0;2;12.28977;41.73377;-1;2;Autovettura privata;In marcia / fermata / arresto;Conducente;F;Illeso;0;;Non accertato;Inesploso
2915763;13;28/07/2016 15:10;Strada Urbana;VIA ERMANNO CARLOTTO;all'intersezione con;PIAZZA ENRICO MILLO;PIAZZA ENRICO MILLO;;;Scontro frontale/laterale SX fra veicoli in marcia;Incrocio;Una carreggiata a doppio senso;Asciutto;Asfaltata;Assente;Sereno;Normale;Buona;Ore Diurne;1;0;0;3;12.28987;41.73238;-1;1;Autovettura privata;In marcia / fermata / arresto;Conducente;M;Rimandato;0;NON DECEDUTO;;
2915763;13;28/07/2016 15:10;Strada Urbana;VIA ERMANNO CARLOTTO;all'intersezione con;PIAZZA ENRICO MILLO;PIAZZA ENRICO MILLO;;;Scontro frontale/laterale SX fra veicoli in marcia;Incrocio;Una carreggiata a doppio senso;Asciutto;Asfaltata;Assente;Sereno;Normale;Buona;Ore Diurne;1;0;0;3;12.28987;41.73238;-1;2;Autovettura privata;In marcia / fermata / arresto;Conducente;M;Illeso;0;;Non accertato;Inesploso
2915763;13;28/07/2016 15:10;Strada Urbana;VIA ERMANNO CARLOTTO;all'intersezione con;PIAZZA ENRICO MILLO;PIAZZA ENRICO MILLO;;;Scontro frontale/laterale SX fra veicoli in marcia;Incrocio;Una carreggiata a doppio senso;Asciutto;Asfaltata;Assente;Sereno;Normale;Buona;Ore Diurne;1;0;0;3;12.28987;41.73238;-1;2;Autovettura privata;In marcia / fermata / arresto;Passeggero;M;Illeso;0;;Non accertato;Inesploso
2915763;13;28/07/2016 15:10;Strada Urbana;VIA ERMANNO CARLOTTO;all'intersezione con;PIAZZA ENRICO MILLO;PIAZZA ENRICO MILLO;;;Scontro frontale/laterale SX fra veicoli in marcia;Incrocio;Una carreggiata a doppio senso;Asciutto;Asfaltata;Assente;Sereno;Normale;Buona;Ore Diurne;1;0;0;3;12.28987;41.73238;-1;2;Autovettura privata;In marcia / fermata / arresto;Passeggero;F;Illeso;0;;Non accertato;Inesploso
2915765;18;28/07/2016 14:10;Strada Urbana;VIA BRA;all'intersezione semaforizzata con;VIA DI BOCCEA;VIA DI BOCCEA;;;Veicolo in marcia contro ostacolo accidentale;Intersezione semaforizzata;Una carreggiata a senso unico di marcia;Bagnato (pioggia);Asfaltata;Verticale ed orizzontale;Sereno;Scarso;Buona;Ore Diurne;0;0;0;1;12.41342;41.90193;-1;1;Motociclo a solo;In marcia / fermata / arresto;Conducente;M;Illeso;0;;;
2915772;15;28/07/2016 10:45;Strada Urbana;VIA QUIRINO MAJORANA;da specificare;;;;FRONTE VIA POZZO PANTALEO ;Tamponamento Multiplo;Rettilineo;Una carreggiata a doppio senso;Asciutto;Asfaltata;Orizzontale;Sereno;Normale;Buona;Ore Diurne;1;0;0;2;12.46395;41.86648;-1;1;Autovettura privata;In marcia / fermata / arresto;Conducente;M;Illeso;0;;;
2915772;15;28/07/2016 10:45;Strada Urbana;VIA QUIRINO MAJORANA;da specificare;;;;FRONTE VIA POZZO PANTALEO ;Tamponamento Multiplo;Rettilineo;Una carreggiata a doppio senso;Asciutto;Asfaltata;Orizzontale;Sereno;Normale;Buona;Ore Diurne;1;0;0;2;12.46395;41.86648;-1;2;Autovettura privata;In marcia / fermata / arresto;Conducente;F;Rimandato;0;NON DECEDUTO;;
2915772;15;28/07/2016 10:45;Strada Urbana;VIA QUIRINO MAJORANA;da specificare;;;;FRONTE VIA POZZO PANTALEO ;Tamponamento Multiplo;Rettilineo;Una carreggiata a doppio senso;Asciutto;Asfaltata;Orizzontale;Sereno;Normale;Buona;Ore Diurne;1;0;0;2;12.46395;41.86648;-1;3;Autovettura privata;In marcia / fermata / arresto;Conducente;F;Illeso;0;;;
2915779;13;28/07/2016 12:55;Provinciale entro l'abitato;VIA OSTIENSE;in corrispondenza;;della chilometrica;25.45;;Tamponamento;Rettilineo;Una carreggiata a doppio senso;Asciutto;Asfaltata;Verticale ed orizzontale;Sereno;Normale;Buona;Ore Diurne;0;0;1;1;12.28903;41.74679;-1;1;Autovettura privata;In marcia / fermata / arresto;Conducente;M;Illeso;0;;Non accertato;Inesploso
2915779;13;28/07/2016 12:55;Provinciale entro l'abitato;VIA OSTIENSE;in corrispondenza;;della chilometrica;25.45;;Tamponamento;Rettilineo;Una carreggiata a doppio senso;Asciutto;Asfaltata;Verticale ed orizzontale;Sereno;Normale;Buona;Ore Diurne;0;0;1;1;12.28903;41.74679;-1;2;Velocipede;In marcia / fermata / arresto;Conducente;M;Deceduto sul posto;-1;;Esente;
2915783;5;28/07/2016 07:40;Strada Urbana;VIA TIBURTINA;in prossimità;;del civico n.;1361;;Scontro laterale fra veicoli in marcia;Rettilineo;Due carreggiate;Asciutto;Asfaltata;Orizzontale;Sereno;Intenso;Buona;Ore Diurne;0;0;0;2;12.61971;41.93779;-1;1;Autovettura privata;In marcia / fermata / arresto;Conducente;M;Illeso;0;;Non accertato;Inesploso
2915783;5;28/07/2016 07:40;Strada Urbana;VIA TIBURTINA;in prossimità;;del civico n.;1361;;Scontro laterale fra veicoli in marcia;Rettilineo;Due carreggiate;Asciutto;Asfaltata;Orizzontale;Sereno;Intenso;Buona;Ore Diurne;0;0;0;2;12.61971;41.93779;-1;2;Autocarro inferiore 35 q.;In marcia / fermata / arresto;Conducente;M;Illeso;0;;Non accertato;Inesploso
2915787;11;28/07/2016 12:20;Strada Urbana;VIA DELLA MOLETTA;all'intersezione con;PIAZZA ATTILIO PECILE;PIAZZA ATTILIO PECILE;;;Scontro laterale fra veicoli in marcia;Incrocio;Una carreggiata a senso unico di marcia;Asciutto;Asfaltata;Verticale ed orizzontale;Sereno;Scarso;Buona;Ore Diurne;0;0;0;2;12.48634;41.86894;-1;1;Autovettura privata;In marcia / fermata / arresto;Conducente;M;Illeso;0;;Non accertato;Inesploso
2915787;11;28/07/2016 12:20;Strada Urbana;VIA DELLA MOLETTA;all'intersezione con;PIAZZA ATTILIO PECILE;PIAZZA ATTILIO PECILE;;;Scontro laterale fra veicoli in marcia;Incrocio;Una carreggiata a senso unico di marcia;Asciutto;Asfaltata;Verticale ed orizzontale;Sereno;Scarso;Buona;Ore Diurne;0;0;0;2;12.48634;41.86894;-1;2;Autovettura privata;In marcia / fermata / arresto;Conducente;M;Illeso;0;;Non accertato;Inesploso
2915788;5;28/07/2016 14:35;Strada Urbana;VIA DONATO MENICHELLA;all'intersezione con;VIA PIER SILVERIO LEICHT;VIA PIER SILVERIO LEICHT;;;Scontro frontale/laterale SX fra veicoli in marcia;Incrocio;Una carreggiata a senso unico di marcia;Asciutto;Asfaltata;Verticale ed orizzontale;Sereno;Scarso;Buona;Ore Diurne;0;0;0;2;12.5842;41.94869;-1;1;Autovettura privata;In marcia / fermata / arresto;Conducente;F;Illeso;0;;Non accertato;
2915788;5;28/07/2016 14:35;Strada Urbana;VIA DONATO MENICHELLA;all'intersezione con;VIA PIER SILVERIO LEICHT;VIA PIER SILVERIO LEICHT;;;Scontro frontale/laterale SX fra veicoli in marcia;Incrocio;Una carreggiata a senso unico di marcia;Asciutto;Asfaltata;Verticale ed orizzontale;Sereno;Scarso;Buona;Ore Diurne;0;0;0;2;12.5842;41.94869;-1;2;Autovettura privata;In marcia / fermata / arresto;Conducente;M;Illeso;0;;Non accertato;
2915789;5;28/07/2016 19:30;Strada Urbana;VIA ANTONIO BALDISSERA;in corrispondenza;;del civico n.;1;;Scontro laterale fra veicoli in marcia;Rettilineo;Una carreggiata a senso unico di marcia;Asciutto;Asfaltata;Verticale ed orizzontale;Sereno;Normale;Buona;Ore Diurne;0;0;0;4;12.53598;41.8979;-1;1;Autovettura privata;In marcia / fermata / arresto;Conducente;M;Illeso;0;;Non accertato;Inesploso
2915789;5;28/07/2016 19:30;Strada Urbana;VIA ANTONIO BALDISSERA;in corrispondenza;;del civico n.;1;;Scontro laterale fra veicoli in marcia;Rettilineo;Una carreggiata a senso unico di marcia;Asciutto;Asfaltata;Verticale ed orizzontale;Sereno;Normale;Buona;Ore Diurne;0;0;0;4;12.53598;41.8979;-1;1;Autovettura privata;In marcia / fermata / arresto;Passeggero;F;Illeso;0;;Non accertato;Inesploso
2915789;5;28/07/2016 19:30;Strada Urbana;VIA ANTONIO BALDISSERA;in corrispondenza;;del civico n.;1;;Scontro laterale fra veicoli in marcia;Rettilineo;Una carreggiata a senso unico di marcia;Asciutto;Asfaltata;Verticale ed orizzontale;Sereno;Normale;Buona;Ore Diurne;0;0;0;4;12.53598;41.8979;-1;2;Autovettura privata;In marcia / fermata / arresto;Conducente;M;Illeso;0;;Non accertato;Inesploso
2915789;5;28/07/2016 19:30;Strada Urbana;VIA ANTONIO BALDISSERA;in corrispondenza;;del civico n.;1;;Scontro laterale fra veicoli in marcia;Rettilineo;Una carreggiata a senso unico di marcia;Asciutto;Asfaltata;Verticale ed orizzontale;Sereno;Normale;Buona;Ore Diurne;0;0;0;4;12.53598;41.8979;-1;2;Autovettura privata;In marcia / fermata / arresto;Passeggero;F;Illeso;0;;Non accertato;Inesploso
2915792;20;28/07/2016 07:10;Strada Urbana;LUNGOTEVERE MARESCIALLO DIAZ;all'intersezione semaforizzata con;VIALE DEL MINISTERO DEGLI AFFARI ESTERI;VIALE DEL MINISTERO DEGLI AFFARI ESTERI;;;Tamponamento;Incrocio;Due carreggiate;Asciutto;Asfaltata;Verticale ed orizzontale;Sereno;Scarso;Buona;Ore Diurne;0;0;0;4;12.46195;41.93395;-1;1;Autovettura privata;In marcia / fermata / arresto;Conducente;M;Illeso;0;;Non accertato;
2915792;20;28/07/2016 07:10;Strada Urbana;LUNGOTEVERE MARESCIALLO DIAZ;all'intersezione semaforizzata con;VIALE DEL MINISTERO DEGLI AFFARI ESTERI;VIALE DEL MINISTERO DEGLI AFFARI ESTERI;;;Tamponamento;Incrocio;Due carreggiate;Asciutto;Asfaltata;Verticale ed orizzontale;Sereno;Scarso;Buona;Ore Diurne;0;0;0;4;12.46195;41.93395;-1;1;Autovettura privata;In marcia / fermata / arresto;Passeggero;M;Illeso;0;;;
2915792;20;28/07/2016 07:10;Strada Urbana;LUNGOTEVERE MARESCIALLO DIAZ;all'intersezione semaforizzata con;VIALE DEL MINISTERO DEGLI AFFARI ESTERI;VIALE DEL MINISTERO DEGLI AFFARI ESTERI;;;Tamponamento;Incrocio;Due carreggiate;Asciutto;Asfaltata;Verticale ed orizzontale;Sereno;Scarso;Buona;Ore Diurne;0;0;0;4;12.46195;41.93395;-1;1;Autovettura privata;In marcia / fermata / arresto;Passeggero;M;Illeso;0;;;
2915792;20;28/07/2016 07:10;Strada Urbana;LUNGOTEVERE MARESCIALLO DIAZ;all'intersezione semaforizzata con;VIALE DEL MINISTERO DEGLI AFFARI ESTERI;VIALE DEL MINISTERO DEGLI AFFARI ESTERI;;;Tamponamento;Incrocio;Due carreggiate;Asciutto;Asfaltata;Verticale ed orizzontale;Sereno;Scarso;Buona;Ore Diurne;0;0;0;4;12.46195;41.93395;-1;2;Autovettura privata;In marcia / fermata / arresto;Conducente;M;Illeso;0;;;
2915793;5;28/07/2016 18:20;Strada Urbana;VIA DI TOR CERVARA;all'intersezione con;VIA LICORIDE;VIA LICORIDE;;;Scontro frontale/laterale SX fra veicoli in marcia;Incrocio;Una carreggiata a doppio senso;Asciutto;Asfaltata;Verticale ed orizzontale;Sereno;Normale;Buona;Ore Diurne;1;0;0;1;12.58931;41.91924;-1;1;Autovettura privata;In marcia / fermata / arresto;Conducente;M;Illeso;0;;Non accertato;Inesploso
2915793;5;28/07/2016 18:20;Strada Urbana;VIA DI TOR CERVARA;all'intersezione con;VIA LICORIDE;VIA LICORIDE;;;Scontro frontale/laterale SX fra veicoli in marcia;Incrocio;Una carreggiata a doppio senso;Asciutto;Asfaltata;Verticale ed orizzontale;Sereno;Normale;Buona;Ore Diurne;1;0;0;1;12.58931;41.91924;-1;2;Autovettura privata;In marcia / fermata / arresto;Conducente;M;Rimandato;0;NON DECEDUTO;Non accertato;Inesploso
2915795;11;29/07/2016 06:30;Strada Urbana;VIA OSTIENSE;all'intersezione semaforizzata con;PIAZZA DEL GAZOMETRO;PIAZZA DEL GAZOMETRO;;;Scontro frontale/laterale SX fra veicoli in marcia;Incrocio;Più di due carreggiate;Asciutto;Asfaltata;Verticale ed orizzontale;Sereno;Normale;Buona;Ore Diurne;0;0;0;2;12.47958;41.87014;-1;1;Autovettura privata;In marcia / fermata / arresto;Conducente;M;Illeso;0;;Non accertato;Esploso
2915795;11;29/07/2016 06:30;Strada Urbana;VIA OSTIENSE;all'intersezione semaforizzata con;PIAZZA DEL GAZOMETRO;PIAZZA DEL GAZOMETRO;;;Scontro frontale/laterale SX fra veicoli in marcia;Incrocio;Più di due carreggiate;Asciutto;Asfaltata;Verticale ed orizzontale;Sereno;Normale;Buona;Ore Diurne;0;0;0;2;12.47958;41.87014;-1;2;Autovettura privata;In marcia / fermata / arresto;Conducente;M;Illeso;0;;Non accertato;Inesploso
2915800;20;28/07/2016 16:20;Strada Urbana;VIA ROCCAPORENA;in corrispondenza;;del civico n.;9;;Veicolo in marcia contro veicolo in sosta;Rettilineo;Una carreggiata a senso unico di marcia;Asciutto;Asfaltata;Verticale ed orizzontale;Sereno;Normale;Buona;Ore Diurne;0;0;0;2;12.47345;41.94504;-1;1;Autovettura privata;In marcia / fermata / arresto;Conducente;M;Illeso;0;;;
2915800;20;28/07/2016 16:20;Strada Urbana;VIA ROCCAPORENA;in corrispondenza;;del civico n.;9;;Veicolo in marcia contro veicolo in sosta;Rettilineo;Una carreggiata a senso unico di marcia;Asciutto;Asfaltata;Verticale ed orizzontale;Sereno;Normale;Buona;Ore Diurne;0;0;0;2;12.47345;41.94504;-1;1;Autovettura privata;In marcia / fermata / arresto;Passeggero;F;Illeso;0;;;
2915809;11;28/07/2016 21:00;Strada Urbana;VICOLO DEL MONTE DELLE CAPRE;in prossimità;;del civico n.;76;;Veicolo in marcia contro ostacolo fisso;Rettilineo;Una carreggiata a senso unico di marcia;Asciutto;Asfaltata;Assente;Sereno;Scarso;Buona;Sufficiente;0;0;0;1;12.42911;41.84725;-1;1;Autocarro inferiore 35 q.;In marcia / fermata / arresto;Conducente;M;Illeso;0;;Non accertato;
2915810;20;28/07/2016 19:20;Strada Urbana;VIA JONAS EDWARD SALK;in prossimità;;del palo luce n.;1;;Ribaltamento senza urto contro ostacolo fisso;Curva senza visuale libera;Una carreggiata a doppio senso;Asciutto;Asfaltata;Orizzontale;Sereno;Normale;Buona;Ore Diurne;1;0;0;0;12.48282;41.98761;-1;1;Motociclo a solo;In marcia / fermata / arresto;Conducente;M;Rimandato;0;NON DECEDUTO;Non accertato;
2915814;19;28/07/2016 07:50;Strada Urbana;VIA GALLICANO NEL LAZIO;in prossimità;;del civico n.;65;;Veicolo in marcia contro veicolo fermo;Curva a visuale libera;Una carreggiata a senso unico di marcia;Asciutto;Asfaltata;Assente;Sereno;Scarso;Buona;Ore Diurne;2;0;0;1;12.40407;41.9663;-1;1;Autovettura privata;In marcia / fermata / arresto;Conducente;M;Illeso;0;;Non accertato;Inesploso
2915814;19;28/07/2016 07:50;Strada Urbana;VIA GALLICANO NEL LAZIO;in prossimità;;del civico n.;65;;Veicolo in marcia contro veicolo fermo;Curva a visuale libera;Una carreggiata a senso unico di marcia;Asciutto;Asfaltata;Assente;Sereno;Scarso;Buona;Ore Diurne;2;0;0;1;12.40407;41.9663;-1;2;Motociclo a solo;In marcia / fermata / arresto;Conducente;M;Rimandato;0;NON DECEDUTO;Non accertato;
2915814;19;28/07/2016 07:50;Strada Urbana;VIA GALLICANO NEL LAZIO;in prossimità;;del civico n.;65;;Veicolo in marcia contro veicolo fermo;Curva a visuale libera;Una carreggiata a senso unico di marcia;Asciutto;Asfaltata;Assente;Sereno;Scarso;Buona;Ore Diurne;2;0;0;1;12.40407;41.9663;-1;2;Motociclo a solo;In marcia / fermata / arresto;Passeggero;F;Rimandato;0;NON DECEDUTO;Non accertato;
2915820;13;28/07/2016 09:05;Strada Urbana;VIA DI CASTEL FUSANO;da specificare;;;;pross. via A. Chigi;Tamponamento;Rettilineo;Una carreggiata a doppio senso;Asciutto;Asfaltata;Orizzontale;Sereno;Intenso;Buona;Ore Diurne;0;0;0;2;12.31188;41.74604;-1;1;Autovettura privata;In marcia / fermata / arresto;Conducente;F;Illeso;0;;Non accertato;Inesploso
2915820;13;28/07/2016 09:05;Strada Urbana;VIA DI CASTEL FUSANO;da specificare;;;;pross. via A. Chigi;Tamponamento;Rettilineo;Una carreggiata a doppio senso;Asciutto;Asfaltata;Orizzontale;Sereno;Intenso;Buona;Ore Diurne;0;0;0;2;12.31188;41.74604;-1;2;Autocarro inferiore 35 q.;In marcia / fermata / arresto;Conducente;M;Illeso;0;;Non accertato;Inesploso
2915838;20;28/07/2016 19:30;Strada Urbana;VIA CASSIA NUOVA;all'intersezione semaforizzata con;LARGO PASQUALE SARACENO;LARGO PASQUALE SARACENO;;;Scontro frontale/laterale SX fra veicoli in marcia;Intersezione semaforizzata;Una carreggiata a doppio senso;Asciutto;Asfaltata;Verticale ed orizzontale;Sereno;Normale;Buona;Ore Diurne;2;0;0;0;12.46764;41.95135;-1;1;Autovettura privata;In marcia / fermata / arresto;Conducente;F;Rimandato;0;NON DECEDUTO;;
2915838;20;28/07/2016 19:30;Strada Urbana;VIA CASSIA NUOVA;all'intersezione semaforizzata con;LARGO PASQUALE SARACENO;LARGO PASQUALE SARACENO;;;Scontro frontale/laterale SX fra veicoli in marcia;Intersezione semaforizzata;Una carreggiata a doppio senso;Asciutto;Asfaltata;Verticale ed orizzontale;Sereno;Normale;Buona;Ore Diurne;2;0;0;0;12.46764;41.95135;-1;2;Motociclo a solo;In marcia / fermata / arresto;Conducente;M;Rimandato;0;NON DECEDUTO;;
2915842;20;28/07/2016 19:30;Strada Urbana;VIA DEL FORO ITALICO;da specificare;;;;altezza svincolo Ponte Milvio Lungotevere;Scontro frontale/laterale DX fra veicoli in marcia;Rettilineo;Due carreggiate;Asciutto;Asfaltata;Verticale ed orizzontale;Sereno;Normale;Buona;Ore Diurne;0;1;0;1;12.47998;41.94054;-1;1;Autovettura privata;In marcia / fermata / arresto;Conducente;F;Illeso;0;;;
2915842;20;28/07/2016 19:30;Strada Urbana;VIA DEL FORO ITALICO;da specificare;;;;altezza svincolo Ponte Milvio Lungotevere;Scontro frontale/laterale DX fra veicoli in marcia;Rettilineo;Due carreggiate;Asciutto;Asfaltata;Verticale ed orizzontale;Sereno;Normale;Buona;Ore Diurne;0;1;0;1;12.47998;41.94054;-1;2;Motociclo a solo;In marcia / fermata / arresto;Conducente;M;Prognosi riservata;0;NON DECEDUTO;;
2915847;13;28/07/2016 09:35;Strada Urbana;VIA EDOARDO GIOJA;all'intersezione con;VIA FRANCESCO MENZIO;VIA FRANCESCO MENZIO;;;Scontro laterale fra veicoli in marcia;Intersezione stradale segnalata;Una carreggiata a doppio senso;Asciutto;Asfaltata;Verticale ed orizzontale;Sereno;Scarso;Buona;Ore Diurne;1;0;0;1;12.37434;41.77447;-1;1;Autovettura privata;In marcia / fermata / arresto;Conducente;F;Rimandato;0;NON DECEDUTO;Non accertato;Inesploso
2915847;13;28/07/2016 09:35;Strada Urbana;VIA EDOARDO GIOJA;all'intersezione con;VIA FRANCESCO MENZIO;VIA FRANCESCO MENZIO;;;Scontro laterale fra veicoli in marcia;Intersezione stradale segnalata;Una carreggiata a doppio senso;Asciutto;Asfaltata;Verticale ed orizzontale;Sereno;Scarso;Buona;Ore Diurne;1;0;0;1;12.37434;41.77447;-1;2;Autovettura privata;In marcia / fermata / arresto;Conducente;F;Illeso;0;;;
2915862;17;28/07/2016 15:15;Strada Urbana;VIALE VATICANO;in corrispondenza;;del civico n.;89;;Scontro frontale/laterale DX fra veicoli in marcia;Curva senza visuale libera;Una carreggiata a doppio senso;Asciutto;Asfaltata;Verticale ed orizzontale;Sereno;Normale;Buona;Ore Diurne;1;0;0;2;12.45146;41.90669;-1;1;Autovettura privata;In marcia / fermata / arresto;Conducente;M;Illeso;0;;Non accertato;Inesploso
2915862;17;28/07/2016 15:15;Strada Urbana;VIALE VATICANO;in corrispondenza;;del civico n.;89;;Scontro frontale/laterale DX fra veicoli in marcia;Curva senza visuale libera;Una carreggiata a doppio senso;Asciutto;Asfaltata;Verticale ed orizzontale;Sereno;Normale;Buona;Ore Diurne;1;0;0;2;12.45146;41.90669;-1;1;Autovettura privata;In marcia / fermata / arresto;Passeggero;M;Illeso;0;;Non accertato;Inesploso
2915862;17;28/07/2016 15:15;Strada Urbana;VIALE VATICANO;in corrispondenza;;del civico n.;89;;Scontro frontale/laterale DX fra veicoli in marcia;Curva senza visuale libera;Una carreggiata a doppio senso;Asciutto;Asfaltata;Verticale ed orizzontale;Sereno;Normale;Buona;Ore Diurne;1;0;0;2;12.45146;41.90669;-1;2;Motociclo a solo;In marcia / fermata / arresto;Conducente;M;Rimandato;0;NON DECEDUTO;Non accertato;
2915871;8;28/07/2016 11:00;Strada Urbana;VIA TERMINI IMERESE;in corrispondenza;;del civico n.;59;;Scontro frontale/laterale SX fra veicoli in marcia;Rettilineo;Una carreggiata a doppio senso;Asciutto;Asfaltata;Verticale;Sereno;Normale;Buona;Ore Diurne;0;0;0;2;12.65689;41.87118;-1;1;Autovettura privata;In marcia / fermata / arresto;Conducente;F;Illeso;0;;Non accertato;Inesploso
2915871;8;28/07/2016 11:00;Strada Urbana;VIA TERMINI IMERESE;in corrispondenza;;del civico n.;59;;Scontro frontale/laterale SX fra veicoli in marcia;Rettilineo;Una carreggiata a doppio senso;Asciutto;Asfaltata;Verticale;Sereno;Normale;Buona;Ore Diurne;0;0;0;2;12.65689;41.87118;-1;2;Autovettura privata;In marcia / fermata / arresto;Conducente;F;Illeso;0;;Non accertato;Inesploso
2915875;8;28/07/2016 11:00;Strada Urbana;VIA TORTORICI;in corrispondenza;;del civico n.;60;;Veicolo in marcia contro ostacolo fisso;Rettilineo;Una carreggiata a senso unico di marcia;Asciutto;Asfaltata;Assente;Sereno;Scarso;Sufficiente;Ore Diurne;0;0;0;1;12.69247;41.86502;-1;1;Autovettura privata;In marcia / fermata / arresto;Conducente;M;Illeso;0;;Non accertato;Inesploso
2915879;8;28/07/2016 12:00;Strada Urbana;VIALE DELLA SORBONA;da specificare;;;;altezza inversione di marcia via Stanford;Tamponamento;Rettilineo;Due carreggiate;Asciutto;Asfaltata;Verticale ed orizzontale;Sereno;Intenso;Buona;Ore Diurne;3;0;0;0;12.61206;41.85464;-1;1;Autovettura privata;In marcia / fermata / arresto;Conducente;F;Rimandato;0;NON DECEDUTO;Non accertato;Inesploso
2915879;8;28/07/2016 12:00;Strada Urbana;VIALE DELLA SORBONA;da specificare;;;;altezza inversione di marcia via Stanford;Tamponamento;Rettilineo;Due carreggiate;Asciutto;Asfaltata;Verticale ed orizzontale;Sereno;Intenso;Buona;Ore Diurne;3;0;0;0;12.61206;41.85464;-1;2;Autovettura privata;In marcia / fermata / arresto;Conducente;F;Rimandato;0;NON DECEDUTO;Non accertato;Inesploso
2915879;8;28/07/2016 12:00;Strada Urbana;VIALE DELLA SORBONA;da specificare;;;;altezza inversione di marcia via Stanford;Tamponamento;Rettilineo;Due carreggiate;Asciutto;Asfaltata;Verticale ed orizzontale;Sereno;Intenso;Buona;Ore Diurne;3;0;0;0;12.61206;41.85464;-1;2;Autovettura privata;In marcia / fermata / arresto;Passeggero;M;Rimandato;0;NON DECEDUTO;Non accertato;Inesploso
2915881;8;28/07/2016 12:10;Strada Urbana;VIALE PAOLO FERDINANDO QUAGLIA;in prossimità;;del civico n.;132;;Scontro laterale fra veicoli in marcia;Rettilineo;Una carreggiata a doppio senso;Asciutto;Asfaltata;Verticale ed orizzontale;Sereno;Normale;Buona;Ore Diurne;1;0;0;1;12.64094;41.86838;-1;1;Autovettura privata;In marcia / fermata / arresto;Conducente;F;Illeso;0;;Non accertato;Inesploso