Protocollo;Gruppo;DataOraIncidente;Localizzazione1;STRADA1;Localizzazione2;STRADA2;Strada02;Chilometrica;DaSpecificare;NaturaIncidente;particolaritastrade;TipoStrada;FondoStradale;Pavimentazione;Segnaletica;CondizioneAtmosferica;Traffico;Visibilita;Illuminazione;NUM_FERITI;NUM_RISERVATA;NUM_MORTI;NUM_ILLESI;Longitudine;Latitudine;Confermato;Progressivo;TipoVeicolo;StatoVeicolo;TipoPersona;Sesso;Tipolesione;Deceduto;DecedutoDopo;CinturaCascoUtilizzato;Airbag
2917446;2;29/07/2016 13:40;Strada Urbana;VIA ADIGE;all'intersezione con;VIA AGRI;VIA AGRI;;;Scontro frontale/laterale SX fra veicoli in marcia;Incrocio;Una carreggiata a senso unico di marcia;Asciutto;Asfaltata;Verticale;Sereno;Normale;Buona;Ore Diurne;0;0;0;2;12.50424;41.92091;-1;1;Autovettura privata;In marcia / fermata / arresto;Conducente;M;Illeso;0;;Non accertato;Inesploso
2917446;2;29/07/2016 13:40;Strada Urbana;VIA ADIGE;all'intersezione con;VIA AGRI;VIA AGRI;;;Scontro frontale/laterale SX fra veicoli in marcia;Incrocio;Una carreggiata a senso unico di marcia;Asciutto;Asfaltata;Verticale;Sereno;Normale;Buona;Ore Diurne;0;0;0;2;12.50424;41.92091;-1;2;Autovettura privata;In marcia / fermata / arresto;Conducente;F;Illeso;0;;Non accertato;Inesploso
2917450;2;29/07/2016 15:35;Strada Urbana;VIA CERESIO;in prossimità;;del civico n.;9;;Scontro laterale fra veicoli in marcia;Rettilineo;Una carreggiata a senso unico di marcia;Asciutto;Asfaltata;Verticale ed orizzontale;Sereno;Normale;Buona;Ore Diurne;0;0;0;5;12.50729;41.92517;-1;1;Autovettura privata;In marcia / fermata / arresto;Conducente;F;Illeso;0;;;
2917450;2;29/07/2016 15:35;Strada Urbana;VIA CERESIO;in prossimità;;del civico n.;9;;Scontro laterale fra veicoli in marcia;Rettilineo;Una carreggiata a senso unico di marcia;Asciutto;Asfaltata;Verticale ed orizzontale;Sereno;Normale;Buona;Ore Diurne;0;0;0;5;12.50729;41.92517;-1;2;Autovettura privata;In marcia / fermata / arresto;Conducente;M;Illeso;0;;;
2917450;2;29/07/2016 15:35;Strada Urbana;VIA CERESIO;in prossimità;;del civico n.;9;;Scontro laterale fra veicoli in marcia;Rettilineo;Una carreggiata a senso unico di marcia;Asciutto;Asfaltata;Verticale ed orizzontale;Sereno;Normale;Buona;Ore Diurne;0;0;0;5;12.50729;41.92517;-1;2;Autovettura privata;In marcia / fermata / arresto;Passeggero;F;Illeso;0;;;
2917450;2;29/07/2016 15:35;Strada Urbana;VIA CERESIO;in prossimità;;del civico n.;9;;Scontro laterale fra veicoli in marcia;Rettilineo;Una carreggiata a senso unico di marcia;Asciutto;Asfaltata;Verticale ed orizzontale;Sereno;Normale;Buona;Ore Diurne;0;0;0;5;12.50729;41.92517;-1;2;Autovettura privata;In marcia / fermata / arresto;Passeggero;M;Illeso;0;;;
2917450;2;29/07/2016 15:35;Strada Urbana;VIA CERESIO;in prossimità;;del civico n.;9;;Scontro laterale fra veicoli in marcia;Rettilineo;Una carreggiata a senso unico di marcia;Asciutto;Asfaltata;Verticale ed orizzontale;Sereno;Normale;Buona;Ore Diurne;0;0;0;5;12.50729;41.92517;-1;2;Autovettura privata;In marcia / fermata / arresto;Passeggero;M;Illeso;0;;;
2917451;2;29/07/2016 16:15;Strada Urbana;VIA ELEONORA DUSE;all'intersezione con;VIA LUIGI BELLOTTI BON;VIA LUIGI BELLOTTI BON;;;Scontro frontale/laterale DX fra veicoli in marcia;Incrocio;Una carreggiata a senso unico di marcia;Asciutto;Asfaltata;Verticale ed orizzontale;Sereno;Scarso;Buona;Ore Diurne;1;0;0;1;12.49186;41.9284;-1;1;Autovettura privata;In marcia / fermata / arresto;Conducente;M;Illeso;0;;;
2917451;2;29/07/2016 16:15;Strada Urbana;VIA ELEONORA DUSE;all'intersezione con;VIA LUIGI BELLOTTI BON;VIA LUIGI BELLOTTI BON;;;Scontro frontale/laterale DX fra veicoli in marcia;Incrocio;Una carreggiata a senso unico di marcia;Asciutto;Asfaltata;Verticale ed orizzontale;Sereno;Scarso;Buona;Ore Diurne;1;0;0;1;12.49186;41.9284;-1;2;Motociclo a solo;In marcia / fermata / arresto;Conducente;M;Ricoverato;0;NON DECEDUTO;;
2917452;2;29/07/2016 17:15;Strada Urbana;VIALE TIZIANO;all'intersezione con;VIA FRANCESCO JACOVACCI;VIA FRANCESCO JACOVACCI;;;Veicolo in marcia contro veicoli in sosta;Incrocio;Una carreggiata a senso unico di marcia;Asciutto;Asfaltata;Verticale ed orizzontale;Sereno;Normale;Buona;Ore Diurne;1;0;0;1;12.47157;41.92443;-1;1;Autovettura privata;In marcia / fermata / arresto;Conducente;M;Illeso;0;;;
2917452;2;29/07/2016 17:15;Strada Urbana;VIALE TIZIANO;all'intersezione con;VIA FRANCESCO JACOVACCI;VIA FRANCESCO JACOVACCI;;;Veicolo in marcia contro veicoli in sosta;Incrocio;Una carreggiata a senso unico di marcia;Asciutto;Asfaltata;Verticale ed orizzontale;Sereno;Normale;Buona;Ore Diurne;1;0;0;1;12.47157;41.92443;-1;2;Autovettura privata;Sosta;Passeggero;F;Rimandato;0;NON DECEDUTO;;
2917454;2;29/07/2016 20:30;Strada Urbana;VIA JACOPO PASSAVANTI;da specificare;;;;prossimità via della Bufalotta;Scontro frontale fra veicoli in marcia;Curva senza visuale libera;Una carreggiata a doppio senso;Asciutto;Asfaltata;Assente;Sereno;Scarso;Insufficiente;Insufficiente;1;0;0;1;12.55106;41.97189;-1;1;Autovettura privata;In marcia / fermata / arresto;Conducente;F;Rimandato;0;NON DECEDUTO;;
2917454;2;29/07/2016 20:30;Strada Urbana;VIA JACOPO PASSAVANTI;da specificare;;;;prossimità via della Bufalotta;Scontro frontale fra veicoli in marcia;Curva senza visuale libera;Una carreggiata a doppio senso;Asciutto;Asfaltata;Assente;Sereno;Scarso;Insufficiente;Insufficiente;1;0;0;1;12.55106;41.97189;-1;2;Autovettura privata;In marcia / fermata / arresto;Conducente;M;Illeso;0;;;
2917504;20;30/07/2016 18:00;Regionale;VIA FLAMINIA;in prossimità;;della chilometrica;16.7;;Fuoriuscita dalla sede stradale;Rettilineo;Una carreggiata a doppio senso;Asciutto;Asfaltata;Verticale ed orizzontale;Sereno;Normale;Buona;Ore Diurne;1;0;0;0;12.48805;42.01485;-1;1;Autovettura privata;In marcia / fermata / arresto;Conducente;F;Ricoverato;0;NON DECEDUTO;Non accertato;
2917533;12;30/07/2016 17:25;Provinciale entro l'abitato;VIA LAURENTINA;all'intersezione semaforizzata con;VIA DI TOR PAGNOTTA;VIA DI TOR PAGNOTTA;;;Scontro laterale fra veicoli in marcia;Intersezione semaforizzata;Due carreggiate;Asciutto;Asfaltata;Verticale ed orizzontale;Sereno;Scarso;Buona;Ore Diurne;0;0;0;3;12.48216;41.80359;-1;1;Autovettura privata;In marcia / fermata / arresto;Conducente;F;Illeso;0;;Non accertato;Inesploso
2917533;12;30/07/2016 17:25;Provinciale entro l'abitato;VIA LAURENTINA;all'intersezione semaforizzata con;VIA DI TOR PAGNOTTA;VIA DI TOR PAGNOTTA;;;Scontro laterale fra veicoli in marcia;Intersezione semaforizzata;Due carreggiate;Asciutto;Asfaltata;Verticale ed orizzontale;Sereno;Scarso;Buona;Ore Diurne;0;0;0;3;12.48216;41.80359;-1;1;Autovettura privata;In marcia / fermata / arresto;Passeggero;F;Illeso;0;;Non accertato;Inesploso
2917533;12;30/07/2016 17:25;Provinciale entro l'abitato;VIA LAURENTINA;all'intersezione semaforizzata con;VIA DI TOR PAGNOTTA;VIA DI TOR PAGNOTTA;;;Scontro laterale fra veicoli in marcia;Intersezione semaforizzata;Due carreggiate;Asciutto;Asfaltata;Verticale ed orizzontale;Sereno;Scarso;Buona;Ore Diurne;0;0;0;3;12.48216;41.80359;-1;2;Motociclo con passeggero;In marcia / fermata / arresto;Conducente;M;Illeso;0;;Utilizzato;
2917536;12;30/07/2016 17:40;Strada Urbana;VIALE BEATA VERGINE DEL CARMELO;in corrispondenza;;del civico n.;186;;Scontro frontale/laterale DX fra veicoli in marcia;Rettilineo;Una carreggiata a doppio senso;Asciutto;Asfaltata;Verticale ed orizzontale;Sereno;Scarso;Buona;Ore Diurne;0;0;0;5;12.43653;41.80714;-1;1;Autovettura privata;In marcia / fermata / arresto;Conducente;M;Illeso;0;;Non accertato;Inesploso
2917536;12;30/07/2016 17:40;Strada Urbana;VIALE BEATA VERGINE DEL CARMELO;in corrispondenza;;del civico n.;186;;Scontro frontale/laterale DX fra veicoli in marcia;Rettilineo;Una carreggiata a doppio senso;Asciutto;Asfaltata;Verticale ed orizzontale;Sereno;Scarso;Buona;Ore Diurne;0;0;0;5;12.43653;41.80714;-1;1;Autovettura privata;In marcia / fermata / arresto;Passeggero;F;Illeso;0;;Non accertato;Inesploso
2917536;12;30/07/2016 17:40;Strada Urbana;VIALE BEATA VERGINE DEL CARMELO;in corrispondenza;;del civico n.;186;;Scontro frontale/laterale DX fra veicoli in marcia;Rettilineo;Una carreggiata a doppio senso;Asciutto;Asfaltata;Verticale ed orizzontale;Sereno;Scarso;Buona;Ore Diurne;0;0;0;5;12.43653;41.80714;-1;1;Autovettura privata;In marcia / fermata / arresto;Passeggero;F;Illeso;0;;Non accertato;Inesploso
2917536;12;30/07/2016 17:40;Strada Urbana;VIALE BEATA VERGINE DEL CARMELO;in corrispondenza;;del civico n.;186;;Scontro frontale/laterale DX fra veicoli in marcia;Rettilineo;Una carreggiata a doppio senso;Asciutto;Asfaltata;Verticale ed orizzontale;Sereno;Scarso;Buona;Ore Diurne;0;0;0;5;12.43653;41.80714;-1;2;Autovettura privata;In marcia / fermata / arresto;Conducente;M;Illeso;0;;Non accertato;Inesploso
2917536;12;30/07/2016 17:40;Strada Urbana;VIALE BEATA VERGINE DEL CARMELO;in corrispondenza;;del civico n.;186;;Scontro frontale/laterale DX fra veicoli in marcia;Rettilineo;Una carreggiata a doppio senso;Asciutto;Asfaltata;Verticale ed orizzontale;Sereno;Scarso;Buona;Ore Diurne;0;0;0;5;12.43653;41.80714;-1;2;Autovettura privata;In marcia / fermata / arresto;Passeggero;F;Illeso;0;;Non accertato;Inesploso
2917787;13;31/07/2016 07:10;Strada Urbana;VIALE DELLE REPUBBLICHE MARINARE;all'intersezione con;VIALE VASCO DE GAMA;VIALE VASCO DE GAMA;;;Scontro frontale/laterale DX fra veicoli in marcia;Incrocio;Due carreggiate;Asciutto;Asfaltata;Verticale ed orizzontale;Nebbia;Scarso;Sufficiente;Ore Diurne;1;0;0;1;12.26834;41.73532;-1;1;Autocarro inferiore 35 q.;In marcia / fermata / arresto;Conducente;M;Illeso;0;;Non accertato;Inesploso
2917787;13;31/07/2016 07:10;Strada Urbana;VIALE DELLE REPUBBLICHE MARINARE;all'intersezione con;VIALE VASCO DE GAMA;VIALE VASCO DE GAMA;;;Scontro frontale/laterale DX fra veicoli in marcia;Incrocio;Due carreggiate;Asciutto;Asfaltata;Verticale ed orizzontale;Nebbia;Scarso;Sufficiente;Ore Diurne;1;0;0;1;12.26834;41.73532;-1;2;Ciclomotore;In marcia / fermata / arresto;Conducente;F;Rimandato;0;NON DECEDUTO;Non accertato;
2917792;10;29/07/2016 09:20;Strada Urbana;PIAZZA FABIO SABATINI;all'intersezione con;VIA STEFANO OBERTO;VIA STEFANO OBERTO;;;Scontro laterale fra veicoli in marcia;Rotatoria;Una carreggiata a senso unico di marcia;Asciutto;Asfaltata;Verticale ed orizzontale;Sereno;Normale;Buona;Ore Diurne;0;0;0;2;12.59073;41.84709;-1;1;Autovettura privata;In marcia / fermata / arresto;Conducente;M;Illeso;0;;Non accertato;Inesploso
2917792;10;29/07/2016 09:20;Strada Urbana;PIAZZA FABIO SABATINI;all'intersezione con;VIA STEFANO OBERTO;VIA STEFANO OBERTO;;;Scontro laterale fra veicoli in marcia;Rotatoria;Una carreggiata a senso unico di marcia;Asciutto;Asfaltata;Verticale ed orizzontale;Sereno;Normale;Buona;Ore Diurne;0;0;0;2;12.59073;41.84709;-1;2;Autovettura privata;In marcia / fermata / arresto;Conducente;M;Illeso;0;;Non accertato;Inesploso
2917805;10;29/07/2016 22:20;Strada Urbana;VIA TUSCOLANA;in prossimità;;del civico n.;1164;;Tamponamento;Rettilineo;Due carreggiate;Asciutto;Asfaltata;Verticale ed orizzontale;Sereno;Scarso;Buona;Sufficiente;3;0;0;0;12.614;41.83252;-1;1;Autovettura privata;In marcia / fermata / arresto;Conducente;F;Rimandato;0;NON DECEDUTO;Non accertato;Esploso
2917805;10;29/07/2016 22:20;Strada Urbana;VIA TUSCOLANA;in prossimità;;del civico n.;1164;;Tamponamento;Rettilineo;Due carreggiate;Asciutto;Asfaltata;Verticale ed orizzontale;Sereno;Scarso;Buona;Sufficiente;3;0;0;0;12.614;41.83252;-1;1;Autovettura privata;In marcia / fermata / arresto;Passeggero;F;Rimandato;0;NON DECEDUTO;Non accertato;Inesploso
2917805;10;29/07/2016 22:20;Strada Urbana;VIA TUSCOLANA;in prossimità;;del civico n.;1164;;Tamponamento;Rettilineo;Due carreggiate;Asciutto;Asfaltata;Verticale ed orizzontale;Sereno;Scarso;Buona;Sufficiente;3;0;0;0;12.614;41.83252;-1;2;Autovettura privata;In marcia / fermata / arresto;Conducente;F;Rimandato;0;NON DECEDUTO;Non accertato;Esploso
2917834;12;31/07/2016 06:30;Regionale;VIA PONTINA;in prossimità;;della chilometrica;12.1;;Fuoriuscita dalla sede stradale;Rettilineo;Due carreggiate;Asciutto;Asfaltata;Verticale ed orizzontale;Sereno;Scarso;Buona;Ore Diurne;3;0;0;0;12.45196;41.79366;-1;1;Autovettura privata;In marcia / fermata / arresto;Conducente;M;Rimandato;0;NON DECEDUTO;Utilizzato;Esploso
2917834;12;31/07/2016 06:30;Regionale;VIA PONTINA;in prossimità;;della chilometrica;12.1;;Fuoriuscita dalla sede stradale;Rettilineo;Due carreggiate;Asciutto;Asfaltata;Verticale ed orizzontale;Sereno;Scarso;Buona;Ore Diurne;3;0;0;0;12.45196;41.79366;-1;1;Autovettura privata;In marcia / fermata / arresto;Passeggero;M;Rimandato;0;NON DECEDUTO;Utilizzato;Inesploso
2917866;10;30/07/2016 19:10;Strada Urbana;VIA DELLE CAPANNELLE;in prossimità;;del civico n.;201;;Tamponamento;Rettilineo;Una carreggiata a doppio senso;Asciutto;Asfaltata;Verticale ed orizzontale;Sereno;Normale;Buona;Ore Diurne;0;0;0;4;12.57278;41.84206;-1;1;Autovettura privata;In marcia / fermata / arresto;Conducente;M;Illeso;0;;Non accertato;Inesploso
2917866;10;30/07/2016 19:10;Strada Urbana;VIA DELLE CAPANNELLE;in prossimità;;del civico n.;201;;Tamponamento;Rettilineo;Una carreggiata a doppio senso;Asciutto;Asfaltata;Verticale ed orizzontale;Sereno;Normale;Buona;Ore Diurne;0;0;0;4;12.57278;41.84206;-1;1;Autovettura privata;In marcia / fermata / arresto;Passeggero;F;Illeso;0;;Non accertato;Inesploso
2917866;10;30/07/2016 19:10;Strada Urbana;VIA DELLE CAPANNELLE;in prossimità;;del civico n.;201;;Tamponamento;Rettilineo;Una carreggiata a doppio senso;Asciutto;Asfaltata;Verticale ed orizzontale;Sereno;Normale;Buona;Ore Diurne;0;0;0;4;12.57278;41.84206;-1;2;Autovettura privata;In marcia / fermata / arresto;Conducente;M;Illeso;0;;Non accertato;Inesploso
2917866;10;30/07/2016 19:10;Strada Urbana;VIA DELLE CAPANNELLE;in prossimità;;del civico n.;201;;Tamponamento;Rettilineo;Una carreggiata a doppio senso;Asciutto;Asfaltata;Verticale ed orizzontale;Sereno;Normale;Buona;Ore Diurne;0;0;0;4;12.57278;41.84206;-1;2;Autovettura privata;In marcia / fermata / arresto;Passeggero;F;Illeso;0;;Non accertato;Inesploso
2917963;8;31/07/2016 04:20;Strada Urbana;VIA DI ROCCA CENCIA;in corrispondenza;;del civico n.;26/28;;Fuoriuscita dalla sede stradale;Rettilineo;Una carreggiata a doppio senso;Asciutto;Asfaltata;Verticale ed orizzontale;Sereno;Scarso;Buona;Sufficiente;1;0;0;0;12.68779;41.86413;-1;1;Autovettura privata;In marcia / fermata / arresto;Conducente;M;Rifiuta cure immediate;0;NON DECEDUTO;Non accertato;Esploso
2917964;8;31/07/2016 01:30;Strada Urbana;VIA AVOLA;all'intersezione con;VIA SCILLATO;VIA SCILLATO;;;Veicolo in marcia contro ostacolo accidentale;Incrocio;Una carreggiata a doppio senso;Asciutto;Con buche;Verticale ed orizzontale;Sereno;Scarso;Buona;Sufficiente;0;0;0;1;12.65879;41.88398;-1;1;Autovettura privata;In marcia / fermata / arresto;Conducente;M;Illeso;0;;Non accertato;Inesploso
2917967;8;30/07/2016 12:15;Strada Urbana;VIA CASILINA;in corrispondenza;;del civico n.;1388;;Tamponamento;Rettilineo;Una carreggiata a doppio senso;Asciutto;Asfaltata;Verticale ed orizzontale;Sereno;Normale;Buona;Ore Diurne;1;0;0;2;12.61722;41.86308;-1;1;Autovettura privata;In marcia / fermata / arresto;Conducente;M;Illeso;0;;Non accertato;Inesploso
2917967;8;30/07/2016 12:15;Strada Urbana;VIA CASILINA;in corrispondenza;;del civico n.;1388;;Tamponamento;Rettilineo;Una carreggiata a doppio senso;Asciutto;Asfaltata;Verticale ed orizzontale;Sereno;Normale;Buona;Ore Diurne;1;0;0;2;12.61722;41.86308;-1;1;Autovettura privata;In marcia / fermata / arresto;Passeggero;M;Rimandato;0;NON DECEDUTO;Non accertato;Inesploso
2917967;8;30/07/2016 12:15;Strada Urbana;VIA CASILINA;in corrispondenza;;del civico n.;1388;;Tamponamento;Rettilineo;Una carreggiata a doppio senso;Asciutto;Asfaltata;Verticale ed orizzontale;Sereno;Normale;Buona;Ore Diurne;1;0;0;2;12.61722;41.86308;-1;2;Autovettura privata;In marcia / fermata / arresto;Conducente;M;Illeso;0;;Non accertato;Inesploso
2917969;8;30/07/2016 21:05;Strada Urbana;VIA DI ROCCA CENCIA;all'intersezione con;VIA PRENESTINA NUOVA;VIA PRENESTINA NUOVA;;;Scontro frontale fra veicoli in marcia;Incrocio;Una carreggiata a senso unico di marcia;Asciutto;Asfaltata;Verticale ed orizzontale;Sereno;Normale;Buona;Sufficiente;1;0;0;2;12.69576;41.88865;-1;1;Autovettura privata;In marcia / fermata / arresto;Conducente;F;Illeso;0;;Non accertato;Esploso
2917969;8;30/07/2016 21:05;Strada Urbana;VIA DI ROCCA CENCIA;all'intersezione con;VIA PRENESTINA NUOVA;VIA PRENESTINA NUOVA;;;Scontro frontale fra veicoli in marcia;Incrocio;Una carreggiata a senso unico di marcia;Asciutto;Asfaltata;Verticale ed orizzontale;Sereno;Normale;Buona;Sufficiente;1;0;0;2;12.69576;41.88865;-1;2;Autovettura di polizia;In marcia / fermata / arresto;Conducente;M;Rifiuta cure immediate;0;NON DECEDUTO;Non accertato;Inesploso
2917969;8;30/07/2016 21:05;Strada Urbana;VIA DI ROCCA CENCIA;all'intersezione con;VIA PRENESTINA NUOVA;VIA PRENESTINA NUOVA;;;Scontro frontale fra veicoli in marcia;Incrocio;Una carreggiata a senso unico di marcia;Asciutto;Asfaltata;Verticale ed orizzontale;Sereno;Normale;Buona;Sufficiente;1;0;0;2;12.69576;41.88865;-1;2;Autovettura di polizia;In marcia / fermata / arresto;Passeggero;M;Illeso;0;;Non accertato;Inesploso
2917971;8;30/07/2016 15:40;Strada Urbana;VIA POLENSE;in corrispondenza;;del civico n.;121;;Veicolo in marcia contro ostacolo accidentale;Rettilineo;Una carreggiata a doppio senso;Asciutto;Asfaltata;Assente;Sereno;Normale;Buona;Ore Diurne;0;0;0;2;12.70331;41.89584;-1;1;Autovettura privata;In marcia / fermata / arresto;Conducente;M;Illeso;0;;Non accertato;Inesploso
2917971;8;30/07/2016 15:40;Strada Urbana;VIA POLENSE;in corrispondenza;;del civico n.;121;;Veicolo in marcia contro ostacolo accidentale;Rettilineo;Una carreggiata a doppio senso;Asciutto;Asfaltata;Assente;Sereno;Normale;Buona;Ore Diurne;0;0;0;2;12.70331;41.89584;-1;1;Autovettura privata;In marcia / fermata / arresto;Passeggero;F;Illeso;0;;Non accertato;Inesploso
2917973;8;30/07/2016 15:35;Strada Urbana;VIA POLENSE;in corrispondenza;;del civico n.;121;;Veicolo in marcia contro ostacolo accidentale;Rettilineo;Una carreggiata a doppio senso;Asciutto;Asfaltata;Assente;Sereno;Scarso;Buona;Ore Diurne;0;0;0;1;12.70332;41.89584;-1;1;Autovettura privata;In marcia / fermata / arresto;Conducente;M;Illeso;0;;Non accertato;Inesploso
2917974;8;30/07/2016 11:10;Strada Urbana;VIA SICULIANA;da specificare;;;;fronte palo Acea 10;Veicolo in marcia contro ostacolo accidentale;Rettilineo;Una carreggiata a doppio senso;Asciutto;Asfaltata;Orizzontale;Sereno;Scarso;Buona;Ore Diurne;0;0;0;2;12.65379;41.87148;-1;1;Autovettura privata;In marcia / fermata / arresto;Conducente;M;Illeso;0;;Non accertato;Inesploso
2917974;8;30/07/2016 11:10;Strada Urbana;VIA SICULIANA;da specificare;;;;fronte palo Acea 10;Veicolo in marcia contro ostacolo accidentale;Rettilineo;Una carreggiata a doppio senso;Asciutto;Asfaltata;Orizzontale;Sereno;Scarso;Buona;Ore Diurne;0;0;0;2;12.65379;41.87148;-1;1;Autovettura privata;In marcia / fermata / arresto;Passeggero;M;Illeso;0;;Non accertato;Inesploso
2918007;20;31/07/2016 02:00;Strada Urbana;VIALE VAL PADANA;all'intersezione con;VIA VAL DI CHIENTI;VIA VAL DI CHIENTI;;;Scontro frontale/laterale DX fra veicoli in marcia;Intersezione non regolata/non segnalata;Due carreggiate;Asciutto;Asfaltata;Verticale;Sereno;Scarso;Buona;Sufficiente;0;0;0;9;12.52354;41.94271;-1;1;Autovettura privata;In marcia / fermata / arresto;Conducente;M;Illeso;0;;;
2918007;20;31/07/2016 02:00;Strada Urbana;VIALE VAL PADANA;all'intersezione con;VIA VAL DI CHIENTI;VIA VAL DI CHIENTI;;;Scontro frontale/laterale DX fra veicoli in marcia;Intersezione non regolata/non segnalata;Due carreggiate;Asciutto;Asfaltata;Verticale;Sereno;Scarso;Buona;Sufficiente;0;0;0;9;12.52354;41.94271;-1;1;Autovettura privata;In marcia / fermata / arresto;Passeggero;M;Illeso;0;;Non accertato;Inesploso
2918007;20;31/07/2016 02:00;Strada Urbana;VIALE VAL PADANA;all'intersezione con;VIA VAL DI CHIENTI;VIA VAL DI CHIENTI;;;Scontro frontale/laterale DX fra veicoli in marcia;Intersezione non regolata/non segnalata;Due carreggiate;Asciutto;Asfaltata;Verticale;Sereno;Scarso;Buona;Sufficiente;0;0;0;9;12.52354;41.94271;-1;1;Autovettura privata;In marcia / fermata / arresto;Passeggero;F;Illeso;0;;Non accertato;Inesploso
2918007;20;31/07/2016 02:00;Strada Urbana;VIALE VAL PADANA;all'intersezione con;VIA VAL DI CHIENTI;VIA VAL DI CHIENTI;;;Scontro frontale/laterale DX fra veicoli in marcia;Intersezione non regolata/non segnalata;Due carreggiate;Asciutto;Asfaltata;Verticale;Sereno;Scarso;Buona;Sufficiente;0;0;0;9;12.52354;41.94271;-1;1;Autovettura privata;In marcia / fermata / arresto;Passeggero;F;Illeso;0;;Non accertato;Inesploso
2918007;20;31/07/2016 02:00;Strada Urbana;VIALE VAL PADANA;all'intersezione con;VIA VAL DI CHIENTI;VIA VAL DI CHIENTI;;;Scontro frontale/laterale DX fra veicoli in marcia;Intersezione non regolata/non segnalata;Due carreggiate;Asciutto;Asfaltata;Verticale;Sereno;Scarso;Buona;Sufficiente;0;0;0;9;12.52354;41.94271;-1;2;Autovettura privata;In marcia / fermata / arresto;Conducente;M;Illeso;0;;Non accertato;Inesploso
2918007;20;31/07/2016 02:00;Strada Urbana;VIALE VAL PADANA;all'intersezione con;VIA VAL DI CHIENTI;VIA VAL DI CHIENTI;;;Scontro frontale/laterale DX fra veicoli in marcia;Intersezione non regolata/non segnalata;Due carreggiate;Asciutto;Asfaltata;Verticale;Sereno;Scarso;Buona;Sufficiente;0;0;0;9;12.52354;41.94271;-1;2;Autovettura privata;In marcia / fermata / arresto;Passeggero;M;Illeso;0;;Non accertato;Inesploso
2918007;20;31/07/2016 02:00;Strada Urbana;VIALE VAL PADANA;all'intersezione con;VIA VAL DI CHIENTI;VIA VAL DI CHIENTI;;;Scontro frontale/laterale DX fra veicoli in marcia;Intersezione non regolata/non segnalata;Due carreggiate;Asciutto;Asfaltata;Verticale;Sereno;Scarso;Buona;Sufficiente;0;0;0;9;12.52354;41.94271;-1;2;Autovettura privata;In marcia / fermata / arresto;Passeggero;M;Illeso;0;;Non accertato;Inesploso
2918007;20;31/07/2016 02:00;Strada Urbana;VIALE VAL PADANA;all'intersezione con;VIA VAL DI CHIENTI;VIA VAL DI CHIENTI;;;Scontro frontale/laterale DX fra veicoli in marcia;Intersezione non regolata/non segnalata;Due carreggiate;Asciutto;Asfaltata;Verticale;Sereno;Scarso;Buona;Sufficiente;0;0;0;9;12.52354;41.94271;-1;2;Autovettura privata;In marcia / fermata / arresto;Passeggero;F;Illeso;0;;Non accertato;Inesploso
2918048;7;29/07/2016 17:10;Strada Urbana;VIALE PALMIRO TOGLIATTI;all'intersezione semaforizzata con;PIAZZALE PINO PASCALI;PIAZZALE PINO PASCALI;;;Scontro frontale/laterale SX fra veicoli in marcia;Intersezione semaforizzata;Una carreggiata a doppio senso;Asciutto;Asfaltata;Verticale ed orizzontale;Sereno;Normale;Buona;Ore Diurne;1;0;0;1;12.57586;41.89724;-1;1;Autovettura privata;In marcia / fermata / arresto;Conducente;F;Rimandato;0;NON DECEDUTO;Non accertato;Inesploso
2918048;7;29/07/2016 17:10;Strada Urbana;VIALE PALMIRO TOGLIATTI;all'intersezione semaforizzata con;PIAZZALE PINO PASCALI;PIAZZALE PINO PASCALI;;;Scontro frontale/laterale SX fra veicoli in marcia;Intersezione semaforizzata;Una carreggiata a doppio senso;Asciutto;Asfaltata;Verticale ed orizzontale;Sereno;Normale;Buona;Ore Diurne;1;0;0;1;12.57586;41.89724;-1;2;Autovettura privata;In marcia / fermata / arresto;Conducente;M;Illeso;0;;Non accertato;Esploso
2918049;7;30/07/2016 19:50;Strada Urbana;VIA DEI PLATANI;all'intersezione con;VIA DEGLI ONTANI;VIA DEGLI ONTANI;;;Scontro frontale/laterale SX fra veicoli in marcia;Incrocio;Una carreggiata a doppio senso;Asciutto;Asfaltata;Verticale ed orizzontale;Sereno;Scarso;Buona;Ore Diurne;0;0;0;2;12.57134;41.88092;-1;1;Autovettura privata;In marcia / fermata / arresto;Conducente;F;Illeso;0;;Non accertato;Inesploso
2918049;7;30/07/2016 19:50;Strada Urbana;VIA DEI PLATANI;all'intersezione con;VIA DEGLI ONTANI;VIA DEGLI ONTANI;;;Scontro frontale/laterale SX fra veicoli in marcia;Incrocio;Una carreggiata a doppio senso;Asciutto;Asfaltata;Verticale ed orizzontale;Sereno;Scarso;Buona;Ore Diurne;0;0;0;2;12.57134;41.88092;-1;2;Autovettura privata;In marcia / fermata / arresto;Conducente;M;Illeso;0;;Non accertato;Inesploso
2918051;13;30/07/2016 09:50;Strada Urbana;VIA PIETRO ROSA;all'intersezione con;CORSO REGINA MARIA PIA;CORSO REGINA MARIA PIA;;;Scontro frontale/laterale SX fra veicoli in marcia;Incrocio;Una carreggiata a doppio senso;Asciutto;Asfaltata;Verticale ed orizzontale;Sereno;Normale;Buona;Ore Diurne;0;0;0;3;12.2845;41.72952;-1;1;Autovettura privata;In marcia / fermata / arresto;Conducente;M;Illeso;0;;Non accertato;Inesploso